path,stage,dim,mean,var
image,sliced,0,-0.020168,0.04683307
image,sliced,1,-0.001347,0.04513368
image,sliced,2,-0.011845,0.04860133
image,sliced,3,-0.005784,0.04186367
image,sliced,4,0.00206,0.03770382
image,sliced,5,0.016996,0.05079077
image,sliced,6,0.022209,0.04600896
image,sliced,7,0.015156,0.04956517
image,sliced,8,0.004382,0.02350171
image,sliced,9,-0.001373,0.02057165
image,sliced,10,-0.013907,0.02321136
image,sliced,11,-0.004361,0.02259692
image,sliced,12,0.006608,0.02205399
image,sliced,13,0.000479,0.02102664
image,sliced,14,-0.016757,0.02439486
image,sliced,15,-0.00392,0.02363002
image,sliced,16,0.000784,0.01603419
image,sliced,17,-0.010945,0.01556429
image,sliced,18,0.007017,0.01590461
image,sliced,19,-0.007651,0.01527687
image,sliced,20,0.004841,0.01604372
image,sliced,21,0.002078,0.01647478
image,sliced,22,-0.000986,0.01625793
image,sliced,23,-0.010245,0.0172649
image,sliced,24,-0.016316,0.01663158
image,sliced,25,-0.0085,0.01657099
image,sliced,26,-0.011405,0.01706635
image,sliced,27,0.01803,0.01662876
image,sliced,28,-0.007328,0.01681167
image,sliced,29,-0.013295,0.01695872
image,sliced,30,0.01219,0.01658048
image,sliced,31,0.016647,0.0173062
image,sliced,32,0.016589,0.01419525
image,sliced,33,-0.004271,0.01747472
image,sliced,34,0.009424,0.01378111
image,sliced,35,0.002129,0.0137751
image,sliced,36,-0.00931,0.02062383
image,sliced,37,0.003247,0.01669939
image,sliced,38,0.006423,0.01642558
image,sliced,39,0.020465,0.01795488
image,sliced,40,-0.006163,0.0157581
image,sliced,41,-0.009627,0.01674063
image,sliced,42,-0.006976,0.01539428
image,sliced,43,-0.001847,0.0161644
image,sliced,44,-0.00755,0.01407437
image,sliced,45,-0.020096,0.01464612
image,sliced,46,0.010015,0.01657418
image,sliced,47,0.013881,0.01486745
image,sliced,48,0.017716,0.01674393
image,sliced,49,-0.004761,0.0148632
image,sliced,50,0.008634,0.01468919
image,sliced,51,-0.004127,0.01578353
image,sliced,52,-0.004534,0.01436172
image,sliced,53,0.008974,0.01439341
image,sliced,54,0.013236,0.01815808
image,sliced,55,0.002989,0.01404968
image,sliced,56,-0.015737,0.0163139
image,sliced,57,-0.017758,0.01204495
image,sliced,58,-0.008946,0.0141719
image,sliced,59,0.001878,0.01562103
image,sliced,60,0.004918,0.01604564
image,sliced,61,0.016954,0.01427416
image,sliced,62,0.004175,0.01958597
image,sliced,63,-0.000315,0.01483986
image,sliced,64,0.001848,0.01679286
image,sliced,65,0.001365,0.01729989
image,sliced,66,-0.014434,0.02119777
image,sliced,67,0.018786,0.01813114
image,sliced,68,0.000226,0.0179262
image,sliced,69,-0.011278,0.01549599
image,sliced,70,0.018738,0.01745478
image,sliced,71,-0.009704,0.0169949
image,sliced,72,0.008007,0.01454766
image,sliced,73,-0.00523,0.01856478
image,sliced,74,-0.012647,0.01725194
image,sliced,75,-0.010451,0.01440971
image,sliced,76,-0.006295,0.01516254
image,sliced,77,-0.008945,0.01710384
image,sliced,78,0.005301,0.01668239
image,sliced,79,0.001939,0.01507711
image,sliced,80,-0.004832,0.0159057
image,sliced,81,-0.00914,0.01551601
image,sliced,82,0.002868,0.01568838
image,sliced,83,-0.000243,0.01768954
image,sliced,84,-0.017252,0.01753294
image,sliced,85,-0.008711,0.01783417
image,sliced,86,-0.009336,0.01592016
image,sliced,87,0.012212,0.01604834
image,sliced,88,0.014039,0.01725495
image,sliced,89,0.008912,0.01571831
image,sliced,90,-0.011571,0.01555066
image,sliced,91,0.021714,0.01595489
image,sliced,92,0.002057,0.0164789
image,sliced,93,-0.026579,0.01966513
image,sliced,94,-0.010119,0.01835002
image,sliced,95,0.004441,0.01854491
image,sliced,96,-0.00359,0.01393056
image,sliced,97,0.002522,0.02173234
image,sliced,98,-0.009175,0.01709437
image,sliced,99,0.002092,0.01720371
image,sliced,100,-0.006991,0.01490894
image,sliced,101,0.001017,0.01584737
image,sliced,102,0.011769,0.01598705
image,sliced,103,0.009493,0.02253215
image,sliced,104,0.007316,0.01633113
image,sliced,105,0.001484,0.01576934
image,sliced,106,0.007358,0.01932853
image,sliced,107,0.004491,0.01342089
image,sliced,108,-0.000744,0.01617102
image,sliced,109,9.4e-05,0.01820624
image,sliced,110,-0.006244,0.01714619
image,sliced,111,0.015775,0.01550939
image,sliced,112,-0.011837,0.0143885
image,sliced,113,-0.000243,0.01535345
image,sliced,114,-0.004284,0.01668197
image,sliced,115,-0.003457,0.01508486
image,sliced,116,0.004109,0.01622106
image,sliced,117,0.004563,0.01375568
image,sliced,118,-0.004122,0.01615823
image,sliced,119,-0.001344,0.01424731
image,sliced,120,-0.008351,0.0158213
image,sliced,121,0.000754,0.01584825
image,sliced,122,0.008576,0.01945891
image,sliced,123,0.006725,0.01799227
image,sliced,124,-0.005621,0.01583244
image,sliced,125,-0.016124,0.01926241
image,sliced,126,-0.001963,0.01624528
image,sliced,127,-0.009986,0.01693239
image,sliced,128,0.002826,0.01659842
image,sliced,129,0.010666,0.0149226
image,sliced,130,0.002917,0.01865887
image,sliced,131,-0.001665,0.01469809
image,sliced,132,-0.008939,0.01715481
image,sliced,133,-0.007166,0.01513886
image,sliced,134,0.007358,0.01470881
image,sliced,135,-0.005789,0.01874458
image,sliced,136,0.001449,0.01804795
image,sliced,137,-0.001144,0.01670869
image,sliced,138,0.010229,0.0158346
image,sliced,139,-0.002488,0.01674795
image,sliced,140,-0.00528,0.01878305
image,sliced,141,-0.003906,0.01983805
image,sliced,142,0.005425,0.01872549
image,sliced,143,0.000525,0.01441279
image,sliced,144,0.003264,0.01630572
image,sliced,145,-0.012088,0.01392666
image,sliced,146,-0.022289,0.01947169
image,sliced,147,0.008216,0.01344087
image,sliced,148,0.002978,0.01644825
image,sliced,149,0.001797,0.01649854
image,sliced,150,-0.000825,0.01927014
image,sliced,151,-0.009547,0.01486843
image,sliced,152,0.001561,0.01731862
image,sliced,153,-0.006325,0.0133847
image,sliced,154,0.014023,0.01530897
image,sliced,155,-0.002097,0.01715372
image,sliced,156,-0.003158,0.01604047
image,sliced,157,0.005284,0.01655458
image,sliced,158,0.001143,0.01898715
image,sliced,159,-0.009343,0.0161336
image,sliced,160,0.003999,0.01730835
image,sliced,161,0.004197,0.01838776
image,sliced,162,-0.00175,0.01547106
image,sliced,163,-0.005559,0.01697748
image,sliced,164,-0.011294,0.0138051
image,sliced,165,0.00206,0.01607903
image,sliced,166,-0.012183,0.01612193
image,sliced,167,0.0155,0.02068683
image,sliced,168,-0.009192,0.01932055
image,sliced,169,-0.004388,0.01578948
image,sliced,170,0.00826,0.0160284
image,sliced,171,-0.009257,0.02052367
image,sliced,172,0.006865,0.01697255
image,sliced,173,-0.01174,0.01656073
image,sliced,174,-0.001261,0.01754926
image,sliced,175,-0.015044,0.01664978
image,sliced,176,0.001324,0.01555797
image,sliced,177,-0.0139,0.01460581
image,sliced,178,0.012489,0.01643282
image,sliced,179,-0.011293,0.01506546
image,sliced,180,0.017108,0.01733443
image,sliced,181,0.000742,0.02045782
image,sliced,182,-0.003524,0.01533568
image,sliced,183,0.002559,0.017633
image,sliced,184,-0.0132,0.01722287
image,sliced,185,0.002541,0.01546075
image,sliced,186,-0.008062,0.01832735
image,sliced,187,0.024714,0.01582821
image,sliced,188,0.001954,0.01815944
image,sliced,189,0.018263,0.01752775
image,sliced,190,0.01338,0.01660353
image,sliced,191,0.007397,0.01474574
image,sliced,192,0.006347,0.01337529
image,sliced,193,-0.011642,0.0152776
image,sliced,194,-0.008695,0.01512634
image,sliced,195,0.013689,0.01803494
image,sliced,196,-0.000637,0.01432796
image,sliced,197,-0.000624,0.01432088
image,sliced,198,-0.005358,0.01869988
image,sliced,199,-0.000839,0.01426151
image,sliced,200,-0.006829,0.01451858
image,sliced,201,0.001993,0.01518035
image,sliced,202,-0.000555,0.01554019
image,sliced,203,-0.003782,0.0141896
image,sliced,204,0.008207,0.01713036
image,sliced,205,0.001897,0.01726221
image,sliced,206,-0.000259,0.01517994
image,sliced,207,-0.004778,0.02440937
image,sliced,208,0.004631,0.01765494
image,sliced,209,0.006811,0.02021436
image,sliced,210,0.000208,0.01763191
image,sliced,211,-0.002992,0.01402855
image,sliced,212,-0.002978,0.0152846
image,sliced,213,0.010916,0.02141475
image,sliced,214,-0.015139,0.01667858
image,sliced,215,0.018104,0.01905975
image,sliced,216,0.015522,0.01572004
image,sliced,217,0.011716,0.01604891
image,sliced,218,0.00314,0.01959664
image,sliced,219,0.011892,0.01453495
image,sliced,220,-0.021368,0.02019141
image,sliced,221,-0.009697,0.01789112
image,sliced,222,-0.007675,0.016534
image,sliced,223,-0.009112,0.01563992
image,sliced,224,-0.006706,0.01644595
image,sliced,225,-0.000698,0.01507204
image,sliced,226,0.000922,0.01972846
image,sliced,227,0.003456,0.01849844
image,sliced,228,-0.009743,0.01479598
image,sliced,229,0.004555,0.01655688
image,sliced,230,-0.014265,0.01637542
image,sliced,231,-0.009896,0.01773857
image,sliced,232,-0.003042,0.01272979
image,sliced,233,-0.01337,0.01591437
image,sliced,234,-0.00015,0.0151836
image,sliced,235,-0.008271,0.01518563
image,sliced,236,0.010293,0.01651387
image,sliced,237,0.010656,0.01567665
image,sliced,238,-0.013035,0.01524232
image,sliced,239,-0.001313,0.01366641
image,sliced,240,0.013586,0.01682531
image,sliced,241,-0.009517,0.01496538
image,sliced,242,-0.003091,0.01873455
image,sliced,243,0.020272,0.02474326
image,sliced,244,0.008839,0.01986556
image,sliced,245,-0.007016,0.01549064
image,sliced,246,0.004332,0.01358095
image,sliced,247,0.005297,0.01974745
image,sliced,248,0.008194,0.01470299
image,sliced,249,-0.016809,0.01544052
image,sliced,250,0.00069,0.01486329
image,sliced,251,-0.006364,0.01569797
image,sliced,252,-0.016318,0.01744659
image,sliced,253,0.002126,0.01775269
image,sliced,254,0.005218,0.01487361
image,sliced,255,0.011456,0.01833892
image,sliced,256,0.02489,0.01512689
image,sliced,257,0.011627,0.01798146
image,sliced,258,-0.026827,0.01786001
image,sliced,259,-0.00477,0.01680791
image,sliced,260,0.001004,0.01550221
image,sliced,261,-0.018591,0.01807248
image,sliced,262,0.000419,0.02368565
image,sliced,263,-0.000591,0.01553856
image,sliced,264,0.002605,0.01639099
image,sliced,265,-0.004621,0.01651809
image,sliced,266,0.001478,0.01731587
image,sliced,267,0.005888,0.01547684
image,sliced,268,0.003875,0.01503632
image,sliced,269,0.00231,0.01555714
image,sliced,270,0.002746,0.01923294
image,sliced,271,0.006685,0.01584356
image,sliced,272,0.012805,0.01643963
image,sliced,273,0.017737,0.01524055
image,sliced,274,0.0029,0.01727652
image,sliced,275,-0.002579,0.01632783
image,sliced,276,-0.000828,0.01838063
image,sliced,277,0.033562,0.01997163
image,sliced,278,0.004461,0.01771069
image,sliced,279,-0.014821,0.01535674
image,sliced,280,0.002766,0.0192594
image,sliced,281,-0.000393,0.01403497
image,sliced,282,0.003563,0.01555581
image,sliced,283,-0.026772,0.01653244
image,sliced,284,-0.003201,0.01402124
image,sliced,285,-0.007432,0.0187542
image,sliced,286,0.007918,0.01549601
image,sliced,287,-0.005166,0.01812694
image,sliced,288,-0.003696,0.01520668
image,sliced,289,0.002108,0.01585307
image,sliced,290,0.001679,0.01514743
image,sliced,291,0.00186,0.01985001
image,sliced,292,-0.006088,0.01602444
image,sliced,293,0.005507,0.01500902
image,sliced,294,0.005632,0.01293199
image,sliced,295,-0.013512,0.02241253
image,sliced,296,-0.027647,0.01311536
image,sliced,297,0.010648,0.01886686
image,sliced,298,-0.011027,0.01706594
image,sliced,299,-0.005845,0.01349256
image,sliced,300,0.003236,0.01336141
image,sliced,301,0.011102,0.01447718
image,sliced,302,0.00081,0.01560296
image,sliced,303,-0.007832,0.02012532
image,sliced,304,0.013182,0.01976156
image,sliced,305,-0.018193,0.01789105
image,sliced,306,-0.004996,0.01700422
image,sliced,307,-0.003293,0.01380917
image,sliced,308,0.008914,0.01592419
image,sliced,309,0.007127,0.01615397
image,sliced,310,0.010561,0.01734401
image,sliced,311,-0.008232,0.01860516
image,sliced,312,0.00187,0.01404041
image,sliced,313,-0.002915,0.0153579
image,sliced,314,0.007608,0.01649901
image,sliced,315,0.002338,0.01746121
image,sliced,316,0.016494,0.02325715
image,sliced,317,0.006481,0.01654487
image,sliced,318,-0.007903,0.01575297
image,sliced,319,0.012065,0.01617641
image,sliced,320,-0.002756,0.02314874
image,sliced,321,0.001403,0.01667128
image,sliced,322,0.006382,0.01596639
image,sliced,323,0.004438,0.01633715
image,sliced,324,-0.003681,0.0164734
image,sliced,325,-0.01436,0.01607361
image,sliced,326,0.013012,0.01883772
image,sliced,327,0.002114,0.01244759
image,sliced,328,0.016013,0.0244309
image,sliced,329,0.007824,0.0154598
image,sliced,330,0.004732,0.01639461
image,sliced,331,0.000851,0.01728244
image,sliced,332,-0.001937,0.01365742
image,sliced,333,-0.00601,0.01760986
image,sliced,334,-0.00852,0.01201173
image,sliced,335,0.001669,0.0168711
image,sliced,336,-0.006575,0.01963168
image,sliced,337,0.007118,0.01600761
image,sliced,338,0.003996,0.01814719
image,sliced,339,0.008453,0.0160778
image,sliced,340,0.002545,0.0209139
image,sliced,341,0.001165,0.01650794
image,sliced,342,-0.010682,0.01639962
image,sliced,343,-0.001265,0.01761611
image,sliced,344,0.002333,0.01897305
image,sliced,345,-0.004091,0.01786778
image,sliced,346,-0.005927,0.0133676
image,sliced,347,0.000125,0.01371153
image,sliced,348,-0.002552,0.01544196
image,sliced,349,-0.004645,0.0146456
image,sliced,350,0.0026,0.02375315
image,sliced,351,-0.011932,0.01950737
image,sliced,352,-0.00168,0.01772198
image,sliced,353,0.014744,0.02113657
image,sliced,354,0.008734,0.01694691
image,sliced,355,-0.006147,0.01341976
image,sliced,356,-8.3e-05,0.01534264
image,sliced,357,-0.000208,0.01735339
image,sliced,358,0.002275,0.01688184
image,sliced,359,0.010287,0.01428867
image,sliced,360,0.007485,0.01492211
image,sliced,361,-0.005828,0.02125244
image,sliced,362,0.004286,0.01604313
image,sliced,363,-0.007144,0.02091774
image,sliced,364,-0.018914,0.01598448
image,sliced,365,-0.001771,0.01396757
image,sliced,366,-0.0035,0.01532225
image,sliced,367,0.004202,0.01519309
image,sliced,368,0.015334,0.01514146
image,sliced,369,0.012563,0.01491497
image,sliced,370,0.0001,0.01417672
image,sliced,371,-0.006452,0.01675048
image,sliced,372,0.001564,0.01678699
image,sliced,373,0.004508,0.01466103
image,sliced,374,-0.008467,0.01840606
image,sliced,375,0.000505,0.0148255
image,sliced,376,0.022444,0.01739479
image,sliced,377,-0.008749,0.01688807
image,sliced,378,0.009985,0.01474766
image,sliced,379,-0.002872,0.01608753
image,sliced,380,0.002241,0.01454292
image,sliced,381,-0.004041,0.01322412
image,sliced,382,-0.004877,0.02364409
image,sliced,383,-0.00231,0.01828976
image,sliced,384,-0.009868,0.01547839
image,sliced,385,-0.007333,0.01552571
image,sliced,386,0.003511,0.01818925
image,sliced,387,0.002639,0.02520761
image,sliced,388,-0.004515,0.01880862
image,sliced,389,0.001815,0.01750465
image,sliced,390,-0.002621,0.01681737
image,sliced,391,-0.00055,0.01531512
image,sliced,392,-0.011973,0.01310975
image,sliced,393,0.012099,0.01385226
image,sliced,394,-0.021546,0.02149896
image,sliced,395,-0.008241,0.02386684
image,sliced,396,0.002814,0.01710014
image,sliced,397,-0.009683,0.02391266
image,sliced,398,0.003434,0.01584986
image,sliced,399,-0.019013,0.01561863
image,sliced,400,-0.005743,0.01651419
image,sliced,401,0.008463,0.01664455
image,sliced,402,-0.015776,0.01745025
image,sliced,403,0.013457,0.01672386
image,sliced,404,0.003927,0.01360987
image,sliced,405,-0.02204,0.01584219
image,sliced,406,0.007296,0.01678597
image,sliced,407,-0.002032,0.01647316
image,sliced,408,0.00607,0.01565696
image,sliced,409,0.010487,0.01839839
image,sliced,410,-0.013159,0.0177607
image,sliced,411,-0.001115,0.01213817
image,sliced,412,0.008151,0.01516395
image,sliced,413,0.001606,0.02570853
image,sliced,414,0.005595,0.01467582
image,sliced,415,-0.001053,0.01486256
image,sliced,416,-0.004624,0.02012516
image,sliced,417,-0.010334,0.01674091
image,sliced,418,0.005462,0.01397002
image,sliced,419,0.008698,0.0178437
image,sliced,420,0.011143,0.01710873
image,sliced,421,0.008651,0.01457909
image,sliced,422,-0.01927,0.02236022
image,sliced,423,-0.004809,0.01388836
image,sliced,424,-0.000892,0.01681676
image,sliced,425,-0.014594,0.01694509
image,sliced,426,-0.002054,0.01489058
image,sliced,427,-0.005546,0.01477512
image,sliced,428,0.006264,0.01537278
image,sliced,429,-0.006555,0.017366
image,sliced,430,0.007713,0.02398247
image,sliced,431,-0.001969,0.01774007
image,sliced,432,0.006117,0.01324554
image,sliced,433,0.001105,0.02031138
image,sliced,434,-0.00412,0.02473407
image,sliced,435,0.008775,0.01991547
image,sliced,436,-0.011471,0.01527475
image,sliced,437,0.002613,0.01429279
image,sliced,438,-0.003345,0.02014935
image,sliced,439,0.007538,0.01654269
image,sliced,440,0.005907,0.0153574
image,sliced,441,-0.00808,0.01463388
image,sliced,442,-0.013789,0.02133486
image,sliced,443,-0.00669,0.01470724
image,sliced,444,0.004017,0.02413194
image,sliced,445,0.008696,0.0146627
image,sliced,446,-0.001971,0.01393746
image,sliced,447,-0.003958,0.01398208
image,sliced,448,0.000704,0.01297101
image,sliced,449,-0.018524,0.01940983
image,sliced,450,0.0011,0.01485727
image,sliced,451,0.004177,0.02401035
image,sliced,452,0.002543,0.01953365
image,sliced,453,0.002029,0.0171748
image,sliced,454,0.00614,0.01621723
image,sliced,455,0.006856,0.0191559
image,sliced,456,0.00424,0.01451118
image,sliced,457,0.011731,0.01355615
image,sliced,458,-0.001685,0.01857183
image,sliced,459,0.000824,0.01428941
image,sliced,460,0.009262,0.01406933
image,sliced,461,-0.004919,0.01674385
image,sliced,462,-0.016312,0.01593135
image,sliced,463,-0.003958,0.01652999
image,sliced,464,-0.010063,0.0161794
image,sliced,465,-0.016157,0.01417178
image,sliced,466,0.014889,0.01805356
image,sliced,467,0.007189,0.01973708
image,sliced,468,6e-06,0.01450641
image,sliced,469,-0.004889,0.016851
image,sliced,470,-0.008296,0.01629104
image,sliced,471,-0.003266,0.01795823
image,sliced,472,0.005984,0.02450352
image,sliced,473,-0.011486,0.0176162
image,sliced,474,0.001238,0.0150745
image,sliced,475,0.008417,0.01487315
image,sliced,476,0.011447,0.01705836
image,sliced,477,-0.004114,0.01318762
image,sliced,478,0.002522,0.01653394
image,sliced,479,-0.023589,0.01481811
image,sliced,480,0.004445,0.01394608
image,sliced,481,-0.014002,0.0167611
image,sliced,482,-0.02043,0.01603421
image,sliced,483,0.004579,0.01642882
image,sliced,484,-0.011849,0.01565153
image,sliced,485,0.003045,0.01695862
image,sliced,486,-0.003377,0.01310725
image,sliced,487,-0.006545,0.01519603
image,sliced,488,0.014174,0.01775342
image,sliced,489,-0.006321,0.01746657
image,sliced,490,0.007197,0.02328839
image,sliced,491,0.003996,0.01508307
image,sliced,492,0.00293,0.01726463
image,sliced,493,0.008555,0.01655835
image,sliced,494,-0.018735,0.012038
image,sliced,495,-0.005913,0.02570316
image,sliced,496,0.003129,0.01808724
image,sliced,497,-0.010385,0.01720183
image,sliced,498,0.002253,0.01462003
image,sliced,499,0.006786,0.02208611
image,sliced,500,-0.014501,0.01453358
image,sliced,501,-0.007434,0.0150747
image,sliced,502,0.006902,0.01331492
image,sliced,503,0.014945,0.01343471
image,sliced,504,0.011568,0.01412049
image,sliced,505,0.006699,0.01949103
image,sliced,506,-0.012018,0.01762748
image,sliced,507,-0.003764,0.02237979
image,sliced,508,0.006156,0.01486059
image,sliced,509,-0.001161,0.02095254
image,sliced,510,-0.010321,0.01468254
image,sliced,511,-0.018252,0.01540089
image,sliced,512,-0.003599,0.00977038
image,sliced,513,0.008299,0.0123699
image,sliced,514,0.007476,0.0095736
image,sliced,515,-0.00299,0.00912702
image,sliced,516,-0.00587,0.01144763
image,sliced,517,-0.022315,0.00896523
image,sliced,518,-0.005447,0.00856841
image,sliced,519,0.006824,0.00903102
image,sliced,520,0.006627,0.01010603
image,sliced,521,0.010656,0.00902168
image,sliced,522,-0.00415,0.00900762
image,sliced,523,0.001384,0.00844341
image,sliced,524,0.007896,0.00754536
image,sliced,525,0.003569,0.01146628
image,sliced,526,-0.011066,0.00826388
image,sliced,527,0.020719,0.01497723
image,sliced,528,0.006969,0.00839587
image,sliced,529,0.007253,0.01012515
image,sliced,530,0.009559,0.01045884
image,sliced,531,0.005685,0.01033059
image,sliced,532,0.009859,0.00974987
image,sliced,533,-0.004487,0.01117766
image,sliced,534,0.00501,0.01022705
image,sliced,535,-0.009956,0.00926275
image,sliced,536,-0.011188,0.00788599
image,sliced,537,0.000941,0.00862686
image,sliced,538,-0.007256,0.01062733
image,sliced,539,0.008027,0.00940873
image,sliced,540,0.013846,0.01033023
image,sliced,541,0.004724,0.01036236
image,sliced,542,0.01619,0.01248088
image,sliced,543,0.01184,0.00949993
image,sliced,544,-0.002033,0.00975343
image,sliced,545,-0.009683,0.00996074
image,sliced,546,-0.005022,0.0086868
image,sliced,547,0.007447,0.00883747
image,sliced,548,-0.012389,0.00824655
image,sliced,549,-0.00784,0.00911039
image,sliced,550,-0.007276,0.00844589
image,sliced,551,0.001565,0.00949477
image,sliced,552,-0.000259,0.00967805
image,sliced,553,-0.026978,0.00815577
image,sliced,554,-0.008943,0.01539275
image,sliced,555,-0.005478,0.00994175
image,sliced,556,0.00402,0.00890554
image,sliced,557,0.002782,0.01331588
image,sliced,558,-0.009006,0.00870784
image,sliced,559,-0.000405,0.00837785
image,sliced,560,0.002397,0.00952053
image,sliced,561,0.009465,0.00860517
image,sliced,562,-0.001208,0.00952216
image,sliced,563,-0.007181,0.00967647
image,sliced,564,-0.00755,0.00785208
image,sliced,565,0.011101,0.00827407
image,sliced,566,-0.005112,0.00867688
image,sliced,567,-0.002804,0.00898645
image,sliced,568,0.014298,0.01003449
image,sliced,569,0.000845,0.00888351
image,sliced,570,0.005579,0.0091711
image,sliced,571,0.004005,0.00922731
image,sliced,572,-0.015081,0.0103623
image,sliced,573,-0.002931,0.00859366
image,sliced,574,-0.006544,0.00856757
image,sliced,575,0.007768,0.01153477
image,sliced,576,-0.004211,0.00935678
image,sliced,577,-0.00719,0.00943353
image,sliced,578,-0.004408,0.01360068
image,sliced,579,0.011052,0.01073804
image,sliced,580,-0.003879,0.01039651
image,sliced,581,-0.005447,0.00880843
image,sliced,582,-0.020067,0.00855988
image,sliced,583,0.015387,0.00769443
image,sliced,584,0.000489,0.00921241
image,sliced,585,0.011927,0.00918803
image,sliced,586,-0.003551,0.00978423
image,sliced,587,0.005858,0.0104102
image,sliced,588,-0.01489,0.00890656
image,sliced,589,0.000467,0.0079433
image,sliced,590,-0.000608,0.00960944
image,sliced,591,0.001398,0.01334186
image,sliced,592,0.004155,0.01015392
image,sliced,593,0.008562,0.00940427
image,sliced,594,-0.007523,0.00893877
image,sliced,595,-0.002142,0.00937587
image,sliced,596,0.023098,0.00846622
image,sliced,597,0.001347,0.00789575
image,sliced,598,-0.013321,0.00852391
image,sliced,599,-0.009199,0.00904635
image,sliced,600,0.004646,0.00828171
image,sliced,601,0.000787,0.00845336
image,sliced,602,0.002599,0.0085975
image,sliced,603,0.000922,0.00929307
image,sliced,604,-0.012652,0.00906917
image,sliced,605,0.004869,0.00948718
image,sliced,606,-0.007602,0.0092992
image,sliced,607,-0.009302,0.01018131
image,sliced,608,0.013353,0.01130883
image,sliced,609,0.01477,0.01026962
image,sliced,610,-0.01465,0.00837457
image,sliced,611,-0.000602,0.0108602
image,sliced,612,0.010302,0.00885823
image,sliced,613,-0.004534,0.01102141
image,sliced,614,-0.006408,0.00982089
image,sliced,615,-0.009333,0.01117898
image,sliced,616,0.003223,0.01102313
image,sliced,617,-0.005057,0.01095351
image,sliced,618,-0.001564,0.00903769
image,sliced,619,-0.01711,0.01153665
image,sliced,620,0.001706,0.01036289
image,sliced,621,-0.005184,0.00822976
image,sliced,622,-0.011461,0.01190306
image,sliced,623,-0.000439,0.00828238
image,sliced,624,0.010112,0.01052902
image,sliced,625,0.006573,0.01297023
image,sliced,626,-0.006423,0.01106978
image,sliced,627,0.001613,0.00898246
image,sliced,628,0.006876,0.01257394
image,sliced,629,-0.002214,0.00868633
image,sliced,630,-0.003198,0.01006014
image,sliced,631,-0.001486,0.00959169
image,sliced,632,0.00502,0.00893915
image,sliced,633,-0.004974,0.01203367
image,sliced,634,0.002109,0.00909315
image,sliced,635,-0.011388,0.00787995
image,sliced,636,0.007834,0.00871947
image,sliced,637,-0.014055,0.01030045
image,sliced,638,0.002127,0.01040282
image,sliced,639,0.000452,0.00962402
image,sliced,640,0.005797,0.0098801
image,sliced,641,0.013508,0.0106297
image,sliced,642,-0.00509,0.00848635
image,sliced,643,0.002491,0.0102958
image,sliced,644,0.004873,0.01277464
image,sliced,645,-0.006495,0.00841639
image,sliced,646,0.002729,0.00923073
image,sliced,647,0.006134,0.00882122
image,sliced,648,0.006757,0.00799458
image,sliced,649,-0.008085,0.01352369
image,sliced,650,-0.001904,0.0087252
image,sliced,651,-0.001381,0.00976534
image,sliced,652,-0.004447,0.01366968
image,sliced,653,-0.0104,0.00850447
image,sliced,654,-0.00556,0.00969919
image,sliced,655,0.001514,0.00877663
image,sliced,656,0.003721,0.00958149
image,sliced,657,0.007787,0.00924962
image,sliced,658,-0.010878,0.01033293
image,sliced,659,-0.014252,0.00897699
image,sliced,660,0.002941,0.00894671
image,sliced,661,0.001531,0.00929411
image,sliced,662,-0.001389,0.00924143
image,sliced,663,0.001271,0.00879641
image,sliced,664,0.009416,0.01232919
image,sliced,665,0.008155,0.00907416
image,sliced,666,-0.003334,0.00895492
image,sliced,667,-0.009738,0.01004042
image,sliced,668,0.017219,0.00834676
image,sliced,669,-0.012856,0.00820193
image,sliced,670,0.001256,0.00818812
image,sliced,671,-0.004015,0.00807638
image,sliced,672,0.015212,0.00934236
image,sliced,673,0.010675,0.00849003
image,sliced,674,-0.006371,0.01045719
image,sliced,675,0.00505,0.01163593
image,sliced,676,0.001488,0.00973111
image,sliced,677,0.003201,0.00906245
image,sliced,678,0.0171,0.00959643
image,sliced,679,-0.015152,0.01076877
image,sliced,680,0.011323,0.01034655
image,sliced,681,-0.005361,0.00917939
image,sliced,682,0.011979,0.01020016
image,sliced,683,0.001452,0.01144211
image,sliced,684,0.002582,0.00953064
image,sliced,685,-0.003097,0.01066492
image,sliced,686,-0.000598,0.00874148
image,sliced,687,0.004911,0.0077111
image,sliced,688,0.014657,0.00923273
image,sliced,689,0.00818,0.00862677
image,sliced,690,-0.017121,0.00933799
image,sliced,691,-0.00466,0.0082137
image,sliced,692,-0.008491,0.01019587
image,sliced,693,0.001291,0.00963624
image,sliced,694,-0.001916,0.00997067
image,sliced,695,0.00527,0.01085403
image,sliced,696,0.008442,0.00894694
image,sliced,697,0.002699,0.01148436
image,sliced,698,-0.010454,0.00902682
image,sliced,699,0.010258,0.00783874
image,sliced,700,0.002255,0.00928959
image,sliced,701,0.006288,0.00863477
image,sliced,702,0.019558,0.00947023
image,sliced,703,0.006353,0.01099004
image,sliced,704,-0.003027,0.0097397
image,sliced,705,-0.011581,0.01077596
image,sliced,706,0.001732,0.00816388
image,sliced,707,-0.007973,0.00939874
image,sliced,708,0.011283,0.0130662
image,sliced,709,-0.010174,0.00960423
image,sliced,710,-0.000649,0.00941147
image,sliced,711,0.024182,0.00800744
image,sliced,712,-0.002939,0.00918452
image,sliced,713,-0.005482,0.00893795
image,sliced,714,0.00678,0.01047919
image,sliced,715,-0.005332,0.01231812
image,sliced,716,0.012041,0.01090684
image,sliced,717,0.00321,0.00837077
image,sliced,718,0.016479,0.01024086
image,sliced,719,0.001514,0.00934809
image,sliced,720,0.002378,0.00899786
image,sliced,721,0.006109,0.00993982
image,sliced,722,-0.008927,0.00986496
image,sliced,723,0.007418,0.00962447
image,sliced,724,0.002613,0.00909955
image,sliced,725,-0.00134,0.00958015
image,sliced,726,0.003774,0.00830324
image,sliced,727,0.000672,0.00988289
image,sliced,728,-0.015975,0.00889833
image,sliced,729,-0.01646,0.00891461
image,sliced,730,-0.008287,0.01071911
image,sliced,731,-0.013338,0.010136
image,sliced,732,-0.025485,0.01511441
image,sliced,733,0.000834,0.00780195
image,sliced,734,-0.01025,0.00851065
image,sliced,735,-0.002332,0.01264784
image,sliced,736,0.000429,0.01052053
image,sliced,737,8e-06,0.00890505
image,sliced,738,-0.015654,0.00868078
image,sliced,739,0.000108,0.00852976
image,sliced,740,0.005613,0.0101718
image,sliced,741,0.015171,0.00889263
image,sliced,742,0.005967,0.01035676
image,sliced,743,0.007251,0.00822666
image,sliced,744,-0.020915,0.00972652
image,sliced,745,-0.012796,0.01054599
image,sliced,746,-0.002796,0.00841575
image,sliced,747,0.01457,0.00828785
image,sliced,748,-0.011708,0.01001426
image,sliced,749,-0.017325,0.00982275
image,sliced,750,0.014015,0.01135083
image,sliced,751,-0.000978,0.0099648
image,sliced,752,-0.009968,0.00871249
image,sliced,753,0.001791,0.00842364
image,sliced,754,-0.006408,0.0092168
image,sliced,755,0.002035,0.01045886
image,sliced,756,-0.002826,0.0104419
image,sliced,757,-0.01426,0.01114189
image,sliced,758,-0.009042,0.00953638
image,sliced,759,0.024161,0.00918064
image,sliced,760,0.0046,0.00981088
image,sliced,761,0.006656,0.0093366
image,sliced,762,0.012422,0.00921346
image,sliced,763,-0.010878,0.00912004
image,sliced,764,-0.001692,0.00844521
image,sliced,765,0.015111,0.01025792
image,sliced,766,0.00612,0.00865496
image,sliced,767,0.005522,0.0096847
image,sliced,768,-0.006212,0.00997851
image,sliced,769,-0.007522,0.00773612
image,sliced,770,-0.000362,0.00883133
image,sliced,771,-0.00802,0.01045652
image,sliced,772,0.011964,0.00993538
image,sliced,773,-0.017614,0.00847168
image,sliced,774,0.014976,0.01036269
image,sliced,775,-0.00984,0.0106287
image,sliced,776,-0.005354,0.01074385
image,sliced,777,0.011304,0.00851302
image,sliced,778,-0.000428,0.00990787
image,sliced,779,-0.000846,0.0101753
image,sliced,780,0.003897,0.00887495
image,sliced,781,0.003023,0.01042286
image,sliced,782,-0.009841,0.01308141
image,sliced,783,0.011212,0.00852261
image,sliced,784,-0.006204,0.0099619
image,sliced,785,0.0127,0.01131271
image,sliced,786,-0.01369,0.0085214
image,sliced,787,0.003416,0.00954738
image,sliced,788,-0.009901,0.01046671
image,sliced,789,-0.003727,0.00865195
image,sliced,790,0.013585,0.00878866
image,sliced,791,-0.004714,0.01056489
image,sliced,792,-0.000736,0.0087825
image,sliced,793,0.008885,0.00811964
image,sliced,794,-0.002801,0.00890661
image,sliced,795,-0.006601,0.01082363
image,sliced,796,-0.012437,0.01031512
image,sliced,797,-0.000979,0.00892609
image,sliced,798,-0.006975,0.00833796
image,sliced,799,-0.002014,0.00859405
image,sliced,800,-0.000668,0.00869153
image,sliced,801,0.010817,0.00927406
image,sliced,802,-0.003388,0.00830311
image,sliced,803,-0.009631,0.01149577
image,sliced,804,0.000396,0.00917251
image,sliced,805,0.014206,0.01008688
image,sliced,806,0.013044,0.00776066
image,sliced,807,0.003758,0.0086391
image,sliced,808,0.014086,0.01074252
image,sliced,809,-0.004085,0.01120839
image,sliced,810,-0.011734,0.00956494
image,sliced,811,0.007035,0.0082654
image,sliced,812,-0.005538,0.01187099
image,sliced,813,0.00091,0.00862839
image,sliced,814,0.004388,0.00874227
image,sliced,815,-0.008292,0.01237314
image,sliced,816,0.00436,0.01081307
image,sliced,817,-0.007688,0.00845787
image,sliced,818,0.001724,0.00886139
image,sliced,819,-0.008789,0.00880246
image,sliced,820,-0.013064,0.0174198
image,sliced,821,-0.014297,0.00791105
image,sliced,822,0.025762,0.01090589
image,sliced,823,0.014475,0.00956166
image,sliced,824,-0.015673,0.01033465
image,sliced,825,-0.005069,0.0107107
image,sliced,826,-0.007279,0.01063027
image,sliced,827,-0.006782,0.00762028
image,sliced,828,0.001349,0.00933595
image,sliced,829,0.000386,0.01140447
image,sliced,830,-0.002,0.0129545
image,sliced,831,0.015364,0.0091365
image,sliced,832,-0.004245,0.00944225
image,sliced,833,-0.000863,0.00981512
image,sliced,834,-0.001512,0.01027138
image,sliced,835,0.008963,0.00966938
image,sliced,836,-0.00962,0.01208654
image,sliced,837,-0.003853,0.00929348
image,sliced,838,0.008176,0.009863
image,sliced,839,0.018273,0.00995488
image,sliced,840,-0.00294,0.00828305
image,sliced,841,-0.002902,0.01339452
image,sliced,842,-0.00172,0.01297915
image,sliced,843,0.010513,0.00920465
image,sliced,844,0.010748,0.00874333
image,sliced,845,0.008599,0.00842559
image,sliced,846,0.01431,0.0108524
image,sliced,847,0.009327,0.01014507
image,sliced,848,0.004503,0.00997085
image,sliced,849,-0.002154,0.00864881
image,sliced,850,0.003077,0.00909248
image,sliced,851,0.001979,0.0103789
image,sliced,852,-0.001219,0.00954465
image,sliced,853,0.004744,0.00815784
image,sliced,854,-0.004183,0.00953152
image,sliced,855,-0.021526,0.0087072
image,sliced,856,0.004229,0.0088644
image,sliced,857,-0.005391,0.00851801
image,sliced,858,0.001057,0.00931842
image,sliced,859,-0.00225,0.00835776
image,sliced,860,-0.000336,0.01263361
image,sliced,861,-0.00491,0.01177139
image,sliced,862,0.004304,0.01071219
image,sliced,863,0.016482,0.0081599
image,sliced,864,-0.004748,0.00896022
image,sliced,865,-0.014929,0.01023594
image,sliced,866,0.014186,0.00963646
image,sliced,867,-0.017951,0.00890912
image,sliced,868,0.006504,0.00982831
image,sliced,869,-0.000341,0.00888718
image,sliced,870,0.009985,0.00962891
image,sliced,871,-0.003858,0.00855463
image,sliced,872,0.007821,0.009137
image,sliced,873,-0.004635,0.00894505
image,sliced,874,-0.003843,0.00940169
image,sliced,875,0.017159,0.01011107
image,sliced,876,-0.000901,0.00937707
image,sliced,877,-0.008921,0.01023753
image,sliced,878,-0.004246,0.00930133
image,sliced,879,-0.010618,0.01179404
image,sliced,880,0.000272,0.01177455
image,sliced,881,0.002426,0.00837897
image,sliced,882,-0.008024,0.01111375
image,sliced,883,-0.018656,0.01247533
image,sliced,884,0.006516,0.01027241
image,sliced,885,-0.018707,0.00803044
image,sliced,886,0.018495,0.00774207
image,sliced,887,-0.002736,0.00933278
image,sliced,888,0.008335,0.01055631
image,sliced,889,-0.000406,0.0085495
image,sliced,890,0.009351,0.00867652
image,sliced,891,0.015505,0.01064937
image,sliced,892,-0.016311,0.00918175
image,sliced,893,-0.003399,0.01159291
image,sliced,894,-0.005976,0.01039757
image,sliced,895,0.008419,0.00988326
image,sliced,896,-0.014317,0.00883835
image,sliced,897,0.018695,0.00839673
image,sliced,898,-0.00447,0.01083309
image,sliced,899,0.009895,0.00926373
image,sliced,900,0.011687,0.00975029
image,sliced,901,-0.007253,0.01041164
image,sliced,902,-0.006658,0.0086654
image,sliced,903,-0.011594,0.00894274
image,sliced,904,-0.004235,0.00968664
image,sliced,905,-0.014332,0.00843401
image,sliced,906,-0.009901,0.0102727
image,sliced,907,-0.01355,0.01303836
image,sliced,908,-0.011484,0.00785259
image,sliced,909,-0.006144,0.00812616
image,sliced,910,-0.010606,0.0082265
image,sliced,911,-0.01302,0.00931499
image,sliced,912,0.010593,0.00872086
image,sliced,913,0.005798,0.01116436
image,sliced,914,-0.001043,0.01510414
image,sliced,915,0.013989,0.00762703
image,sliced,916,0.000801,0.0091848
image,sliced,917,-0.005735,0.01067673
image,sliced,918,0.009973,0.0151189
image,sliced,919,0.009058,0.00989203
image,sliced,920,-0.012184,0.01196236
image,sliced,921,-0.005546,0.0086714
image,sliced,922,-0.000607,0.0087802
image,sliced,923,0.011091,0.01081552
image,sliced,924,-0.009214,0.00898539
image,sliced,925,-0.017893,0.00973385
image,sliced,926,0.013367,0.00825771
image,sliced,927,0.008305,0.01146618
image,sliced,928,-0.001548,0.00874246
image,sliced,929,0.001636,0.00902747
image,sliced,930,-0.007162,0.00822525
image,sliced,931,-0.011107,0.00947498
image,sliced,932,-0.01341,0.00792639
image,sliced,933,0.013444,0.00842134
image,sliced,934,-0.007773,0.00887403
image,sliced,935,-0.002686,0.00904504
image,sliced,936,-0.004322,0.01000967
image,sliced,937,0.002778,0.01136538
image,sliced,938,-0.013663,0.00865658
image,sliced,939,0.000203,0.00953622
image,sliced,940,-0.002041,0.00930874
image,sliced,941,0.017411,0.00772814
image,sliced,942,-0.016334,0.00980198
image,sliced,943,-0.007045,0.01118658
image,sliced,944,-0.007038,0.0077683
image,sliced,945,-0.001278,0.00999596
image,sliced,946,0.006488,0.01157179
image,sliced,947,0.012587,0.00961299
image,sliced,948,-0.020444,0.00934769
image,sliced,949,0.015574,0.01207496
image,sliced,950,-0.008176,0.01227223
image,sliced,951,0.018006,0.01191946
image,sliced,952,0.00091,0.00878306
image,sliced,953,0.006121,0.00980568
image,sliced,954,0.004577,0.00987486
image,sliced,955,-0.006096,0.00839731
image,sliced,956,-0.005091,0.01049786
image,sliced,957,-0.003313,0.00957136
image,sliced,958,0.003331,0.01698103
image,sliced,959,0.015856,0.00994054
image,sliced,960,0.013093,0.00958363
image,sliced,961,-0.001997,0.01065706
image,sliced,962,-0.00373,0.00983855
image,sliced,963,0.004837,0.00881118
image,sliced,964,-0.005578,0.00812837
image,sliced,965,-0.002705,0.00872536
image,sliced,966,0.004123,0.00881741
image,sliced,967,-0.014653,0.00964986
image,sliced,968,-0.000737,0.00868061
image,sliced,969,-0.002676,0.00851913
image,sliced,970,0.014884,0.00805269
image,sliced,971,-0.003528,0.01022071
image,sliced,972,0.001377,0.00767787
image,sliced,973,0.01096,0.00939108
image,sliced,974,-0.014456,0.00875805
image,sliced,975,-0.002394,0.01365314
image,sliced,976,-0.003282,0.00924851
image,sliced,977,-0.010729,0.00812657
image,sliced,978,0.004424,0.01074985
image,sliced,979,-0.005931,0.00961128
image,sliced,980,-0.014869,0.00894197
image,sliced,981,-0.013307,0.00815847
image,sliced,982,0.010177,0.01045645
image,sliced,983,0.000837,0.00933807
image,sliced,984,0.003967,0.01186569
image,sliced,985,-6e-06,0.00667259
image,sliced,986,0.010468,0.0090226
image,sliced,987,-0.013517,0.0100422
image,sliced,988,-0.009462,0.0094505
image,sliced,989,0.010329,0.01064405
image,sliced,990,-0.008885,0.00878525
image,sliced,991,0.002885,0.00949973
image,sliced,992,-0.010782,0.01235798
image,sliced,993,0.01083,0.01051963
image,sliced,994,-0.008243,0.00851801
image,sliced,995,-9e-06,0.01103687
image,sliced,996,0.004491,0.01048545
image,sliced,997,-0.004565,0.00930928
image,sliced,998,-0.017847,0.00935093
image,sliced,999,-0.003268,0.00979696
image,sliced,1000,-0.015302,0.00874494
image,sliced,1001,-0.00934,0.01098345
image,sliced,1002,-0.009031,0.00861558
image,sliced,1003,-0.006718,0.01182589
image,sliced,1004,-0.000544,0.00972755
image,sliced,1005,0.001945,0.01029322
image,sliced,1006,-0.019718,0.01227805
image,sliced,1007,0.00346,0.01010944
image,sliced,1008,0.01185,0.00731305
image,sliced,1009,0.000205,0.01086109
image,sliced,1010,-0.017477,0.00869825
image,sliced,1011,0.01882,0.00790689
image,sliced,1012,0.000498,0.01073124
image,sliced,1013,-0.004631,0.00820713
image,sliced,1014,-0.008444,0.01092859
image,sliced,1015,0.015407,0.01171301
image,sliced,1016,0.016257,0.00767381
image,sliced,1017,-0.006033,0.00905703
image,sliced,1018,0.001521,0.00854495
image,sliced,1019,-0.013786,0.01127586
image,sliced,1020,0.001565,0.00917123
image,sliced,1021,0.00135,0.00924711
image,sliced,1022,-0.004163,0.00832058
image,sliced,1023,-0.000314,0.01027351
image,bn,0,-0.037105,0.80931091
image,bn,1,-0.014171,0.85031879
image,bn,2,-0.004187,0.87141669
image,bn,3,0.009175,0.79064572
image,bn,4,-0.021199,0.82211941
image,bn,5,-0.068684,0.85381722
image,bn,6,-0.026456,0.8500573
image,bn,7,0.030343,0.90813321
image,bn,8,-0.00452,0.8092677
image,bn,9,0.011832,0.75824344
image,bn,10,0.020864,0.79452533
image,bn,11,-0.013397,0.80857158
image,bn,12,0.01709,0.7828657
image,bn,13,0.040794,0.76133156
image,bn,14,-0.024981,0.79623449
image,bn,15,0.032694,0.73269778
image,bn,16,-0.021773,0.76666468
image,bn,17,0.01282,0.75421447
image,bn,18,0.01175,0.69757634
image,bn,19,0.029615,0.72027934
image,bn,20,0.028667,0.73533851
image,bn,21,-0.005174,0.71564001
image,bn,22,0.012452,0.72274476
image,bn,23,0.027143,0.70805955
image,bn,24,-0.055042,0.68991882
image,bn,25,-0.018048,0.72772306
image,bn,26,-0.029653,0.77073818
image,bn,27,0.035973,0.67020971
image,bn,28,-0.065076,0.78195822
image,bn,29,-0.027711,0.74290711
image,bn,30,-0.000941,0.71854073
image,bn,31,0.009828,0.80966735
image,bn,32,0.031798,0.70315611
image,bn,33,0.001326,0.74161541
image,bn,34,-0.018487,0.67446065
image,bn,35,-0.030895,0.72362906
image,bn,36,-0.056479,0.74875951
image,bn,37,0.038622,0.6963926
image,bn,38,-0.018677,0.70563579
image,bn,39,0.02984,0.7082997
image,bn,40,-0.039782,0.70277268
image,bn,41,-0.000439,0.71367419
image,bn,42,-0.081114,0.694924
image,bn,43,0.04297,0.69244003
image,bn,44,-0.003992,0.71919554
image,bn,45,0.048706,0.71534753
image,bn,46,0.004715,0.69865245
image,bn,47,-0.026263,0.70689487
image,bn,48,-0.025934,0.72208321
image,bn,49,-0.000352,0.7000578
image,bn,50,0.014093,0.6999349
image,bn,51,0.03243,0.70079422
image,bn,52,0.003345,0.68120801
image,bn,53,0.00448,0.69206887
image,bn,54,-0.005943,0.68341553
image,bn,55,0.016247,0.66390944
image,bn,56,-0.060943,0.76135725
image,bn,57,0.031118,0.68658847
image,bn,58,-0.048796,0.69530261
image,bn,59,-0.041586,0.72721314
image,bn,60,0.016765,0.75029552
image,bn,61,-0.001637,0.72332317
image,bn,62,0.051785,0.74685609
image,bn,63,0.054739,0.7354731
image,bn,64,-0.029127,0.71372378
image,bn,65,0.030185,0.70256388
image,bn,66,-0.056718,0.68837154
image,bn,67,-0.036131,0.70644641
image,bn,68,0.015785,0.69101357
image,bn,69,0.011932,0.69720489
image,bn,70,0.012309,0.7337516
image,bn,71,-0.034388,0.7445268
image,bn,72,-0.0023,0.83164775
image,bn,73,-0.004372,0.80742449
image,bn,74,0.036828,0.69185454
image,bn,75,-0.002271,0.69924092
image,bn,76,-0.012592,0.7233234
image,bn,77,-0.079151,0.75251842
image,bn,78,0.036313,0.75306773
image,bn,79,0.042053,0.73391622
image,bn,80,0.011343,0.63666099
image,bn,81,0.003328,0.68850756
image,bn,82,0.107511,0.71616679
image,bn,83,0.024658,0.73475933
image,bn,84,0.011941,0.73807883
image,bn,85,-0.005292,0.71335799
image,bn,86,-0.004229,0.71158653
image,bn,87,-0.009726,0.71134597
image,bn,88,0.00378,0.74109691
image,bn,89,0.058253,0.75369054
image,bn,90,-0.015806,0.70420969
image,bn,91,0.006432,0.67314208
image,bn,92,0.022016,0.66875231
image,bn,93,0.006778,0.76093215
image,bn,94,-0.002276,0.7324264
image,bn,95,-0.020234,0.72491241
image,bn,96,-0.021389,0.71096599
image,bn,97,0.056055,0.7210626
image,bn,98,-0.018465,0.7097469
image,bn,99,0.083532,0.68671983
image,bn,100,-0.026715,0.70647985
image,bn,101,-0.01433,0.72171187
image,bn,102,0.047858,0.73490506
image,bn,103,0.000676,0.75694513
image,bn,104,0.019283,0.70728403
image,bn,105,-0.026955,0.70184875
image,bn,106,0.00976,0.73106015
image,bn,107,-0.043898,0.68870354
image,bn,108,0.009967,0.68873805
image,bn,109,-0.038298,0.74773711
image,bn,110,0.002626,0.74922937
image,bn,111,-0.017496,0.73129565
image,bn,112,0.050658,0.70217925
image,bn,113,-0.0223,0.72521222
image,bn,114,-0.070187,0.73275101
image,bn,115,-0.020422,0.69237483
image,bn,116,0.004747,0.71746057
image,bn,117,0.017066,0.71498519
image,bn,118,-0.001751,0.65250731
image,bn,119,0.044934,0.66868454
image,bn,120,0.043585,0.71290928
image,bn,121,0.041217,0.67626536
image,bn,122,-0.064968,0.74500394
image,bn,123,0.028205,0.74323356
image,bn,124,-0.008697,0.73985273
image,bn,125,0.001803,0.77454215
image,bn,126,-0.037773,0.73814136
image,bn,127,0.002128,0.69780779
image,bn,128,0.014901,0.7580089
image,bn,129,-0.009884,0.72733599
image,bn,130,0.032421,0.72850394
image,bn,131,0.00878,0.7319572
image,bn,132,-0.008195,0.76192462
image,bn,133,0.014515,0.72503322
image,bn,134,0.01825,0.70816439
image,bn,135,-0.010791,0.80433261
image,bn,136,-0.052038,0.73989654
image,bn,137,-0.003525,0.78720278
image,bn,138,-0.001117,0.69763863
image,bn,139,8.2e-05,0.75275624
image,bn,140,-0.046694,0.78229946
image,bn,141,0.021209,0.75855058
image,bn,142,-0.030433,0.76936245
image,bn,143,0.067322,0.68866837
image,bn,144,-0.074446,0.72419238
image,bn,145,-0.02775,0.82302839
image,bn,146,0.018718,0.71984637
image,bn,147,0.01104,0.73659593
image,bn,148,-0.024725,0.74691886
image,bn,149,0.028393,0.74494791
image,bn,150,-0.004578,0.75208038
image,bn,151,-0.018732,0.7609446
image,bn,152,-0.0437,0.77998966
image,bn,153,0.05379,0.70165426
image,bn,154,-0.00071,0.69038445
image,bn,155,0.000704,0.73128241
image,bn,156,-0.034651,0.73237413
image,bn,157,0.040276,0.76415813
image,bn,158,-0.004923,0.82201082
image,bn,159,-0.039698,0.7342236
image,bn,160,0.018891,0.70725954
image,bn,161,0.028199,0.73334295
image,bn,162,-0.000627,0.72730964
image,bn,163,0.041901,0.75635135
image,bn,164,-0.036549,0.69148427
image,bn,165,-0.021735,0.79730117
image,bn,166,-0.019017,0.73293048
image,bn,167,0.028416,0.74667925
image,bn,168,0.00538,0.77089834
image,bn,169,0.00118,0.71805334
image,bn,170,-0.015917,0.814089
image,bn,171,0.059898,0.75831091
image,bn,172,0.0202,0.78357923
image,bn,173,-0.025643,0.73112208
image,bn,174,-0.022576,0.75019795
image,bn,175,-0.082526,0.74580044
image,bn,176,-0.074202,0.71787912
image,bn,177,-0.008797,0.75745982
image,bn,178,0.054225,0.79348743
image,bn,179,-0.029966,0.76459867
image,bn,180,-0.030347,0.73808753
image,bn,181,0.017411,0.81104159
image,bn,182,-0.055167,0.74987578
image,bn,183,-0.009154,0.73872209
image,bn,184,-0.003556,0.72635221
image,bn,185,0.004043,0.75444943
image,bn,186,-0.015563,0.7390427
image,bn,187,0.051041,0.717309
image,bn,188,-0.019759,0.7511248
image,bn,189,-0.009144,0.72179323
image,bn,190,-0.013455,0.7121188
image,bn,191,0.079656,0.70863122
image,bn,192,-0.037672,0.68281615
image,bn,193,0.028729,0.75701767
image,bn,194,-0.067849,0.77788234
image,bn,195,-0.052893,0.74878776
image,bn,196,-0.013441,0.69924968
image,bn,197,-0.048166,0.68206632
image,bn,198,-0.015115,0.797885
image,bn,199,-0.021137,0.77745718
image,bn,200,-0.042751,0.73816621
image,bn,201,-0.081216,0.73345923
image,bn,202,-0.049825,0.74364018
image,bn,203,-0.004392,0.74827719
image,bn,204,-0.017074,0.69604021
image,bn,205,0.026474,0.72189713
image,bn,206,0.035104,0.76469678
image,bn,207,0.028088,0.8004216
image,bn,208,-0.036634,0.73775023
image,bn,209,0.01513,0.76302701
image,bn,210,0.030769,0.73545265
image,bn,211,-0.038195,0.72094637
image,bn,212,-0.057976,0.74213117
image,bn,213,-0.058941,0.80171281
image,bn,214,-0.024239,0.76227343
image,bn,215,0.001682,0.72515106
image,bn,216,0.024619,0.71767974
image,bn,217,-0.008753,0.80454183
image,bn,218,-0.007163,0.77952844
image,bn,219,-0.028821,0.77797562
image,bn,220,-0.047749,0.80038095
image,bn,221,0.003649,0.75323844
image,bn,222,0.049271,0.70675528
image,bn,223,0.055269,0.70245898
image,bn,224,0.031432,0.71933311
image,bn,225,-0.080087,0.79808784
image,bn,226,0.048718,0.82153904
image,bn,227,-0.066864,0.7798847
image,bn,228,-0.004228,0.74025112
image,bn,229,0.003346,0.77020377
image,bn,230,0.082381,0.77279508
image,bn,231,0.048973,0.75994235
image,bn,232,-0.002009,0.72296268
image,bn,233,-0.010479,0.71155417
image,bn,234,-0.028294,0.72602004
image,bn,235,-0.042804,0.72807914
image,bn,236,-0.071947,0.7972753
image,bn,237,-0.002898,0.74635094
image,bn,238,-0.023624,0.81805867
image,bn,239,-0.056664,0.72500235
image,bn,240,0.016553,0.73688763
image,bn,241,0.010602,0.69790918
image,bn,242,-0.00367,0.71535671
image,bn,243,0.030221,0.78590482
image,bn,244,0.022758,0.7306776
image,bn,245,-0.078925,0.71219593
image,bn,246,-0.028981,0.70309883
image,bn,247,-0.01379,0.75932956
image,bn,248,-0.037026,0.67142338
image,bn,249,-0.051098,0.75526297
image,bn,250,-0.012752,0.68905854
image,bn,251,-0.074517,0.6983763
image,bn,252,0.032299,0.75109142
image,bn,253,0.010875,0.73125172
image,bn,254,-0.021892,0.69691783
image,bn,255,-0.037453,0.75488818
image,bn,256,-0.03307,0.76638907
image,bn,257,-0.014874,0.79921865
image,bn,258,-0.056673,0.81391752
image,bn,259,0.024675,0.79849499
image,bn,260,0.030649,0.78805745
image,bn,261,0.000479,0.83571607
image,bn,262,0.000691,0.86140978
image,bn,263,0.022902,0.79422599
image,bn,264,0.070398,0.84176677
image,bn,265,-0.044851,0.78592455
image,bn,266,-0.008197,0.83516741
image,bn,267,0.033841,0.73964095
image,bn,268,0.054126,0.76572472
image,bn,269,0.009218,0.80623519
image,bn,270,-0.006219,0.79824346
image,bn,271,-0.022851,0.75240523
image,bn,272,0.091616,0.78469062
image,bn,273,0.032317,0.81004083
image,bn,274,0.002215,0.82507163
image,bn,275,0.061302,0.77434254
image,bn,276,0.005826,0.85285902
image,bn,277,0.000637,0.85370481
image,bn,278,-0.07012,0.72285855
image,bn,279,-0.013734,0.76403666
image,bn,280,-0.045902,0.78201419
image,bn,281,-0.019539,0.78838652
image,bn,282,0.042141,0.83069056
image,bn,283,-0.007021,0.77550542
image,bn,284,0.007094,0.7594732
image,bn,285,0.017796,0.80181605
image,bn,286,0.011571,0.74508649
image,bn,287,0.043636,0.83990341
image,bn,288,0.051346,0.78911781
image,bn,289,-0.024038,0.77836549
image,bn,290,0.074664,0.80604762
image,bn,291,-0.0247,0.83790058
image,bn,292,-0.013438,0.76646596
image,bn,293,-0.063146,0.78806013
image,bn,294,-0.026816,0.79227483
image,bn,295,0.015542,0.88522315
image,bn,296,-0.002494,0.76879889
image,bn,297,0.039047,0.80635399
image,bn,298,-0.061676,0.87871957
image,bn,299,0.023955,0.77832812
image,bn,300,-0.036297,0.75088274
image,bn,301,-0.007255,0.79700363
image,bn,302,0.032105,0.82623369
image,bn,303,-0.01756,0.82798862
image,bn,304,-0.058108,0.79824692
image,bn,305,-0.048902,0.80025822
image,bn,306,-0.08901,0.8126502
image,bn,307,0.128573,0.89369702
image,bn,308,0.065638,0.74083579
image,bn,309,0.043264,0.79126525
image,bn,310,0.083661,0.80376661
image,bn,311,0.056581,0.80869597
image,bn,312,-0.007086,0.76042378
image,bn,313,0.046299,0.77915794
image,bn,314,-0.018297,0.79838508
image,bn,315,0.015686,0.83736473
image,bn,316,0.042419,0.85286462
image,bn,317,-0.027157,0.88240021
image,bn,318,-0.019347,0.81642348
image,bn,319,0.005257,0.78664666
image,bn,320,-0.01225,0.83519357
image,bn,321,-0.032734,0.76725978
image,bn,322,-0.000436,0.83475614
image,bn,323,0.018827,0.74444973
image,bn,324,0.030038,0.79214901
image,bn,325,-0.006314,0.72568291
image,bn,326,-0.004919,0.81802535
image,bn,327,-0.03915,0.8168335
image,bn,328,0.059079,0.83862132
image,bn,329,-0.058965,0.74528587
image,bn,330,0.017109,0.79201585
image,bn,331,0.002033,0.80934656
image,bn,332,0.065178,0.76784462
image,bn,333,-0.040475,0.79849464
image,bn,334,-0.039921,0.79150212
image,bn,335,-0.015007,0.80539453
image,bn,336,-0.006201,0.79515547
image,bn,337,0.005701,0.78091842
image,bn,338,0.042422,0.7796542
image,bn,339,0.040369,0.79249936
image,bn,340,0.031164,0.8090561
image,bn,341,0.0068,0.79275978
image,bn,342,0.024168,0.82664835
image,bn,343,-0.014145,0.83594412
image,bn,344,-0.045608,0.89062381
image,bn,345,0.027571,0.8300634
image,bn,346,0.06897,0.7435981
image,bn,347,0.120601,0.78761357
image,bn,348,-0.003936,0.80254066
image,bn,349,-0.017443,0.74237663
image,bn,350,-0.057378,0.93121338
image,bn,351,-0.02448,0.83483201
image,bn,352,0.001847,0.84547317
image,bn,353,0.065269,0.75496793
image,bn,354,-0.010393,0.82368356
image,bn,355,0.025648,0.70801711
image,bn,356,0.058021,0.78858197
image,bn,357,-0.000795,0.78005606
image,bn,358,0.035901,0.77571625
image,bn,359,0.05899,0.72384518
image,bn,360,-0.010826,0.8292253
image,bn,361,-0.004932,0.81620628
image,bn,362,-0.040691,0.77861589
image,bn,363,-0.062361,0.81532961
image,bn,364,0.040271,0.79150593
image,bn,365,0.030038,0.78864646
image,bn,366,-0.008023,0.78775787
image,bn,367,0.008258,0.84728515
image,bn,368,0.016099,0.78626496
image,bn,369,0.062359,0.74374926
image,bn,370,0.068063,0.75366217
image,bn,371,0.030211,0.79781574
image,bn,372,0.024379,0.74385214
image,bn,373,-0.022326,0.77176636
image,bn,374,-0.002575,0.81587243
image,bn,375,-0.002962,0.77608401
image,bn,376,0.01609,0.87119007
image,bn,377,-0.032213,0.76421893
image,bn,378,0.01196,0.79293728
image,bn,379,0.017818,0.86852741
image,bn,380,0.069619,0.80496424
image,bn,381,-0.002831,0.77507758
image,bn,382,0.051482,0.88785774
image,bn,383,-0.025146,0.86704463
image,bn,384,0.009419,0.79119754
image,bn,385,-0.015952,0.76534742
image,bn,386,0.016549,0.75193864
image,bn,387,0.024838,0.8493734
image,bn,388,-0.002029,0.81044298
image,bn,389,-0.072294,0.78522813
image,bn,390,0.047246,0.84067988
image,bn,391,-0.081458,0.76778126
image,bn,392,-0.045549,0.751876
image,bn,393,0.025081,0.71981978
image,bn,394,-0.018409,0.80743593
image,bn,395,-0.004159,0.91563392
image,bn,396,0.040109,0.82110804
image,bn,397,0.064023,0.8412751
image,bn,398,-0.036267,0.82761389
image,bn,399,-0.001635,0.797988
image,bn,400,0.02564,0.7931751
image,bn,401,-0.001882,0.7714085
image,bn,402,0.02798,0.77524793
image,bn,403,0.018407,0.78024077
image,bn,404,-0.005664,0.74092084
image,bn,405,-0.097738,0.84182489
image,bn,406,-0.028882,0.73765993
image,bn,407,0.031025,0.77856839
image,bn,408,-0.036842,0.78752089
image,bn,409,0.029868,0.84296876
image,bn,410,0.000123,0.78546977
image,bn,411,0.02186,0.74256814
image,bn,412,0.039826,0.7390399
image,bn,413,-0.020902,0.94218189
image,bn,414,0.003368,0.75697243
image,bn,415,0.004494,0.75151861
image,bn,416,-0.023154,0.84713244
image,bn,417,-0.000402,0.75771523
image,bn,418,0.005308,0.82813156
image,bn,419,-0.050847,0.77926189
image,bn,420,-0.024156,0.79003644
image,bn,421,-0.027982,0.73003227
image,bn,422,-0.056341,0.88850409
image,bn,423,-0.052786,0.82048869
image,bn,424,-0.007349,0.77230293
image,bn,425,-0.008391,0.76171845
image,bn,426,0.062779,0.81534922
image,bn,427,-0.081364,0.77340627
image,bn,428,0.012014,0.77810389
image,bn,429,0.067499,0.7895636
image,bn,430,0.037307,0.8365683
image,bn,431,0.040788,0.7880612
image,bn,432,0.052771,0.75007546
image,bn,433,-0.012259,0.85099649
image,bn,434,-0.038164,0.86374736
image,bn,435,-0.031751,0.8418175
image,bn,436,0.03714,0.75208265
image,bn,437,0.03999,0.76040488
image,bn,438,0.004294,0.79953551
image,bn,439,0.009593,0.7803061
image,bn,440,-0.011934,0.76295853
image,bn,441,-0.037464,0.74636531
image,bn,442,-0.033326,0.86347198
image,bn,443,0.054914,0.73783553
image,bn,444,0.026249,0.83195895
image,bn,445,0.052114,0.77846664
image,bn,446,-0.029573,0.79071289
image,bn,447,0.008286,0.71265578
image,bn,448,-0.056255,0.705378
image,bn,449,0.005828,0.81327474
image,bn,450,0.034756,0.73103964
image,bn,451,-0.002911,0.852916
image,bn,452,-0.029024,0.8063609
image,bn,453,0.03548,0.79306871
image,bn,454,0.022803,0.77942729
image,bn,455,-0.02393,0.78403103
image,bn,456,0.038209,0.77361047
image,bn,457,0.00443,0.76499254
image,bn,458,-0.030835,0.79311812
image,bn,459,0.000766,0.80245841
image,bn,460,0.032429,0.78183669
image,bn,461,0.035876,0.76076531
image,bn,462,0.005001,0.76713622
image,bn,463,-0.012352,0.72265357
image,bn,464,0.015047,0.83240497
image,bn,465,-0.023758,0.75700527
image,bn,466,0.028289,0.85101289
image,bn,467,-0.052439,0.79606634
image,bn,468,-0.013969,0.79732746
image,bn,469,-0.010429,0.85602218
image,bn,470,-0.030053,0.80108291
image,bn,471,-0.036187,0.76421273
image,bn,472,-0.012747,0.89078927
image,bn,473,-0.015082,0.74018449
image,bn,474,1.2e-05,0.78478789
image,bn,475,0.012856,0.79316205
image,bn,476,-0.047114,0.74276268
image,bn,477,-0.034326,0.73499793
image,bn,478,0.003867,0.75980037
image,bn,479,0.052053,0.86483967
image,bn,480,0.028304,0.71975535
image,bn,481,0.048499,0.75271839
image,bn,482,0.05849,0.77276808
image,bn,483,-0.068487,0.83072513
image,bn,484,-0.027005,0.72517729
image,bn,485,-0.037275,0.78948492
image,bn,486,0.061161,0.75744897
image,bn,487,0.027038,0.77657408
image,bn,488,-0.060472,0.78844732
image,bn,489,0.01632,0.76656979
image,bn,490,-0.059483,0.8787896
image,bn,491,0.018453,0.83529979
image,bn,492,-0.003411,0.83063811
image,bn,493,0.01065,0.75160623
image,bn,494,-0.028131,0.70928681
image,bn,495,-0.002016,0.87142926
image,bn,496,-0.008973,0.83417934
image,bn,497,-0.026871,0.86017537
image,bn,498,-0.0118,0.7843802
image,bn,499,-0.017092,0.88616788
image,bn,500,-0.031158,0.8211813
image,bn,501,-0.030604,0.80083787
image,bn,502,0.015453,0.75484079
image,bn,503,0.026197,0.75956231
image,bn,504,0.060301,0.73546118
image,bn,505,0.030119,0.87662637
image,bn,506,-0.034114,0.79908001
image,bn,507,0.038113,0.84974796
image,bn,508,0.017859,0.81875551
image,bn,509,0.007717,0.78817308
image,bn,510,-0.058907,0.8398217
image,bn,511,-0.002649,0.79232842
image,bn,512,-0.021359,1.0070883
image,bn,513,-0.002732,1.00924087
image,bn,514,0.004366,0.9547382
image,bn,515,-0.077984,0.93311828
image,bn,516,-0.093624,1.0216738
image,bn,517,-0.029827,1.0242331
image,bn,518,-0.029238,0.98248076
image,bn,519,-0.025018,1.0220629
image,bn,520,0.023032,1.02650321
image,bn,521,-0.053971,1.02524054
image,bn,522,-0.016446,0.99770969
image,bn,523,-0.004465,1.01669478
image,bn,524,0.022587,1.01758564
image,bn,525,-0.04876,1.07091701
image,bn,526,-0.005578,0.99710548
image,bn,527,-0.009389,1.0760535
image,bn,528,0.056636,1.02791309
image,bn,529,-0.018309,1.06021297
image,bn,530,-0.00952,1.00319254
image,bn,531,0.052419,0.99233872
image,bn,532,-0.040443,1.00358689
image,bn,533,-0.022495,1.0437789
image,bn,534,0.00815,1.01260006
image,bn,535,0.048537,0.94324541
image,bn,536,-0.006737,1.02762198
image,bn,537,0.040098,0.9461447
image,bn,538,0.029098,1.01894498
image,bn,539,-0.00974,1.02938902
image,bn,540,-0.039863,0.96707362
image,bn,541,0.006792,0.98122239
image,bn,542,0.011583,0.99851447
image,bn,543,0.007011,1.01918018
image,bn,544,-0.032205,0.992679
image,bn,545,-0.02928,0.99852079
image,bn,546,0.049475,1.00401318
image,bn,547,-0.130236,1.04423654
image,bn,548,-0.060362,0.97153765
image,bn,549,0.053127,1.02985883
image,bn,550,-0.00057,1.0502547
image,bn,551,-0.076123,0.95947307
image,bn,552,-0.012212,0.99364591
image,bn,553,-0.0557,1.00942886
image,bn,554,0.008218,1.07035232
image,bn,555,-0.041843,1.02639198
image,bn,556,0.017478,1.02785909
image,bn,557,-0.03885,1.05033469
image,bn,558,-0.000648,1.00327063
image,bn,559,-0.051623,0.96506476
image,bn,560,-0.063109,0.97534293
image,bn,561,0.067893,1.01413763
image,bn,562,-0.075597,1.06630111
image,bn,563,0.011231,0.98613358
image,bn,564,-0.005177,0.97662306
image,bn,565,0.021216,1.00134802
image,bn,566,0.034457,0.97646505
image,bn,567,0.010855,1.06077075
image,bn,568,-0.082962,1.01049066
image,bn,569,-0.027381,1.08065665
image,bn,570,0.021782,1.0167588
image,bn,571,-0.052024,1.03915703
image,bn,572,-0.007682,1.04370344
image,bn,573,-0.030574,0.96507806
image,bn,574,0.006938,1.02949488
image,bn,575,0.086639,1.03786016
image,bn,576,0.082018,1.00606012
image,bn,577,0.01317,0.96764344
image,bn,578,0.035731,1.00038016
image,bn,579,-0.06872,1.01656091
image,bn,580,0.001385,1.02485955
image,bn,581,0.025175,0.96451712
image,bn,582,-0.060016,1.04500747
image,bn,583,0.005396,0.9165591
image,bn,584,0.035298,1.07147729
image,bn,585,0.042332,1.01175368
image,bn,586,-0.039135,1.02434981
image,bn,587,0.031112,0.99585181
image,bn,588,0.003583,1.01091981
image,bn,589,0.047601,0.97222871
image,bn,590,-0.072428,1.0107168
image,bn,591,0.015085,1.06064129
image,bn,592,0.033347,1.05892169
image,bn,593,-0.027959,0.99621123
image,bn,594,-0.007592,0.98946613
image,bn,595,-0.013047,0.99892086
image,bn,596,0.052535,0.98500317
image,bn,597,0.018042,0.98823494
image,bn,598,0.013289,0.94150013
image,bn,599,-0.003782,1.05394423
image,bn,600,-0.031897,1.05598497
image,bn,601,0.012616,0.9940443
image,bn,602,-0.021319,0.99870044
image,bn,603,0.028123,1.00772572
image,bn,604,0.01228,1.06527781
image,bn,605,0.00135,0.99454588
image,bn,606,0.083521,1.0177139
image,bn,607,0.081122,1.04255176
image,bn,608,-0.074342,1.04652047
image,bn,609,-0.056588,1.02326202
image,bn,610,0.037237,0.9649592
image,bn,611,-0.029445,1.02581
image,bn,612,0.00378,1.02410579
image,bn,613,0.010729,1.01026607
image,bn,614,-0.010166,1.03858221
image,bn,615,0.04806,1.06196725
image,bn,616,0.040008,1.01971698
image,bn,617,0.010075,0.98516345
image,bn,618,-0.05059,0.98712015
image,bn,619,0.07119,1.00427151
image,bn,620,0.013818,1.02905035
image,bn,621,0.041167,0.98210734
image,bn,622,-0.062158,1.07693493
image,bn,623,-0.052224,0.97094196
image,bn,624,-0.05254,1.02470958
image,bn,625,0.000334,1.01566553
image,bn,626,-0.02013,1.08766592
image,bn,627,0.006295,1.10027182
image,bn,628,-0.018463,1.09108722
image,bn,629,-0.016465,0.9894858
image,bn,630,-0.062539,1.02953339
image,bn,631,-0.01829,0.99543953
image,bn,632,-0.019251,0.98925459
image,bn,633,0.006662,1.00438643
image,bn,634,-0.038966,1.02690399
image,bn,635,0.044417,1.00370014
image,bn,636,0.015226,1.00321269
image,bn,637,-0.014482,1.03258288
image,bn,638,0.068092,1.01128972
image,bn,639,0.064131,1.02314222
image,bn,640,-0.00757,1.02113652
image,bn,641,0.075382,1.02476585
image,bn,642,-0.069252,1.05488241
image,bn,643,0.027761,1.00207818
image,bn,644,0.062322,1.05460775
image,bn,645,-0.004508,1.02355349
image,bn,646,0.066483,0.99765939
image,bn,647,-0.053394,0.92811465
image,bn,648,-0.01596,0.99173868
image,bn,649,-0.018683,1.03810346
image,bn,650,-0.036035,0.99582386
image,bn,651,0.048604,1.05228901
image,bn,652,-0.001474,1.00207019
image,bn,653,0.026626,0.958354
image,bn,654,0.028499,1.03061318
image,bn,655,-0.041607,0.98982298
image,bn,656,0.0016,0.98793823
image,bn,657,-0.006796,1.04846001
image,bn,658,0.034636,1.0115999
image,bn,659,-0.005846,1.02130485
image,bn,660,-0.037053,0.9679085
image,bn,661,-0.003048,0.98074889
image,bn,662,0.072505,1.03022408
image,bn,663,-0.009098,1.01220214
image,bn,664,-0.04293,1.03119028
image,bn,665,-0.017388,0.97547311
image,bn,666,0.024658,0.99284786
image,bn,667,-0.038783,0.95928669
image,bn,668,0.008424,0.96348423
image,bn,669,0.066055,0.97749919
image,bn,670,0.058498,1.0235163
image,bn,671,0.047821,1.01986754
image,bn,672,0.091699,0.97366893
image,bn,673,0.019488,0.99910235
image,bn,674,0.075681,1.06025624
image,bn,675,-0.010624,1.03834307
image,bn,676,0.048258,1.00528681
image,bn,677,-0.002178,1.01791584
image,bn,678,-0.03255,1.00986242
image,bn,679,-0.026028,0.99538523
image,bn,680,-0.023011,0.96340293
image,bn,681,-0.007273,1.01351058
image,bn,682,-0.00616,1.00223398
image,bn,683,0.034465,1.04291892
image,bn,684,-0.072573,0.99920756
image,bn,685,0.039321,1.09532797
image,bn,686,0.068331,0.96464282
image,bn,687,-0.007684,0.99739468
image,bn,688,0.005488,1.03658581
image,bn,689,0.004615,0.97492886
image,bn,690,0.010694,1.02047217
image,bn,691,-0.13749,1.03904951
image,bn,692,0.038973,0.97234946
image,bn,693,0.043222,1.07403946
image,bn,694,0.029597,1.01498115
image,bn,695,0.03923,0.99778444
image,bn,696,-0.011292,1.01111424
image,bn,697,-0.054787,1.00161755
image,bn,698,-0.11927,1.00163698
image,bn,699,0.019149,1.05809307
image,bn,700,0.03644,1.00419509
image,bn,701,-0.019929,0.97641236
image,bn,702,-0.039243,1.00888681
image,bn,703,-0.03003,1.05605483
image,bn,704,0.02027,0.99468118
image,bn,705,-0.039535,1.07378805
image,bn,706,-0.07127,0.96517408
image,bn,707,0.079883,0.99490756
image,bn,708,0.020206,1.02979577
image,bn,709,0.075661,1.03346562
image,bn,710,-0.003533,0.97826165
image,bn,711,0.062206,1.01798129
image,bn,712,-0.008807,0.97396529
image,bn,713,0.01147,0.98754114
image,bn,714,-0.046111,0.9855051
image,bn,715,0.046251,1.07954144
image,bn,716,0.059124,1.00699413
image,bn,717,-0.08337,0.99835151
image,bn,718,-0.014986,1.04932857
image,bn,719,0.058165,1.02205455
image,bn,720,0.070091,0.99433792
image,bn,721,-0.018785,0.95875269
image,bn,722,-0.024565,0.98961347
image,bn,723,0.040682,0.98623466
image,bn,724,0.024404,0.99827307
image,bn,725,0.021589,0.99883842
image,bn,726,-0.003446,0.96668506
image,bn,727,-0.018675,1.00692344
image,bn,728,0.003785,1.03746915
image,bn,729,-0.008934,0.99882323
image,bn,730,-0.038949,1.00642598
image,bn,731,0.051139,1.01068568
image,bn,732,-0.007379,1.05734444
image,bn,733,0.026991,1.02048981
image,bn,734,-0.029003,0.94936085
image,bn,735,0.012303,1.06675196
image,bn,736,-0.038744,0.98984271
image,bn,737,0.045316,1.00923038
image,bn,738,-0.026776,1.00758052
image,bn,739,-0.085642,0.99059021
image,bn,740,-0.004087,1.04218388
image,bn,741,-0.003984,1.00580931
image,bn,742,0.01948,1.04903901
image,bn,743,0.047897,0.95865834
image,bn,744,-0.028688,1.02062488
image,bn,745,0.052102,1.02866185
image,bn,746,-0.016513,1.03453922
image,bn,747,0.021107,1.02528358
image,bn,748,0.020199,0.98265678
image,bn,749,-0.052463,1.01562524
image,bn,750,-0.020484,1.03154683
image,bn,751,0.000588,0.9817521
image,bn,752,0.00272,1.01145184
image,bn,753,-0.009928,1.01613069
image,bn,754,0.03526,1.06301236
image,bn,755,0.061313,0.92689681
image,bn,756,0.004295,1.00743878
image,bn,757,-0.112723,1.04827189
image,bn,758,0.043632,0.98836595
image,bn,759,0.046779,1.00091207
image,bn,760,-0.06782,0.95503742
image,bn,761,-0.06078,1.0255996
image,bn,762,-0.041948,0.98646468
image,bn,763,0.0149,1.00088847
image,bn,764,-0.034654,1.02452195
image,bn,765,0.058554,1.01318634
image,bn,766,-0.007484,1.02994692
image,bn,767,-0.008057,1.05956566
image,bn,768,-0.019794,1.00749266
image,bn,769,-0.075365,0.95553154
image,bn,770,-0.060844,1.04407108
image,bn,771,0.001896,0.97142065
image,bn,772,0.034238,0.98459142
image,bn,773,0.0257,0.99499148
image,bn,774,0.086413,1.0170666
image,bn,775,-0.017969,1.05764627
image,bn,776,0.025695,1.02423906
image,bn,777,0.005723,1.03058362
image,bn,778,0.070484,0.95997822
image,bn,779,-0.043217,1.01331007
image,bn,780,-0.056688,1.02502787
image,bn,781,-0.037013,1.01278722
image,bn,782,-0.003651,1.02693629
image,bn,783,-0.037908,0.99195921
image,bn,784,-0.005519,1.01564527
image,bn,785,0.03605,1.01210225
image,bn,786,-0.087717,0.99361396
image,bn,787,0.017591,1.02351069
image,bn,788,-0.066679,1.01488161
image,bn,789,-0.004211,1.03994703
image,bn,790,-0.032211,1.08413661
image,bn,791,0.021869,0.98477232
image,bn,792,-0.081441,0.94176453
image,bn,793,-0.058838,0.95576429
image,bn,794,0.074771,1.0504477
image,bn,795,0.065528,1.03896046
image,bn,796,0.015896,1.02975917
image,bn,797,-0.09178,1.02543604
image,bn,798,0.012657,1.02589428
image,bn,799,0.002124,1.04098678
image,bn,800,0.024294,1.03832233
image,bn,801,0.011386,1.00952578
image,bn,802,-0.046821,1.07598627
image,bn,803,0.010949,0.99787319
image,bn,804,0.002572,1.04214597
image,bn,805,-0.033064,1.00564492
image,bn,806,0.015089,0.96783382
image,bn,807,0.006191,0.99016911
image,bn,808,0.001299,1.06556141
image,bn,809,0.069976,1.02506137
image,bn,810,0.074674,1.05936289
image,bn,811,-0.013609,0.98788476
image,bn,812,0.013386,1.01620209
image,bn,813,-0.010965,1.02958179
image,bn,814,0.05262,1.02674448
image,bn,815,-0.008487,1.10832334
image,bn,816,0.024406,0.99377328
image,bn,817,-0.013987,1.03117847
image,bn,818,-0.050031,1.03905261
image,bn,819,0.08191,1.02217865
image,bn,820,-0.052651,1.08613944
image,bn,821,-0.028366,1.01920009
image,bn,822,0.007494,1.01023579
image,bn,823,0.086896,1.01316726
image,bn,824,-0.001868,1.00748169
image,bn,825,-0.025003,1.03890347
image,bn,826,-0.015019,1.07410073
image,bn,827,-0.011399,0.99173564
image,bn,828,0.017934,0.98088527
image,bn,829,-0.038037,1.05851698
image,bn,830,0.000122,1.03459823
image,bn,831,0.036701,1.00453103
image,bn,832,0.051222,1.01070154
image,bn,833,-0.063274,1.00740433
image,bn,834,0.077454,0.97444957
image,bn,835,0.033624,1.00576413
image,bn,836,-0.03502,1.03934467
image,bn,837,-0.003506,1.01247132
image,bn,838,-0.00701,1.04331779
image,bn,839,0.069651,0.96835899
image,bn,840,-0.049636,0.98396564
image,bn,841,0.037904,1.01186991
image,bn,842,0.020993,1.11806059
image,bn,843,0.020494,1.0490706
image,bn,844,0.062472,1.02534831
image,bn,845,-0.004477,1.04312813
image,bn,846,0.042119,1.04517317
image,bn,847,0.046318,0.98637962
image,bn,848,-0.028201,1.06247067
image,bn,849,-0.043428,1.01093483
image,bn,850,0.04509,0.98753422
image,bn,851,-0.037623,1.00806987
image,bn,852,0.018937,0.9825899
image,bn,853,-0.014183,0.97175014
image,bn,854,-0.035949,1.01703477
image,bn,855,0.045817,0.95741403
image,bn,856,-0.00527,1.03391898
image,bn,857,-0.072619,1.00175321
image,bn,858,0.007801,0.98546797
image,bn,859,-0.067675,1.02175426
image,bn,860,0.023846,0.95061183
image,bn,861,-0.040911,1.04079962
image,bn,862,0.051016,1.02390337
image,bn,863,0.095046,0.98549885
image,bn,864,-0.081379,1.03019309
image,bn,865,0.059919,1.02213347
image,bn,866,-0.015989,1.00060952
image,bn,867,-0.010188,0.94955164
image,bn,868,0.021768,1.00117886
image,bn,869,0.035041,0.99038821
image,bn,870,-0.071018,0.99895263
image,bn,871,0.038999,0.98566216
image,bn,872,-0.056443,1.02571595
image,bn,873,0.027138,1.00318897
image,bn,874,-0.010422,1.08919871
image,bn,875,-0.049039,1.01231778
image,bn,876,0.032239,1.02698565
image,bn,877,-0.087565,1.02518737
image,bn,878,0.05608,1.05231416
image,bn,879,0.022175,1.03869164
image,bn,880,0.028505,1.00609314
image,bn,881,0.012677,1.00205052
image,bn,882,-0.010854,1.03519523
image,bn,883,-0.034698,1.04963577
image,bn,884,-0.023253,0.98527783
image,bn,885,-0.029765,1.00797915
image,bn,886,0.068679,1.0166229
image,bn,887,-0.086291,1.01447558
image,bn,888,0.037263,1.02797723
image,bn,889,0.014206,0.99325579
image,bn,890,0.062557,1.01804566
image,bn,891,-0.00271,1.00581586
image,bn,892,-0.05091,0.96017915
image,bn,893,0.001507,1.01270342
image,bn,894,-0.058896,0.96418846
image,bn,895,-0.004735,1.02260184
image,bn,896,-0.091176,0.95707071
image,bn,897,0.059484,0.99231714
image,bn,898,-0.07919,0.9969539
image,bn,899,-0.001951,1.00393951
image,bn,900,0.005568,1.00337338
image,bn,901,-0.03508,1.03578269
image,bn,902,0.008574,0.97490394
image,bn,903,0.005216,1.01246941
image,bn,904,0.072749,0.99228871
image,bn,905,0.000981,1.00356662
image,bn,906,-0.010432,1.02505958
image,bn,907,0.03102,1.03441954
image,bn,908,-0.022921,1.03511977
image,bn,909,0.023681,0.93852639
image,bn,910,-0.042353,0.99506515
image,bn,911,0.032901,1.01017797
image,bn,912,-0.00876,0.98576754
image,bn,913,0.06569,1.07894504
image,bn,914,-0.038741,1.02093709
image,bn,915,0.150544,0.99712318
image,bn,916,0.029814,1.00396395
image,bn,917,0.100616,0.9589799
image,bn,918,0.060245,1.03481853
image,bn,919,-0.006197,1.03428519
image,bn,920,-0.014132,1.02981496
image,bn,921,-0.057019,1.00966942
image,bn,922,0.071082,0.97778755
image,bn,923,-0.003204,1.02495074
image,bn,924,-0.052509,0.95688808
image,bn,925,-0.068618,1.02910089
image,bn,926,0.078989,1.01077652
image,bn,927,0.034666,1.02284908
image,bn,928,-0.034359,1.01971436
image,bn,929,-0.049895,1.02426219
image,bn,930,-0.033029,0.98408383
image,bn,931,-0.02131,1.05217588
image,bn,932,0.021494,0.98681194
image,bn,933,-0.005175,1.0116396
image,bn,934,0.034692,0.99302125
image,bn,935,-0.026287,0.9975493
image,bn,936,0.011131,1.02706158
image,bn,937,-0.061363,1.04256463
image,bn,938,0.048459,0.9541201
image,bn,939,0.050907,1.00097883
image,bn,940,0.032307,0.99658388
image,bn,941,-0.020152,0.94566196
image,bn,942,0.002744,1.02951884
image,bn,943,-0.015996,1.05042613
image,bn,944,0.081301,1.01876593
image,bn,945,-0.045882,1.0083729
image,bn,946,-0.071083,1.05920601
image,bn,947,-0.004296,1.02383983
image,bn,948,0.019389,1.00009656
image,bn,949,0.040212,1.03030717
image,bn,950,-0.050264,1.01693797
image,bn,951,-0.052875,0.99438709
image,bn,952,-0.030287,1.01441181
image,bn,953,-0.020358,1.03986931
image,bn,954,0.024169,1.00301743
image,bn,955,0.067356,0.97534233
image,bn,956,-0.044121,0.97740096
image,bn,957,-0.056951,1.0489316
image,bn,958,-0.107853,1.12358141
image,bn,959,0.069036,1.05439949
image,bn,960,0.031401,1.03127706
image,bn,961,0.026071,0.94456697
image,bn,962,0.03596,1.01289022
image,bn,963,-0.025651,1.02394652
image,bn,964,0.006833,1.01716006
image,bn,965,-0.080914,1.00596392
image,bn,966,0.031423,0.98733127
image,bn,967,-0.023982,1.00417686
image,bn,968,-0.018524,1.00429368
image,bn,969,0.036707,0.99010682
image,bn,970,0.013113,0.99004281
image,bn,971,0.09065,1.05776501
image,bn,972,-0.016163,1.0271616
image,bn,973,0.002317,0.97547936
image,bn,974,0.020535,1.05205071
image,bn,975,0.042119,1.04622924
image,bn,976,0.041749,1.03830516
image,bn,977,0.027631,1.02378321
image,bn,978,-0.072202,1.02560067
image,bn,979,-0.00177,1.03019404
image,bn,980,-0.01394,0.97650713
image,bn,981,-0.038204,0.95984238
image,bn,982,-0.037685,1.02462149
image,bn,983,0.017062,1.04311597
image,bn,984,0.049975,1.02335024
image,bn,985,0.093791,1.02507794
image,bn,986,-0.011529,0.98886156
image,bn,987,0.062466,1.01923192
image,bn,988,-0.052622,0.99397898
image,bn,989,-0.070461,1.01697075
image,bn,990,-0.028903,1.04570198
image,bn,991,0.063994,1.01583076
image,bn,992,-0.052217,1.03074467
image,bn,993,0.054585,1.03536177
image,bn,994,0.031262,0.98316389
image,bn,995,-0.07954,1.01029527
image,bn,996,0.005293,0.98237431
image,bn,997,-0.037467,0.99203122
image,bn,998,-0.019074,1.02148736
image,bn,999,-0.000907,1.04030001
image,bn,1000,-0.031421,0.99374473
image,bn,1001,-0.055667,1.05398178
image,bn,1002,0.004933,0.9698711
image,bn,1003,-0.077888,1.04308414
image,bn,1004,-0.060208,0.98058432
image,bn,1005,-0.050661,1.01575112
image,bn,1006,0.06615,1.06709707
image,bn,1007,-0.014149,1.00093162
image,bn,1008,0.0779,0.9766804
image,bn,1009,-0.026776,1.03305006
image,bn,1010,-0.059688,0.97238845
image,bn,1011,0.115959,0.97358537
image,bn,1012,0.018411,1.02338207
image,bn,1013,0.080428,0.99125922
image,bn,1014,0.057648,0.96596634
image,bn,1015,0.083914,1.09026206
image,bn,1016,0.049484,0.96834242
image,bn,1017,-0.046136,0.98964256
image,bn,1018,-0.015964,0.96455199
image,bn,1019,-0.03678,0.99715853
image,bn,1020,-0.016181,1.01393354
image,bn,1021,0.054276,1.00838864
image,bn,1022,0.009836,0.99280697
image,bn,1023,0.060183,0.96606487
image,z,0,-0.000483,0.00092238
image,z,1,-0.001207,0.00094597
image,z,2,-0.000235,0.00093011
image,z,3,8.2e-05,0.00087309
image,z,4,-0.000649,0.00090702
image,z,5,-0.002789,0.00093501
image,z,6,-0.000853,0.00095661
image,z,7,0.000922,0.0010023
image,z,8,-0.000297,0.00088088
image,z,9,0.000843,0.00083354
image,z,10,0.000782,0.00086814
image,z,11,0.000123,0.00087473
image,z,12,0.00083,0.00086103
image,z,13,0.001261,0.00082302
image,z,14,-0.000551,0.00087304
image,z,15,0.001152,0.00080456
image,z,16,-0.000536,0.00083708
image,z,17,0.000374,0.00081757
image,z,18,0.000343,0.00074583
image,z,19,0.001018,0.00078981
image,z,20,0.000985,0.00080336
image,z,21,0.000108,0.00080546
image,z,22,0.000495,0.00078517
image,z,23,0.000879,0.00079029
image,z,24,-0.00172,0.00076495
image,z,25,-0.000599,0.00079141
image,z,26,-0.000978,0.00082958
image,z,27,0.00149,0.00074222
image,z,28,-0.001939,0.00084706
image,z,29,-0.001014,0.00082065
image,z,30,-0.000243,0.00078421
image,z,31,0.000372,0.00086976
image,z,32,0.001137,0.00076149
image,z,33,0.000309,0.00080251
image,z,34,-0.000701,0.0007459
image,z,35,-0.001225,0.00078264
image,z,36,-0.001658,0.00086184
image,z,37,0.001216,0.00075858
image,z,38,-0.001094,0.00076049
image,z,39,0.00102,0.00078903
image,z,40,-0.001557,0.00076091
image,z,41,0.000137,0.00078574
image,z,42,-0.002497,0.00076833
image,z,43,0.001731,0.00075393
image,z,44,0.000291,0.00079772
image,z,45,0.001722,0.00077108
image,z,46,0.000277,0.00077401
image,z,47,-0.000864,0.00077552
image,z,48,-0.001355,0.00079407
image,z,49,-7.8e-05,0.00075452
image,z,50,0.000764,0.0007711
image,z,51,0.000775,0.00078597
image,z,52,-0.000327,0.00075867
image,z,53,-6.9e-05,0.00075117
image,z,54,-0.000368,0.0007459
image,z,55,0.000361,0.00072839
image,z,56,-0.002139,0.00082704
image,z,57,0.00105,0.00073916
image,z,58,-0.001297,0.00076749
image,z,59,-0.001921,0.00078488
image,z,60,0.000353,0.00081285
image,z,61,-0.000151,0.00079068
image,z,62,0.002087,0.0008224
image,z,63,0.001445,0.00081172
image,z,64,-0.001188,0.00078865
image,z,65,0.000655,0.00076131
image,z,66,-0.001956,0.00076828
image,z,67,-0.001855,0.00076728
image,z,68,0.000586,0.00074949
image,z,69,0.000814,0.00075224
image,z,70,0.000194,0.00080446
image,z,71,-0.001167,0.00079876
image,z,72,0.000256,0.00089624
image,z,73,9.7e-05,0.00087807
image,z,74,0.001165,0.00077913
image,z,75,9.7e-05,0.00074937
image,z,76,-0.000792,0.00079224
image,z,77,-0.002594,0.0008187
image,z,78,0.000845,0.00082067
image,z,79,0.001408,0.00080023
image,z,80,0.000821,0.00071055
image,z,81,0.000182,0.00074517
image,z,82,0.003719,0.00078226
image,z,83,0.001313,0.00081143
image,z,84,0.000808,0.00082
image,z,85,-0.00021,0.00077335
image,z,86,-0.000263,0.00077241
image,z,87,-0.000563,0.00080235
image,z,88,-5e-05,0.0008143
image,z,89,0.002155,0.00080271
image,z,90,-0.00037,0.00076437
image,z,91,0.000476,0.0007517
image,z,92,0.000358,0.00074879
image,z,93,0.000528,0.00085433
image,z,94,0.000176,0.00080884
image,z,95,-0.000425,0.00079582
image,z,96,-0.000714,0.00077291
image,z,97,0.001604,0.00081376
image,z,98,-0.000296,0.00078254
image,z,99,0.003047,0.00074617
image,z,100,-0.000835,0.00076428
image,z,101,-0.00052,0.00078116
image,z,102,0.001694,0.00078789
image,z,103,0.000134,0.00081923
image,z,104,0.000969,0.00077209
image,z,105,-0.001133,0.00077432
image,z,106,0.000454,0.00082287
image,z,107,-0.001407,0.00075878
image,z,108,0.000346,0.0007529
image,z,109,-0.00077,0.000814
image,z,110,0.000131,0.00081505
image,z,111,-0.000448,0.00082488
image,z,112,0.001516,0.0007807
image,z,113,-0.000673,0.00079659
image,z,114,-0.002631,0.00081011
image,z,115,-0.001227,0.00074563
image,z,116,0.000156,0.00078648
image,z,117,0.00049,0.0007689
image,z,118,-0.00031,0.00072569
image,z,119,0.001718,0.00072569
image,z,120,0.001921,0.00078606
image,z,121,0.001297,0.00074841
image,z,122,-0.002082,0.00080035
image,z,123,0.000863,0.00082094
image,z,124,-0.000733,0.00080398
image,z,125,0.000184,0.00084056
image,z,126,-0.000856,0.00080927
image,z,127,0.000213,0.00076892
image,z,128,0.000357,0.00083299
image,z,129,-0.000371,0.00078674
image,z,130,0.001067,0.00080601
image,z,131,8.5e-05,0.00079512
image,z,132,0.000167,0.00082312
image,z,133,0.000539,0.00079737
image,z,134,0.000584,0.00076509
image,z,135,-0.000594,0.00086541
image,z,136,-0.001552,0.00079409
image,z,137,-0.000126,0.00084243
image,z,138,-0.000334,0.00075504
image,z,139,7.5e-05,0.00081504
image,z,140,-0.001519,0.00085629
image,z,141,0.001012,0.00085379
image,z,142,-0.001255,0.0008583
image,z,143,0.002126,0.00074852
image,z,144,-0.002953,0.00079022
image,z,145,-0.000573,0.00088906
image,z,146,0.000821,0.00079117
image,z,147,8.2e-05,0.00080428
image,z,148,-0.000726,0.0008191
image,z,149,0.001121,0.00081299
image,z,150,-9.9e-05,0.00084072
image,z,151,-0.000516,0.00082363
image,z,152,-0.001332,0.00086478
image,z,153,0.00218,0.00074893
image,z,154,-0.000313,0.00075493
image,z,155,-0.000259,0.00080848
image,z,156,-0.000928,0.00079111
image,z,157,0.001246,0.00082539
image,z,158,-0.000594,0.0009297
image,z,159,-0.00139,0.00080025
image,z,160,0.000798,0.00077594
image,z,161,0.000539,0.00081734
image,z,162,0.000149,0.0007933
image,z,163,0.001131,0.00081898
image,z,164,-0.001391,0.00075549
image,z,165,-0.001118,0.00087207
image,z,166,-0.000574,0.00078485
image,z,167,0.001144,0.00083373
image,z,168,0.000202,0.00086175
image,z,169,9.5e-05,0.00078401
image,z,170,-0.000503,0.0008932
image,z,171,0.002277,0.00084546
image,z,172,0.000634,0.00087304
image,z,173,-0.00083,0.00080593
image,z,174,-0.000749,0.00080372
image,z,175,-0.00281,0.00079364
image,z,176,-0.002378,0.00078392
image,z,177,-0.000379,0.00082184
image,z,178,0.002084,0.00086231
image,z,179,-0.001088,0.00082815
image,z,180,-0.000902,0.00081524
image,z,181,0.000325,0.00089531
image,z,182,-0.002,0.00081734
image,z,183,3.2e-05,0.00081186
image,z,184,-0.000529,0.00084447
image,z,185,0.000153,0.00080769
image,z,186,-0.000537,0.00079517
image,z,187,0.001561,0.00078271
image,z,188,-0.000463,0.00082804
image,z,189,-0.000115,0.00079846
image,z,190,-0.000505,0.00077872
image,z,191,0.002218,0.00076397
image,z,192,-0.001258,0.00073381
image,z,193,0.001067,0.00082469
image,z,194,-0.002068,0.00084602
image,z,195,-0.001947,0.00082874
image,z,196,-0.000644,0.00076507
image,z,197,-0.002047,0.00075309
image,z,198,-0.000422,0.0008767
image,z,199,-0.000337,0.00084245
image,z,200,-0.001092,0.00079883
image,z,201,-0.002507,0.0008023
image,z,202,-0.001341,0.00078884
image,z,203,-0.000331,0.00082221
image,z,204,-0.000256,0.00077467
image,z,205,0.000943,0.00079287
image,z,206,0.00092,0.00083355
image,z,207,0.000427,0.00090454
image,z,208,-0.00101,0.0008098
image,z,209,-6.8e-05,0.00085186
image,z,210,0.001432,0.0008007
image,z,211,-0.000689,0.00079964
image,z,212,-0.002085,0.00079946
image,z,213,-0.002543,0.00088787
image,z,214,-0.00077,0.00082839
image,z,215,0.000225,0.00079499
image,z,216,0.000647,0.00077829
image,z,217,-0.000249,0.00088027
image,z,218,-0.000478,0.00088916
image,z,219,-0.000829,0.00084298
image,z,220,-0.001794,0.00088838
image,z,221,0.000423,0.00081872
image,z,222,0.001783,0.00078351
image,z,223,0.002314,0.00079264
image,z,224,0.001,0.00077415
image,z,225,-0.002922,0.000878
image,z,226,0.001299,0.00090813
image,z,227,-0.002143,0.00085285
image,z,228,-0.000347,0.0008071
image,z,229,-1.3e-05,0.00083307
image,z,230,0.00314,0.00083615
image,z,231,0.002001,0.00087495
image,z,232,-0.000133,0.00078168
image,z,233,-0.00062,0.00077611
image,z,234,-0.000539,0.00080535
image,z,235,-0.001373,0.00078547
image,z,236,-0.002529,0.00086357
image,z,237,-0.000538,0.000812
image,z,238,-0.000638,0.00088551
image,z,239,-0.002036,0.00078517
image,z,240,0.000202,0.00081381
image,z,241,0.000182,0.00078268
image,z,242,0.000309,0.00079769
image,z,243,0.000197,0.00090215
image,z,244,0.000973,0.00079218
image,z,245,-0.002786,0.00079673
image,z,246,-0.00086,0.00076984
image,z,247,-0.000403,0.00084207
image,z,248,-0.001408,0.00074358
image,z,249,-0.001735,0.00082551
image,z,250,-0.000119,0.00074479
image,z,251,-0.002902,0.00077076
image,z,252,0.001699,0.0008057
image,z,253,0.000586,0.0008073
image,z,254,-0.00107,0.00075079
image,z,255,-0.001419,0.00082487
image,z,256,-0.000592,0.0008787
image,z,257,-0.000636,0.00087441
image,z,258,-0.001424,0.0008794
image,z,259,0.000914,0.00087209
image,z,260,0.000798,0.00084988
image,z,261,-0.000226,0.00093266
image,z,262,-0.00012,0.00097686
image,z,263,0.000884,0.00087425
image,z,264,0.001807,0.00091898
image,z,265,-0.001549,0.00084806
image,z,266,-0.000594,0.00090833
image,z,267,0.001016,0.00079546
image,z,268,0.001827,0.00082608
image,z,269,0.000605,0.00089362
image,z,270,-0.00033,0.00084895
image,z,271,-0.000592,0.00081204
image,z,272,0.003224,0.00087168
image,z,273,0.001079,0.00088487
image,z,274,6.4e-05,0.0008986
image,z,275,0.002062,0.0008349
image,z,276,0.000763,0.00092941
image,z,277,-0.000421,0.00094373
image,z,278,-0.002063,0.00079116
image,z,279,-0.000649,0.00083793
image,z,280,-0.001572,0.00086101
image,z,281,-0.000707,0.00084478
image,z,282,0.001023,0.00089656
image,z,283,2.2e-05,0.00085042
image,z,284,0.000222,0.00082587
image,z,285,7.9e-05,0.00093454
image,z,286,0.00039,0.00081892
image,z,287,0.001524,0.00092842
image,z,288,0.001788,0.00085429
image,z,289,-0.0008,0.00084886
image,z,290,0.002777,0.00088288
image,z,291,-0.000623,0.00092476
image,z,292,0.000224,0.00082495
image,z,293,-0.002153,0.00084262
image,z,294,-0.001087,0.00087077
image,z,295,0.000196,0.00100077
image,z,296,0.00041,0.00083576
image,z,297,0.000977,0.00087957
image,z,298,-0.001891,0.00096629
image,z,299,0.000836,0.0008358
image,z,300,-0.001372,0.00081495
image,z,301,-0.000118,0.00086956
image,z,302,0.001045,0.00089158
image,z,303,-0.00102,0.00091989
image,z,304,-0.002464,0.00090186
image,z,305,-0.001498,0.00089061
image,z,306,-0.003055,0.0008721
image,z,307,0.004496,0.00097213
image,z,308,0.002277,0.00081437
image,z,309,0.001163,0.00085693
image,z,310,0.002393,0.00088304
image,z,311,0.002455,0.00089652
image,z,312,-0.000386,0.00083723
image,z,313,0.001297,0.00083805
image,z,314,-0.000671,0.00087064
image,z,315,0.000829,0.00091624
image,z,316,0.00089,0.00094621
image,z,317,-0.001164,0.0009452
image,z,318,-0.000527,0.00088856
image,z,319,-1.7e-05,0.00086542
image,z,320,-0.000357,0.00094603
image,z,321,-0.00095,0.00083615
image,z,322,3.9e-05,0.00091858
image,z,323,0.000594,0.00082011
image,z,324,0.001289,0.00086453
image,z,325,-0.000322,0.00083815
image,z,326,-0.000141,0.00088595
image,z,327,-0.00142,0.00088363
image,z,328,0.001921,0.00090301
image,z,329,-0.002037,0.00079344
image,z,330,0.000713,0.00085266
image,z,331,-0.000219,0.00090491
image,z,332,0.002285,0.0008292
image,z,333,-0.001384,0.00087058
image,z,334,-0.00136,0.00085396
image,z,335,-0.000708,0.00088724
image,z,336,-0.000876,0.00089569
image,z,337,6.2e-05,0.00084379
image,z,338,0.001397,0.00086683
image,z,339,0.001053,0.00086573
image,z,340,0.001297,0.00089608
image,z,341,0.000348,0.00087587
image,z,342,0.000918,0.00089707
image,z,343,-0.000286,0.00091555
image,z,344,-0.001682,0.00099124
image,z,345,0.0012,0.00091072
image,z,346,0.002337,0.00080843
image,z,347,0.004231,0.00085887
image,z,348,0.000181,0.00088638
image,z,349,-0.000541,0.00079718
image,z,350,-0.001994,0.00101827
image,z,351,-0.001518,0.00095586
image,z,352,-1e-05,0.0009125
image,z,353,0.001978,0.00083622
image,z,354,-0.000532,0.00088107
image,z,355,0.000691,0.00076832
image,z,356,0.002332,0.00085106
image,z,357,-0.000268,0.00086905
image,z,358,0.000829,0.00084099
image,z,359,0.001716,0.00079456
image,z,360,-0.000393,0.00089982
image,z,361,-0.000718,0.0009286
image,z,362,-0.001347,0.00084657
image,z,363,-0.002198,0.00089144
image,z,364,0.001776,0.00086347
image,z,365,0.001071,0.00087369
image,z,366,-0.000216,0.00085172
image,z,367,0.000661,0.00091009
image,z,368,0.000518,0.00084648
image,z,369,0.002327,0.00081517
image,z,370,0.002609,0.00081396
image,z,371,0.000987,0.00086378
image,z,372,0.000749,0.0008312
image,z,373,-0.000697,0.00084771
image,z,374,-9.8e-05,0.00093251
image,z,375,0.000102,0.00084592
image,z,376,0.000833,0.00096302
image,z,377,-0.001093,0.00083021
image,z,378,0.000354,0.00087922
image,z,379,0.001077,0.00094521
image,z,380,0.002087,0.00085929
image,z,381,9.3e-05,0.00083035
image,z,382,0.001024,0.00100182
image,z,383,-0.000983,0.00094366
image,z,384,0.000246,0.00086574
image,z,385,-0.000664,0.00084451
image,z,386,0.000842,0.00082505
image,z,387,0.000127,0.00100063
image,z,388,0.000131,0.00088079
image,z,389,-0.002244,0.0008481
image,z,390,0.001647,0.00091854
image,z,391,-0.002865,0.00083093
image,z,392,-0.001466,0.00080898
image,z,393,0.000741,0.00078192
image,z,394,-1.8e-05,0.00091133
image,z,395,0.000911,0.00106356
image,z,396,0.001544,0.0008941
image,z,397,0.002193,0.0009003
image,z,398,-0.001148,0.00089959
image,z,399,0.000316,0.0008598
image,z,400,0.000873,0.00086054
image,z,401,-0.000302,0.00083464
image,z,402,0.000657,0.00084493
image,z,403,0.000759,0.00084909
image,z,404,-0.000269,0.00079788
image,z,405,-0.003,0.0009102
image,z,406,-0.000935,0.00079456
image,z,407,0.000899,0.00087603
image,z,408,-0.00101,0.00085316
image,z,409,0.001013,0.00093506
image,z,410,0.000333,0.00084081
image,z,411,0.000917,0.00079756
image,z,412,0.001412,0.00079656
image,z,413,-0.000789,0.00105295
image,z,414,0.000124,0.00081037
image,z,415,0.000244,0.00081681
image,z,416,-0.000669,0.00097069
image,z,417,-0.000182,0.00083481
image,z,418,0.000377,0.00089506
image,z,419,-0.001737,0.00083364
image,z,420,-0.000831,0.00085996
image,z,421,-0.000999,0.00080326
image,z,422,-0.001285,0.00097864
image,z,423,-0.001923,0.00089138
image,z,424,-0.000226,0.00085293
image,z,425,-0.000423,0.00082439
image,z,426,0.001704,0.00090759
image,z,427,-0.002773,0.00083783
image,z,428,-6.9e-05,0.00083925
image,z,429,0.00238,0.00084583
image,z,430,0.001018,0.00092419
image,z,431,0.00124,0.00086495
image,z,432,0.001871,0.00082335
image,z,433,-0.000397,0.00093509
image,z,434,-0.000792,0.00093498
image,z,435,-0.000845,0.00093699
image,z,436,0.001474,0.00082658
image,z,437,0.001324,0.00081065
image,z,438,0.000176,0.00086376
image,z,439,2.3e-05,0.00084489
image,z,440,-0.000426,0.00085213
image,z,441,-0.00101,0.0008246
image,z,442,-0.001626,0.00099102
image,z,443,0.001941,0.00079544
image,z,444,0.001483,0.00093041
image,z,445,0.001391,0.00085375
image,z,446,-0.000718,0.00085109
image,z,447,0.000269,0.00078109
image,z,448,-0.002103,0.00076777
image,z,449,0.000616,0.00089455
image,z,450,0.001306,0.00081642
image,z,451,0.000549,0.00097917
image,z,452,-0.001072,0.00087826
image,z,453,0.001779,0.00089342
image,z,454,0.000513,0.00084439
image,z,455,-0.000717,0.000887
image,z,456,0.001229,0.00084579
image,z,457,1.6e-05,0.00083351
image,z,458,-0.00121,0.00084808
image,z,459,-1.9e-05,0.00089792
image,z,460,0.001195,0.00084095
image,z,461,0.001485,0.00081069
image,z,462,0.000454,0.00082955
image,z,463,-0.0008,0.00081642
image,z,464,0.000576,0.00090322
image,z,465,-0.000497,0.00081304
image,z,466,0.001082,0.00094364
image,z,467,-0.001959,0.00088365
image,z,468,-0.000691,0.00087769
image,z,469,-0.000198,0.00093191
image,z,470,-0.000896,0.00088347
image,z,471,-0.001343,0.00084821
image,z,472,-0.00079,0.00102912
image,z,473,-0.000433,0.00082038
image,z,474,0.00011,0.00087443
image,z,475,0.000604,0.00085373
image,z,476,-0.001798,0.00081059
image,z,477,-0.001207,0.00081347
image,z,478,0.000806,0.00086393
image,z,479,0.00248,0.00093491
image,z,480,0.001022,0.00078922
image,z,481,0.001631,0.00080368
image,z,482,0.002204,0.00085172
image,z,483,-0.002491,0.00090487
image,z,484,-0.001278,0.00078872
image,z,485,-0.001594,0.0008593
image,z,486,0.002148,0.00081274
image,z,487,0.000954,0.00084126
image,z,488,-0.00241,0.00084513
image,z,489,0.000756,0.00083246
image,z,490,-0.002374,0.00098494
image,z,491,0.000468,0.0009025
image,z,492,-0.000205,0.00093303
image,z,493,0.000486,0.00082825
image,z,494,-0.000658,0.00077242
image,z,495,8.6e-05,0.00096711
image,z,496,-0.000688,0.00091729
image,z,497,-0.000875,0.00092984
image,z,498,0.000121,0.00085124
image,z,499,-0.000794,0.00099972
image,z,500,-0.001041,0.00087913
image,z,501,-0.001036,0.00087684
image,z,502,0.000931,0.000821
image,z,503,0.000668,0.00082042
image,z,504,0.002054,0.00081237
image,z,505,0.001005,0.00093735
image,z,506,-0.001406,0.00086633
image,z,507,0.001433,0.00093158
image,z,508,0.000353,0.00090477
image,z,509,0.000988,0.00092517
image,z,510,-0.001855,0.00091483
image,z,511,-5.9e-05,0.00084902
image,z,512,-0.000837,0.00112053
image,z,513,7.9e-05,0.00111404
image,z,514,0.000711,0.00106238
image,z,515,-0.00242,0.00103367
image,z,516,-0.00252,0.00115951
image,z,517,-0.000557,0.00111804
image,z,518,-0.001008,0.00107906
image,z,519,-0.001058,0.00112379
image,z,520,0.000638,0.00114039
image,z,521,-0.001654,0.00111609
image,z,522,-0.000538,0.00109568
image,z,523,-0.000351,0.00112375
image,z,524,0.0005,0.00110133
image,z,525,-0.001933,0.00115213
image,z,526,0.000219,0.00111245
image,z,527,-0.000764,0.00121518
image,z,528,0.002001,0.00109416
image,z,529,-0.000573,0.00117878
image,z,530,-0.000583,0.00107702
image,z,531,0.00156,0.00110582
image,z,532,-0.001475,0.00111589
image,z,533,-0.001005,0.0011467
image,z,534,-8.2e-05,0.00112399
image,z,535,0.00166,0.00104804
image,z,536,-2.2e-05,0.00110967
image,z,537,0.001243,0.00103753
image,z,538,0.000774,0.00112635
image,z,539,-0.000192,0.00112335
image,z,540,-0.001701,0.00108499
image,z,541,0.000485,0.00110118
image,z,542,-6e-06,0.00111444
image,z,543,0.000514,0.00111218
image,z,544,-0.001186,0.00106753
image,z,545,-0.000793,0.001068
image,z,546,0.002368,0.00111423
image,z,547,-0.00479,0.00114615
image,z,548,-0.001746,0.00104956
image,z,549,0.001961,0.00111875
image,z,550,-0.000221,0.00115594
image,z,551,-0.002918,0.00107793
image,z,552,-0.000586,0.00107734
image,z,553,-0.00154,0.00110697
image,z,554,-6.3e-05,0.00118033
image,z,555,-0.001245,0.00109725
image,z,556,0.00022,0.0010966
image,z,557,-0.000829,0.00121852
image,z,558,7.5e-05,0.00108818
image,z,559,-0.001905,0.00104992
image,z,560,-0.002316,0.00107349
image,z,561,0.002478,0.00108572
image,z,562,-0.002272,0.00113954
image,z,563,0.0005,0.0010927
image,z,564,-0.000171,0.00108372
image,z,565,0.000574,0.00109824
image,z,566,0.000747,0.00107531
image,z,567,0.000539,0.00115229
image,z,568,-0.002948,0.00111662
image,z,569,-0.001289,0.00117777
image,z,570,0.000543,0.00112289
image,z,571,-0.002226,0.00113329
image,z,572,-0.000226,0.00113194
image,z,573,-0.000849,0.00104388
image,z,574,-1e-05,0.00111884
image,z,575,0.002627,0.00114086
image,z,576,0.003025,0.00109071
image,z,577,0.000405,0.00105772
image,z,578,0.000842,0.00111168
image,z,579,-0.002587,0.00109455
image,z,580,-1.3e-05,0.00111917
image,z,581,0.001145,0.00105558
image,z,582,-0.001986,0.00113152
image,z,583,-0.000303,0.00099507
image,z,584,0.000772,0.00115767
image,z,585,0.001451,0.00112793
image,z,586,-0.000898,0.00110913
image,z,587,0.000696,0.0010756
image,z,588,0.000118,0.00109887
image,z,589,0.001553,0.00106685
image,z,590,-0.001939,0.00112649
image,z,591,0.000498,0.00116119
image,z,592,0.001116,0.00115779
image,z,593,-0.000876,0.00108931
image,z,594,0.000686,0.0010959
image,z,595,2.7e-05,0.00110082
image,z,596,0.001791,0.00107963
image,z,597,0.000483,0.00107531
image,z,598,0.000594,0.00105348
image,z,599,0.000136,0.00114176
image,z,600,-0.001173,0.00113655
image,z,601,6e-06,0.00108275
image,z,602,-0.001303,0.0010944
image,z,603,0.000623,0.00110464
image,z,604,0.000185,0.00115402
image,z,605,0.000296,0.00109498
image,z,606,0.002827,0.00111304
image,z,607,0.002433,0.0011635
image,z,608,-0.001952,0.00113632
image,z,609,-0.001863,0.00114866
image,z,610,0.001701,0.00104838
image,z,611,-0.001004,0.00110871
image,z,612,0.000267,0.00111281
image,z,613,0.000226,0.00109494
image,z,614,-0.000389,0.00114315
image,z,615,0.001367,0.00115374
image,z,616,0.001652,0.00111359
image,z,617,0.000521,0.00106646
image,z,618,-0.001881,0.00108445
image,z,619,0.00245,0.00111708
image,z,620,0.000632,0.00109752
image,z,621,0.001171,0.0010646
image,z,622,-0.002044,0.00117022
image,z,623,-0.001591,0.00106175
image,z,624,-0.001801,0.00111062
image,z,625,-0.000654,0.00114176
image,z,626,-0.000389,0.00119165
image,z,627,0.000438,0.00118072
image,z,628,-0.000562,0.00120995
image,z,629,-0.000454,0.00106608
image,z,630,-0.002373,0.00112218
image,z,631,-0.000686,0.00109232
image,z,632,-0.00061,0.0010835
image,z,633,0.000957,0.00114227
image,z,634,-0.000774,0.00112596
image,z,635,0.001319,0.00111256
image,z,636,0.000429,0.0010977
image,z,637,-9.7e-05,0.00109836
image,z,638,0.002226,0.00109995
image,z,639,0.002392,0.00110672
image,z,640,-0.000306,0.00111944
image,z,641,0.002369,0.00115156
image,z,642,-0.002691,0.00117187
image,z,643,0.000167,0.0010949
image,z,644,0.00217,0.00118434
image,z,645,-0.000216,0.00110838
image,z,646,0.002258,0.0010719
image,z,647,-0.001858,0.00100426
image,z,648,-0.000288,0.00110513
image,z,649,-0.001091,0.00116685
image,z,650,-0.001137,0.00108492
image,z,651,0.001556,0.00112805
image,z,652,-0.000115,0.00110941
image,z,653,0.001299,0.00105498
image,z,654,0.001362,0.00112602
image,z,655,-0.001454,0.00106127
image,z,656,0.000288,0.00110067
image,z,657,-0.000295,0.00111584
image,z,658,0.001996,0.00108642
image,z,659,-0.000123,0.00111931
image,z,660,-0.00107,0.00106248
image,z,661,-0.000564,0.00108357
image,z,662,0.001957,0.00110962
image,z,663,-0.000311,0.0010802
image,z,664,-0.001718,0.00111914
image,z,665,-0.000349,0.00106656
image,z,666,0.000937,0.00109254
image,z,667,-0.001682,0.00107748
image,z,668,0.000235,0.00105932
image,z,669,0.002209,0.00105531
image,z,670,0.002213,0.00110352
image,z,671,0.001563,0.00109487
image,z,672,0.002671,0.00106757
image,z,673,0.000821,0.00107243
image,z,674,0.002523,0.00115356
image,z,675,-0.000181,0.00119762
image,z,676,0.00116,0.00111225
image,z,677,-0.000142,0.0011164
image,z,678,-0.000829,0.00108833
image,z,679,-0.000793,0.00108873
image,z,680,-0.000725,0.00105746
image,z,681,-0.000416,0.00109475
image,z,682,-0.000687,0.00108052
image,z,683,0.001163,0.00114891
image,z,684,-0.002585,0.00108665
image,z,685,0.001848,0.00121117
image,z,686,0.002183,0.00106918
image,z,687,-0.000275,0.00108852
image,z,688,-0.000212,0.00112318
image,z,689,-0.000155,0.00106882
image,z,690,0.000138,0.00112855
image,z,691,-0.004198,0.00111889
image,z,692,0.001198,0.00105651
image,z,693,0.001544,0.00115553
image,z,694,0.000613,0.0011425
image,z,695,0.000734,0.00108733
image,z,696,-0.000149,0.00110786
image,z,697,-0.001542,0.00109516
image,z,698,-0.004177,0.00107567
image,z,699,0.000649,0.00113188
image,z,700,0.001449,0.0010887
image,z,701,-0.000766,0.00106792
image,z,702,-0.001652,0.00109699
image,z,703,-0.001134,0.0011845
image,z,704,0.000464,0.00110573
image,z,705,-0.001568,0.00117469
image,z,706,-0.002359,0.00105301
image,z,707,0.002555,0.00109291
image,z,708,0.000638,0.00112905
image,z,709,0.00262,0.0011276
image,z,710,-1.5e-05,0.00107126
image,z,711,0.001775,0.00110649
image,z,712,-0.000235,0.00106306
image,z,713,0.000482,0.00107198
image,z,714,-0.00097,0.00110051
image,z,715,0.001592,0.00117388
image,z,716,0.001642,0.00112216
image,z,717,-0.002613,0.00107605
image,z,718,-0.00061,0.00117418
image,z,719,0.00191,0.00110688
image,z,720,0.001998,0.00106758
image,z,721,-0.000556,0.00106005
image,z,722,-0.000757,0.00107586
image,z,723,0.001486,0.0010647
image,z,724,0.00042,0.00109528
image,z,725,0.00059,0.00108586
image,z,726,-6.5e-05,0.00105977
image,z,727,-0.001145,0.00111967
image,z,728,0.000446,0.00112178
image,z,729,3.8e-05,0.00107683
image,z,730,-0.001168,0.00113278
image,z,731,0.001337,0.00110803
image,z,732,0.000382,0.00117805
image,z,733,0.000924,0.00111986
image,z,734,-0.000672,0.00104743
image,z,735,0.00026,0.00117376
image,z,736,-0.001149,0.00106665
image,z,737,0.001726,0.00110179
image,z,738,-0.000798,0.00109249
image,z,739,-0.002861,0.00110404
image,z,740,9.2e-05,0.00113084
image,z,741,-0.000459,0.0010711
image,z,742,-0.00015,0.00115001
image,z,743,0.001365,0.00103988
image,z,744,-0.000559,0.00111472
image,z,745,0.001654,0.00114287
image,z,746,-0.000494,0.0011266
image,z,747,0.000684,0.00111865
image,z,748,0.000816,0.00109072
image,z,749,-0.001511,0.00108858
image,z,750,-3.5e-05,0.00115369
image,z,751,-0.000404,0.00110098
image,z,752,0.000184,0.00109629
image,z,753,-0.000707,0.00110003
image,z,754,0.000961,0.00114
image,z,755,0.002398,0.00101596
image,z,756,9.1e-05,0.00111036
image,z,757,-0.003593,0.00113013
image,z,758,0.001566,0.00107555
image,z,759,0.001521,0.00108775
image,z,760,-0.002341,0.00104824
image,z,761,-0.001881,0.00110484
image,z,762,-0.000927,0.00107269
image,z,763,0.000527,0.00108082
image,z,764,-0.000891,0.00111191
image,z,765,0.001916,0.00109434
image,z,766,-0.000483,0.00111828
image,z,767,-0.000123,0.00116726
image,z,768,-0.000134,0.00111821
image,z,769,-0.002516,0.0010708
image,z,770,-0.001678,0.00111649
image,z,771,-0.000678,0.00105591
image,z,772,0.00144,0.0010939
image,z,773,0.001187,0.00109821
image,z,774,0.003025,0.00113086
image,z,775,-0.00099,0.00117362
image,z,776,0.000962,0.00113076
image,z,777,1.9e-05,0.00111238
image,z,778,0.002049,0.00106437
image,z,779,-0.00164,0.0011235
image,z,780,-0.00198,0.00114769
image,z,781,-0.001331,0.00112044
image,z,782,0.00033,0.00115708
image,z,783,-0.001066,0.00108861
image,z,784,-0.000206,0.0010956
image,z,785,0.001528,0.00112461
image,z,786,-0.003104,0.00109524
image,z,787,0.00084,0.00112815
image,z,788,-0.002436,0.00111349
image,z,789,-0.000343,0.0011262
image,z,790,-0.001254,0.00117165
image,z,791,0.000675,0.00108997
image,z,792,-0.002612,0.00103293
image,z,793,-0.002061,0.00105332
image,z,794,0.002674,0.00115088
image,z,795,0.001961,0.00112955
image,z,796,0.000413,0.00113714
image,z,797,-0.003111,0.00110073
image,z,798,0.00016,0.00112676
image,z,799,-0.000291,0.00115662
image,z,800,0.000607,0.00114241
image,z,801,0.000367,0.00109923
image,z,802,-0.001568,0.00114601
image,z,803,0.000149,0.00110949
image,z,804,0.000276,0.0011333
image,z,805,-0.001399,0.00107955
image,z,806,0.00026,0.00106088
image,z,807,0.000262,0.00109157
image,z,808,0.00066,0.00119064
image,z,809,0.002972,0.00111636
image,z,810,0.002848,0.00116997
image,z,811,-0.000309,0.00108311
image,z,812,-3e-06,0.0011433
image,z,813,-0.000798,0.00111642
image,z,814,0.001646,0.0011101
image,z,815,-4.1e-05,0.00124896
image,z,816,0.000976,0.00110411
image,z,817,-0.000532,0.00110045
image,z,818,-0.001671,0.00112537
image,z,819,0.00287,0.00110629
image,z,820,-0.001456,0.00123529
image,z,821,-0.001092,0.00112924
image,z,822,-4.6e-05,0.00110609
image,z,823,0.00262,0.00111847
image,z,824,1.2e-05,0.00112226
image,z,825,-0.00051,0.00114655
image,z,826,-0.000133,0.00117999
image,z,827,-0.000341,0.00108689
image,z,828,0.000813,0.00104625
image,z,829,-0.001361,0.00116435
image,z,830,0.000337,0.00113275
image,z,831,0.000765,0.00108751
image,z,832,0.001865,0.0011216
image,z,833,-0.002525,0.00110917
image,z,834,0.002607,0.00106655
image,z,835,0.001403,0.00109553
image,z,836,-0.000888,0.00114339
image,z,837,-7.2e-05,0.00109008
image,z,838,-0.000663,0.00113159
image,z,839,0.002369,0.00106437
image,z,840,-0.001383,0.00107414
image,z,841,0.000719,0.00113173
image,z,842,0.001109,0.00122628
image,z,843,0.000834,0.00114019
image,z,844,0.001898,0.00111772
image,z,845,-0.000141,0.00113586
image,z,846,0.001249,0.00112651
image,z,847,0.001158,0.00106548
image,z,848,-0.00077,0.00116737
image,z,849,-0.001576,0.00108234
image,z,850,0.00139,0.00106575
image,z,851,-0.000911,0.00108342
image,z,852,0.001357,0.00109811
image,z,853,-0.000516,0.001063
image,z,854,-0.001476,0.00110257
image,z,855,0.001369,0.00104247
image,z,856,-0.000138,0.00112017
image,z,857,-0.002383,0.00111608
image,z,858,0.000916,0.00110399
image,z,859,-0.002323,0.00111268
image,z,860,0.001429,0.00103709
image,z,861,-0.000598,0.00117258
image,z,862,0.001917,0.00113665
image,z,863,0.003136,0.00106288
image,z,864,-0.002098,0.00114105
image,z,865,0.002327,0.00110751
image,z,866,-0.000894,0.00111309
image,z,867,1.7e-05,0.00104734
image,z,868,0.000561,0.00108842
image,z,869,0.001248,0.00109015
image,z,870,-0.002549,0.00108063
image,z,871,0.001134,0.00109074
image,z,872,-0.001613,0.00114216
image,z,873,0.00038,0.00111383
image,z,874,-0.000682,0.00119862
image,z,875,-0.001936,0.00114261
image,z,876,0.000993,0.00113469
image,z,877,-0.002651,0.00109349
image,z,878,0.001751,0.00114709
image,z,879,0.000614,0.00114576
image,z,880,0.000595,0.00110536
image,z,881,0.00033,0.00110187
image,z,882,-2e-06,0.00111578
image,z,883,-0.000666,0.00117082
image,z,884,-0.000469,0.00106836
image,z,885,-0.000985,0.00110206
image,z,886,0.002585,0.00111074
image,z,887,-0.002858,0.00111113
image,z,888,0.000825,0.00111806
image,z,889,0.000486,0.00109054
image,z,890,0.001775,0.00111836
image,z,891,-0.000419,0.00110133
image,z,892,-0.001766,0.00105154
image,z,893,0.000853,0.00113708
image,z,894,-0.001783,0.00105955
image,z,895,0.000104,0.00113553
image,z,896,-0.002726,0.00103178
image,z,897,0.002103,0.00107708
image,z,898,-0.002677,0.00110905
image,z,899,3.5e-05,0.00107618
image,z,900,-0.00032,0.0010962
image,z,901,-0.00136,0.00115486
image,z,902,0.000235,0.00105164
image,z,903,0.000415,0.00111141
image,z,904,0.002418,0.00108192
image,z,905,2.8e-05,0.00108116
image,z,906,-0.000804,0.00111729
image,z,907,0.000362,0.00115789
image,z,908,-0.000822,0.00114404
image,z,909,0.000468,0.0010331
image,z,910,-0.001099,0.0010758
image,z,911,0.001056,0.0011229
image,z,912,-0.000305,0.00106455
image,z,913,0.002626,0.00119564
image,z,914,-0.001079,0.00115723
image,z,915,0.004843,0.00108779
image,z,916,0.001082,0.0011018
image,z,917,0.00301,0.00106632
image,z,918,0.00257,0.0011222
image,z,919,-0.000371,0.00113075
image,z,920,-0.000905,0.0011215
image,z,921,-0.001648,0.00108649
image,z,922,0.002431,0.00105843
image,z,923,-0.000532,0.0010954
image,z,924,-0.001808,0.00105235
image,z,925,-0.002091,0.00113541
image,z,926,0.002038,0.00110142
image,z,927,0.000974,0.00115587
image,z,928,-0.001157,0.00110562
image,z,929,-0.001406,0.00114496
image,z,930,-0.001465,0.00110092
image,z,931,-0.001177,0.00115343
image,z,932,0.000886,0.0010658
image,z,933,-0.000422,0.00109436
image,z,934,0.000931,0.00109473
image,z,935,-0.001058,0.00108242
image,z,936,0.000352,0.00110255
image,z,937,-0.002152,0.00112706
image,z,938,0.002173,0.00104534
image,z,939,0.001807,0.00109732
image,z,940,0.00136,0.00111714
image,z,941,-0.000354,0.0010468
image,z,942,0.000417,0.0010935
image,z,943,-0.001078,0.00115288
image,z,944,0.002399,0.00110306
image,z,945,-0.001329,0.00109643
image,z,946,-0.001922,0.00113596
image,z,947,-0.00024,0.00113555
image,z,948,0.000789,0.00110799
image,z,949,0.000995,0.00112245
image,z,950,-0.001323,0.0011593
image,z,951,-0.001778,0.00111155
image,z,952,-0.000969,0.00109425
image,z,953,-0.000828,0.00112399
image,z,954,0.000796,0.00108245
image,z,955,0.002698,0.00106862
image,z,956,-0.000836,0.00110499
image,z,957,-0.001983,0.00114952
image,z,958,-0.002955,0.00124987
image,z,959,0.002388,0.0011551
image,z,960,0.000396,0.00111936
image,z,961,0.000762,0.00101589
image,z,962,0.001537,0.0011067
image,z,963,-0.000711,0.00110278
image,z,964,0.000227,0.00112032
image,z,965,-0.002417,0.00110697
image,z,966,0.000775,0.00108406
image,z,967,-0.000357,0.0011288
image,z,968,-0.000734,0.00108516
image,z,969,0.001333,0.00108321
image,z,970,0.0003,0.00107192
image,z,971,0.003108,0.00116885
image,z,972,-0.000641,0.00112907
image,z,973,0.000214,0.00105772
image,z,974,0.001027,0.00116537
image,z,975,0.001329,0.00117115
image,z,976,0.001603,0.00112492
image,z,977,0.001107,0.00110977
image,z,978,-0.002227,0.00113023
image,z,979,0.000347,0.00115054
image,z,980,-0.000763,0.00107358
image,z,981,-0.000838,0.00105628
image,z,982,-0.001573,0.00113318
image,z,983,0.000675,0.00112583
image,z,984,0.001697,0.00111765
image,z,985,0.003132,0.00112912
image,z,986,-0.000751,0.0010848
image,z,987,0.00162,0.00112674
image,z,988,-0.001486,0.0010864
image,z,989,-0.00312,0.00111378
image,z,990,-0.000943,0.00113855
image,z,991,0.00191,0.00110877
image,z,992,-0.001633,0.00113612
image,z,993,0.001527,0.00114519
image,z,994,0.001359,0.00109152
image,z,995,-0.002983,0.00112022
image,z,996,0.000277,0.00106882
image,z,997,-0.001105,0.00106664
image,z,998,-0.000639,0.00113238
image,z,999,0.000217,0.00114088
image,z,1000,-0.000679,0.00109293
image,z,1001,-0.001873,0.00114695
image,z,1002,0.000233,0.0010643
image,z,1003,-0.003081,0.00114718
image,z,1004,-0.002106,0.00107201
image,z,1005,-0.002019,0.00114462
image,z,1006,0.002067,0.0011632
image,z,1007,-0.000586,0.00110665
image,z,1008,0.002458,0.001051
image,z,1009,-0.000383,0.00113164
image,z,1010,-0.002127,0.00106009
image,z,1011,0.003728,0.00105815
image,z,1012,6.8e-05,0.00113437
image,z,1013,0.003085,0.00108891
image,z,1014,0.001806,0.00106804
image,z,1015,0.002448,0.00121439
image,z,1016,0.00186,0.0010479
image,z,1017,-0.001651,0.00109997
image,z,1018,-0.001139,0.00105046
image,z,1019,-0.000917,0.0010871
image,z,1020,2.3e-05,0.00112205
image,z,1021,0.001675,0.0010983
image,z,1022,0.000497,0.00110552
image,z,1023,0.0019,0.00107945
ceiling,sliced,0,-0.043689,0.05543382
ceiling,sliced,1,0.029269,0.0537581
ceiling,sliced,2,-0.031941,0.0574112
ceiling,sliced,3,0.008541,0.05384956
ceiling,sliced,4,0.021188,0.04834605
ceiling,sliced,5,0.02041,0.05763303
ceiling,sliced,6,0.020994,0.05177006
ceiling,sliced,7,0.032972,0.06154585
ceiling,sliced,8,0.020993,0.02967564
ceiling,sliced,9,-0.026709,0.0269317
ceiling,sliced,10,-0.013144,0.03053175
ceiling,sliced,11,0.00368,0.03049119
ceiling,sliced,12,0.009861,0.02684932
ceiling,sliced,13,-0.005808,0.03284581
ceiling,sliced,14,0.022104,0.03146857
ceiling,sliced,15,-0.039188,0.03104433
ceiling,sliced,16,0.016897,0.0226447
ceiling,sliced,17,-0.010141,0.02131339
ceiling,sliced,18,0.018363,0.02222339
ceiling,sliced,19,-0.008147,0.01951369
ceiling,sliced,20,0.003523,0.02462514
ceiling,sliced,21,-0.034496,0.02254127
ceiling,sliced,22,0.023439,0.02147818
ceiling,sliced,23,0.003145,0.02278091
ceiling,sliced,24,-0.008907,0.02289061
ceiling,sliced,25,0.011756,0.0225659
ceiling,sliced,26,-0.001455,0.02409288
ceiling,sliced,27,-0.006425,0.02199422
ceiling,sliced,28,0.014073,0.02322646
ceiling,sliced,29,0.006518,0.02312904
ceiling,sliced,30,0.018512,0.02234132
ceiling,sliced,31,0.009798,0.02182562
ceiling,sliced,32,0.000781,0.0216982
ceiling,sliced,33,0.014397,0.02363959
ceiling,sliced,34,0.056427,0.02287089
ceiling,sliced,35,0.012158,0.01962644
ceiling,sliced,36,0.015297,0.0230621
ceiling,sliced,37,0.006302,0.02058778
ceiling,sliced,38,0.02048,0.02258165
ceiling,sliced,39,0.0513,0.02460612
ceiling,sliced,40,-0.007271,0.01984954
ceiling,sliced,41,0.023493,0.02122377
ceiling,sliced,42,0.018881,0.02142376
ceiling,sliced,43,-0.015537,0.0210089
ceiling,sliced,44,0.007636,0.01838144
ceiling,sliced,45,-0.026339,0.02136991
ceiling,sliced,46,-0.005238,0.0235148
ceiling,sliced,47,0.023174,0.01974041
ceiling,sliced,48,0.008517,0.02162441
ceiling,sliced,49,-0.002864,0.02053916
ceiling,sliced,50,-0.008882,0.02085761
ceiling,sliced,51,-0.008433,0.01954207
ceiling,sliced,52,0.016909,0.02113098
ceiling,sliced,53,0.017785,0.02017936
ceiling,sliced,54,0.002035,0.02431941
ceiling,sliced,55,-0.011028,0.01796628
ceiling,sliced,56,0.009446,0.02156292
ceiling,sliced,57,-0.033507,0.01757726
ceiling,sliced,58,-0.008523,0.01777794
ceiling,sliced,59,0.032876,0.01982394
ceiling,sliced,60,0.007564,0.01997885
ceiling,sliced,61,0.003082,0.01852114
ceiling,sliced,62,0.004682,0.0255194
ceiling,sliced,63,-9e-05,0.01862864
ceiling,sliced,64,-0.003457,0.02443277
ceiling,sliced,65,0.022388,0.02307921
ceiling,sliced,66,0.014073,0.02677845
ceiling,sliced,67,0.037717,0.02252757
ceiling,sliced,68,-0.01055,0.02116428
ceiling,sliced,69,-0.033922,0.02092542
ceiling,sliced,70,-0.001308,0.02450015
ceiling,sliced,71,-0.028588,0.02319302
ceiling,sliced,72,0.022798,0.02098151
ceiling,sliced,73,0.012273,0.02499572
ceiling,sliced,74,0.023674,0.02174015
ceiling,sliced,75,0.004113,0.02212095
ceiling,sliced,76,0.023607,0.02195528
ceiling,sliced,77,0.010337,0.0223138
ceiling,sliced,78,-0.005319,0.02387411
ceiling,sliced,79,-0.006124,0.02289156
ceiling,sliced,80,0.000211,0.02288196
ceiling,sliced,81,-0.007368,0.01916687
ceiling,sliced,82,-0.011175,0.02222453
ceiling,sliced,83,-0.022231,0.02498087
ceiling,sliced,84,-0.023233,0.02537069
ceiling,sliced,85,-0.031549,0.02420433
ceiling,sliced,86,-0.011923,0.0222542
ceiling,sliced,87,0.025873,0.02189778
ceiling,sliced,88,0.018606,0.02351879
ceiling,sliced,89,-0.004457,0.02200381
ceiling,sliced,90,-0.01325,0.02350979
ceiling,sliced,91,0.015538,0.02356099
ceiling,sliced,92,-0.005451,0.0204958
ceiling,sliced,93,-0.031631,0.0245954
ceiling,sliced,94,-0.020058,0.02255303
ceiling,sliced,95,0.006046,0.02410315
ceiling,sliced,96,-0.005386,0.01919984
ceiling,sliced,97,0.002181,0.02524158
ceiling,sliced,98,-0.003398,0.02254464
ceiling,sliced,99,-0.003871,0.02190159
ceiling,sliced,100,-0.009005,0.02072814
ceiling,sliced,101,-0.01827,0.0222383
ceiling,sliced,102,-0.027375,0.02235304
ceiling,sliced,103,-0.005694,0.02693707
ceiling,sliced,104,-0.001103,0.02251664
ceiling,sliced,105,0.003304,0.02159157
ceiling,sliced,106,0.022782,0.02468834
ceiling,sliced,107,-0.011371,0.0205184
ceiling,sliced,108,0.007508,0.02192754
ceiling,sliced,109,-0.002333,0.02572588
ceiling,sliced,110,0.003699,0.02299345
ceiling,sliced,111,0.035588,0.02280378
ceiling,sliced,112,-0.03297,0.020724
ceiling,sliced,113,0.028245,0.02140061
ceiling,sliced,114,0.008412,0.02292069
ceiling,sliced,115,0.024354,0.02071824
ceiling,sliced,116,-0.039053,0.0236623
ceiling,sliced,117,-0.014831,0.01812793
ceiling,sliced,118,-0.019329,0.02476743
ceiling,sliced,119,-0.018227,0.02016287
ceiling,sliced,120,-0.009204,0.02118827
ceiling,sliced,121,-0.033053,0.01970664
ceiling,sliced,122,0.003882,0.02295076
ceiling,sliced,123,-0.018565,0.02211192
ceiling,sliced,124,0.00477,0.02061195
ceiling,sliced,125,-0.026951,0.02618279
ceiling,sliced,126,-0.014583,0.0230833
ceiling,sliced,127,-0.019724,0.02194323
ceiling,sliced,128,-0.006895,0.02264848
ceiling,sliced,129,0.029835,0.01913294
ceiling,sliced,130,-0.014322,0.02389263
ceiling,sliced,131,-0.011954,0.02168893
ceiling,sliced,132,-0.006602,0.02105357
ceiling,sliced,133,-0.000491,0.02088983
ceiling,sliced,134,-0.001234,0.01834976
ceiling,sliced,135,-0.004616,0.02671225
ceiling,sliced,136,0.028727,0.02279899
ceiling,sliced,137,0.037125,0.02514562
ceiling,sliced,138,0.037745,0.02158006
ceiling,sliced,139,-0.023064,0.0241384
ceiling,sliced,140,-0.018136,0.02436008
ceiling,sliced,141,-0.024414,0.02740449
ceiling,sliced,142,0.019956,0.02694186
ceiling,sliced,143,-0.013238,0.02244545
ceiling,sliced,144,0.004192,0.02157965
ceiling,sliced,145,-0.04633,0.0192674
ceiling,sliced,146,-0.026431,0.02826532
ceiling,sliced,147,0.015844,0.01914221
ceiling,sliced,148,0.01889,0.0227214
ceiling,sliced,149,-0.033194,0.02088773
ceiling,sliced,150,-0.008322,0.02694139
ceiling,sliced,151,0.021712,0.0207997
ceiling,sliced,152,0.007974,0.02488304
ceiling,sliced,153,-0.004281,0.01910236
ceiling,sliced,154,0.029839,0.02252526
ceiling,sliced,155,0.000124,0.02371828
ceiling,sliced,156,-0.007028,0.02234289
ceiling,sliced,157,0.015432,0.0221803
ceiling,sliced,158,0.0119,0.02555499
ceiling,sliced,159,-0.006768,0.02047674
ceiling,sliced,160,-0.011964,0.02504574
ceiling,sliced,161,0.03724,0.02457773
ceiling,sliced,162,0.009457,0.02021766
ceiling,sliced,163,0.003279,0.02186119
ceiling,sliced,164,0.01474,0.0188188
ceiling,sliced,165,-0.024401,0.02488949
ceiling,sliced,166,-0.002252,0.02069254
ceiling,sliced,167,0.001609,0.02543597
ceiling,sliced,168,-0.004967,0.02575323
ceiling,sliced,169,0.006885,0.01957836
ceiling,sliced,170,0.026903,0.02187792
ceiling,sliced,171,-0.023698,0.02412412
ceiling,sliced,172,0.028659,0.02360157
ceiling,sliced,173,-0.001531,0.02264714
ceiling,sliced,174,0.001616,0.02223299
ceiling,sliced,175,0.024716,0.02300026
ceiling,sliced,176,-0.003423,0.02266578
ceiling,sliced,177,-0.013318,0.02146147
ceiling,sliced,178,-0.02436,0.02221727
ceiling,sliced,179,0.002099,0.02019126
ceiling,sliced,180,-0.006309,0.02376547
ceiling,sliced,181,-0.007261,0.02574104
ceiling,sliced,182,0.001877,0.02226344
ceiling,sliced,183,0.01987,0.02401154
ceiling,sliced,184,-0.003699,0.02367493
ceiling,sliced,185,0.024071,0.02118468
ceiling,sliced,186,0.005968,0.02492655
ceiling,sliced,187,0.018828,0.02099377
ceiling,sliced,188,0.006704,0.02514441
ceiling,sliced,189,0.002239,0.02476996
ceiling,sliced,190,0.006493,0.02246084
ceiling,sliced,191,-0.003495,0.02162275
ceiling,sliced,192,0.008452,0.02044578
ceiling,sliced,193,-0.035869,0.02133991
ceiling,sliced,194,0.006478,0.02289269
ceiling,sliced,195,-0.005359,0.02501624
ceiling,sliced,196,-0.005158,0.02088789
ceiling,sliced,197,0.021204,0.01972953
ceiling,sliced,198,0.000334,0.02447738
ceiling,sliced,199,-0.031339,0.02036139
ceiling,sliced,200,-0.027119,0.02236036
ceiling,sliced,201,0.0333,0.02045959
ceiling,sliced,202,-0.009166,0.01909208
ceiling,sliced,203,-0.023977,0.01998774
ceiling,sliced,204,0.005163,0.02266493
ceiling,sliced,205,0.006844,0.02182808
ceiling,sliced,206,-0.016691,0.02268172
ceiling,sliced,207,-0.001629,0.02962505
ceiling,sliced,208,0.012062,0.02274114
ceiling,sliced,209,0.043467,0.02384024
ceiling,sliced,210,-0.030683,0.02327942
ceiling,sliced,211,-0.010968,0.0180804
ceiling,sliced,212,0.002531,0.02116871
ceiling,sliced,213,0.022359,0.02673795
ceiling,sliced,214,-0.022353,0.02464429
ceiling,sliced,215,0.016431,0.02508835
ceiling,sliced,216,0.027931,0.02176531
ceiling,sliced,217,0.02107,0.02173781
ceiling,sliced,218,-0.003125,0.02160751
ceiling,sliced,219,0.007573,0.021396
ceiling,sliced,220,-0.002236,0.02420701
ceiling,sliced,221,-0.004058,0.02365562
ceiling,sliced,222,-0.006391,0.02488568
ceiling,sliced,223,-0.014041,0.02187333
ceiling,sliced,224,-0.016217,0.02157738
ceiling,sliced,225,0.047407,0.02407458
ceiling,sliced,226,0.004883,0.02688035
ceiling,sliced,227,0.033478,0.02324022
ceiling,sliced,228,0.001759,0.02048173
ceiling,sliced,229,-0.011019,0.02118144
ceiling,sliced,230,-0.02652,0.02213435
ceiling,sliced,231,-0.012045,0.02552024
ceiling,sliced,232,-0.020428,0.02181533
ceiling,sliced,233,-0.00678,0.02200962
ceiling,sliced,234,-0.009132,0.02244819
ceiling,sliced,235,-0.043206,0.02042974
ceiling,sliced,236,0.032224,0.02170255
ceiling,sliced,237,0.018489,0.02149603
ceiling,sliced,238,0.008807,0.01970508
ceiling,sliced,239,-0.003633,0.01952397
ceiling,sliced,240,-0.016009,0.02213766
ceiling,sliced,241,-0.005907,0.02083361
ceiling,sliced,242,-0.024679,0.0234467
ceiling,sliced,243,0.006996,0.02996035
ceiling,sliced,244,-0.006009,0.02592432
ceiling,sliced,245,-0.001385,0.0201656
ceiling,sliced,246,0.014753,0.01910493
ceiling,sliced,247,0.011857,0.02476956
ceiling,sliced,248,0.020386,0.01939045
ceiling,sliced,249,-0.024975,0.02100862
ceiling,sliced,250,-0.005266,0.0206841
ceiling,sliced,251,-0.001059,0.0220742
ceiling,sliced,252,-0.007246,0.02395732
ceiling,sliced,253,-0.01202,0.02266222
ceiling,sliced,254,0.00635,0.02030281
ceiling,sliced,255,0.018099,0.02289607
ceiling,sliced,256,0.012404,0.02216518
ceiling,sliced,257,0.011838,0.02317129
ceiling,sliced,258,-0.00609,0.02474005
ceiling,sliced,259,-0.018129,0.02393967
ceiling,sliced,260,0.015558,0.02136273
ceiling,sliced,261,-0.015043,0.02227913
ceiling,sliced,262,0.016993,0.0278058
ceiling,sliced,263,-0.02036,0.02230868
ceiling,sliced,264,0.019059,0.02166671
ceiling,sliced,265,0.00031,0.02204356
ceiling,sliced,266,-0.014805,0.02380553
ceiling,sliced,267,0.005715,0.0204441
ceiling,sliced,268,-0.00616,0.02258869
ceiling,sliced,269,0.007387,0.02098782
ceiling,sliced,270,0.018184,0.02599381
ceiling,sliced,271,0.018263,0.02150086
ceiling,sliced,272,-0.004793,0.0230666
ceiling,sliced,273,0.014217,0.02302066
ceiling,sliced,274,0.020742,0.02410326
ceiling,sliced,275,-0.009226,0.02193672
ceiling,sliced,276,-0.008046,0.02632801
ceiling,sliced,277,0.052674,0.02833317
ceiling,sliced,278,-0.021025,0.02562004
ceiling,sliced,279,0.006536,0.02196723
ceiling,sliced,280,0.015351,0.02738577
ceiling,sliced,281,-0.032843,0.02078066
ceiling,sliced,282,-0.017658,0.02236021
ceiling,sliced,283,-0.027854,0.02267413
ceiling,sliced,284,0.00302,0.01971701
ceiling,sliced,285,-0.020451,0.02445306
ceiling,sliced,286,-0.000934,0.02138603
ceiling,sliced,287,0.023389,0.02679954
ceiling,sliced,288,0.007981,0.02262579
ceiling,sliced,289,-0.006584,0.02320956
ceiling,sliced,290,-0.032472,0.02392701
ceiling,sliced,291,0.020491,0.02538452
ceiling,sliced,292,-0.053884,0.02151623
ceiling,sliced,293,0.02979,0.02192399
ceiling,sliced,294,0.001787,0.01918308
ceiling,sliced,295,-0.010306,0.03019301
ceiling,sliced,296,-0.044645,0.01883417
ceiling,sliced,297,0.000564,0.02462022
ceiling,sliced,298,-0.002303,0.02217238
ceiling,sliced,299,-0.004047,0.01801514
ceiling,sliced,300,0.016996,0.02030335
ceiling,sliced,301,0.007173,0.0211805
ceiling,sliced,302,-0.018944,0.02257699
ceiling,sliced,303,0.014595,0.02813873
ceiling,sliced,304,0.04424,0.02680074
ceiling,sliced,305,0.016433,0.02601646
ceiling,sliced,306,0.023714,0.02420778
ceiling,sliced,307,-0.040658,0.02227356
ceiling,sliced,308,-0.00724,0.02274068
ceiling,sliced,309,0.012131,0.02350044
ceiling,sliced,310,-0.025346,0.02387651
ceiling,sliced,311,-0.00977,0.02381801
ceiling,sliced,312,0.017167,0.01939368
ceiling,sliced,313,0.017072,0.01948689
ceiling,sliced,314,0.01136,0.02203611
ceiling,sliced,315,-0.012755,0.02326886
ceiling,sliced,316,-0.004182,0.02928286
ceiling,sliced,317,0.061628,0.02547874
ceiling,sliced,318,0.005301,0.0217684
ceiling,sliced,319,0.004185,0.02438504
ceiling,sliced,320,0.004642,0.02497313
ceiling,sliced,321,-0.007923,0.02183842
ceiling,sliced,322,0.004209,0.02177614
ceiling,sliced,323,0.004485,0.02233294
ceiling,sliced,324,-0.027193,0.02149416
ceiling,sliced,325,0.000877,0.02287915
ceiling,sliced,326,0.019765,0.0247186
ceiling,sliced,327,0.016376,0.01885992
ceiling,sliced,328,-0.003299,0.02782803
ceiling,sliced,329,0.021174,0.02174912
ceiling,sliced,330,-0.02353,0.02190071
ceiling,sliced,331,0.020533,0.02154468
ceiling,sliced,332,0.006117,0.01958893
ceiling,sliced,333,0.026331,0.02336479
ceiling,sliced,334,-0.023856,0.01897579
ceiling,sliced,335,0.015603,0.02253656
ceiling,sliced,336,0.014273,0.02633997
ceiling,sliced,337,-0.01031,0.0212111
ceiling,sliced,338,0.004215,0.02562161
ceiling,sliced,339,0.011047,0.02334128
ceiling,sliced,340,-0.017626,0.02653935
ceiling,sliced,341,-0.001688,0.02202914
ceiling,sliced,342,-0.004081,0.02317129
ceiling,sliced,343,-0.008026,0.02429624
ceiling,sliced,344,0.012986,0.02497012
ceiling,sliced,345,0.004768,0.02603158
ceiling,sliced,346,-0.034869,0.01964062
ceiling,sliced,347,-0.012474,0.01939295
ceiling,sliced,348,-0.023423,0.01983709
ceiling,sliced,349,0.008671,0.02126678
ceiling,sliced,350,0.014553,0.02906962
ceiling,sliced,351,0.004947,0.02243899
ceiling,sliced,352,-0.036503,0.02313405
ceiling,sliced,353,0.001465,0.02931103
ceiling,sliced,354,0.032459,0.02193681
ceiling,sliced,355,0.005948,0.01893996
ceiling,sliced,356,-0.007055,0.02225077
ceiling,sliced,357,-0.004431,0.02228775
ceiling,sliced,358,-0.003428,0.02137895
ceiling,sliced,359,0.00254,0.01955848
ceiling,sliced,360,0.001249,0.0200709
ceiling,sliced,361,-0.002092,0.02993127
ceiling,sliced,362,0.000501,0.02234968
ceiling,sliced,363,-0.035948,0.02846963
ceiling,sliced,364,-0.01656,0.02409368
ceiling,sliced,365,-0.003669,0.02129614
ceiling,sliced,366,-0.016137,0.02452162
ceiling,sliced,367,-0.051615,0.02059461
ceiling,sliced,368,0.039414,0.02287807
ceiling,sliced,369,-0.006385,0.02139991
ceiling,sliced,370,-0.021239,0.02046813
ceiling,sliced,371,-0.009119,0.02141245
ceiling,sliced,372,-0.004601,0.02215486
ceiling,sliced,373,0.027447,0.01957113
ceiling,sliced,374,-0.016507,0.02523475
ceiling,sliced,375,-0.003295,0.02066675
ceiling,sliced,376,0.022202,0.02296927
ceiling,sliced,377,-0.015647,0.02398337
ceiling,sliced,378,0.002684,0.02145453
ceiling,sliced,379,-0.02592,0.02278652
ceiling,sliced,380,-0.022284,0.02121585
ceiling,sliced,381,0.008142,0.01763689
ceiling,sliced,382,-0.003943,0.02713114
ceiling,sliced,383,-0.002715,0.02414794
ceiling,sliced,384,-0.005901,0.02037648
ceiling,sliced,385,-0.000912,0.0218097
ceiling,sliced,386,-0.009644,0.02486479
ceiling,sliced,387,-0.02108,0.03274647
ceiling,sliced,388,0.011072,0.0246932
ceiling,sliced,389,0.00051,0.02454231
ceiling,sliced,390,-0.012766,0.02374268
ceiling,sliced,391,0.017014,0.0211839
ceiling,sliced,392,0.007671,0.02033377
ceiling,sliced,393,0.005496,0.02120367
ceiling,sliced,394,-0.01579,0.02628194
ceiling,sliced,395,-0.020638,0.02718354
ceiling,sliced,396,-0.029451,0.02540913
ceiling,sliced,397,-0.001595,0.0285989
ceiling,sliced,398,0.037796,0.0216625
ceiling,sliced,399,-0.023336,0.02380095
ceiling,sliced,400,0.00124,0.02304752
ceiling,sliced,401,0.020468,0.02389158
ceiling,sliced,402,-0.020598,0.02565898
ceiling,sliced,403,-0.019431,0.02160135
ceiling,sliced,404,-0.012429,0.01938583
ceiling,sliced,405,-0.020166,0.02194153
ceiling,sliced,406,0.006978,0.02310084
ceiling,sliced,407,0.006542,0.02461279
ceiling,sliced,408,0.008739,0.0217761
ceiling,sliced,409,-0.006724,0.02338385
ceiling,sliced,410,-0.013905,0.02363131
ceiling,sliced,411,0.002727,0.01626468
ceiling,sliced,412,-0.011411,0.01919795
ceiling,sliced,413,-0.020873,0.03004329
ceiling,sliced,414,-0.002079,0.01935637
ceiling,sliced,415,-0.024301,0.02085859
ceiling,sliced,416,-0.002974,0.02581234
ceiling,sliced,417,-0.016891,0.02292645
ceiling,sliced,418,0.007727,0.02037621
ceiling,sliced,419,0.028163,0.02175311
ceiling,sliced,420,0.026251,0.02255087
ceiling,sliced,421,0.018669,0.01993736
ceiling,sliced,422,-0.003229,0.03001635
ceiling,sliced,423,-0.011898,0.02014749
ceiling,sliced,424,-0.003313,0.02324208
ceiling,sliced,425,-0.037031,0.02198778
ceiling,sliced,426,0.018904,0.0217481
ceiling,sliced,427,0.005356,0.02117407
ceiling,sliced,428,-0.00814,0.02151868
ceiling,sliced,429,0.007187,0.02255046
ceiling,sliced,430,0.025099,0.02896881
ceiling,sliced,431,0.004271,0.02369408
ceiling,sliced,432,0.003099,0.01926717
ceiling,sliced,433,0.000361,0.02759149
ceiling,sliced,434,0.010836,0.02609692
ceiling,sliced,435,-0.007111,0.02683656
ceiling,sliced,436,-0.024289,0.0211272
ceiling,sliced,437,-0.003364,0.02030089
ceiling,sliced,438,-0.008904,0.02821837
ceiling,sliced,439,0.037896,0.02467497
ceiling,sliced,440,0.006653,0.02327699
ceiling,sliced,441,0.003967,0.01892667
ceiling,sliced,442,0.001276,0.03031423
ceiling,sliced,443,0.010631,0.02290229
ceiling,sliced,444,-0.024535,0.02689335
ceiling,sliced,445,0.014427,0.02235498
ceiling,sliced,446,0.016339,0.02100297
ceiling,sliced,447,-0.009514,0.02061547
ceiling,sliced,448,0.014814,0.0184701
ceiling,sliced,449,0.000634,0.02489095
ceiling,sliced,450,-0.023192,0.01997299
ceiling,sliced,451,0.006398,0.0282983
ceiling,sliced,452,0.023593,0.02678364
ceiling,sliced,453,0.01379,0.02356692
ceiling,sliced,454,0.024234,0.02149283
ceiling,sliced,455,0.041734,0.02491939
ceiling,sliced,456,0.022676,0.02051451
ceiling,sliced,457,0.02967,0.0204389
ceiling,sliced,458,0.020323,0.02633977
ceiling,sliced,459,0.004166,0.02133466
ceiling,sliced,460,-0.017561,0.01996689
ceiling,sliced,461,0.005156,0.02358852
ceiling,sliced,462,0.001881,0.0213294
ceiling,sliced,463,0.004936,0.02290163
ceiling,sliced,464,-0.008724,0.02546306
ceiling,sliced,465,-0.00334,0.02047908
ceiling,sliced,466,0.008605,0.02322553
ceiling,sliced,467,0.009097,0.02783199
ceiling,sliced,468,0.049194,0.01875845
ceiling,sliced,469,-0.001062,0.02409479
ceiling,sliced,470,-0.00354,0.02213705
ceiling,sliced,471,0.01122,0.02565513
ceiling,sliced,472,0.00741,0.02894583
ceiling,sliced,473,0.024201,0.02428831
ceiling,sliced,474,-0.006106,0.01999198
ceiling,sliced,475,-0.01608,0.01995934
ceiling,sliced,476,0.013172,0.02551605
ceiling,sliced,477,-0.027732,0.01905012
ceiling,sliced,478,0.001584,0.02120586
ceiling,sliced,479,-0.043149,0.02132994
ceiling,sliced,480,-0.026578,0.02151191
ceiling,sliced,481,-0.006968,0.02327146
ceiling,sliced,482,-0.058656,0.02371683
ceiling,sliced,483,0.031802,0.02177548
ceiling,sliced,484,-0.017667,0.02208525
ceiling,sliced,485,0.015371,0.02528448
ceiling,sliced,486,-0.002492,0.01798683
ceiling,sliced,487,-0.007497,0.02172227
ceiling,sliced,488,0.018127,0.02380868
ceiling,sliced,489,-0.008416,0.0219861
ceiling,sliced,490,0.006528,0.03174894
ceiling,sliced,491,0.02369,0.02091448
ceiling,sliced,492,-0.024378,0.02341402
ceiling,sliced,493,-0.020718,0.02245449
ceiling,sliced,494,-0.018995,0.01769894
ceiling,sliced,495,0.003452,0.02861013
ceiling,sliced,496,0.003992,0.02358918
ceiling,sliced,497,-0.006934,0.02075481
ceiling,sliced,498,-0.018335,0.02015742
ceiling,sliced,499,0.029182,0.02976915
ceiling,sliced,500,-0.02677,0.02202533
ceiling,sliced,501,0.011212,0.02150018
ceiling,sliced,502,0.003187,0.0173576
ceiling,sliced,503,0.024414,0.01889936
ceiling,sliced,504,0.015586,0.02140689
ceiling,sliced,505,0.01511,0.02652961
ceiling,sliced,506,0.004663,0.02501622
ceiling,sliced,507,-0.031747,0.03203294
ceiling,sliced,508,0.020153,0.02112608
ceiling,sliced,509,-0.006341,0.02590474
ceiling,sliced,510,0.019428,0.0218836
ceiling,sliced,511,-0.022924,0.02233383
ceiling,sliced,512,-0.00325,0.01805766
ceiling,sliced,513,0.01382,0.02379659
ceiling,sliced,514,0.004959,0.01780394
ceiling,sliced,515,0.013439,0.0194243
ceiling,sliced,516,0.011871,0.02078167
ceiling,sliced,517,-0.005471,0.01552337
ceiling,sliced,518,-0.002251,0.01573951
ceiling,sliced,519,0.010649,0.01770346
ceiling,sliced,520,0.018977,0.01947303
ceiling,sliced,521,0.009748,0.01501497
ceiling,sliced,522,-0.006898,0.01688552
ceiling,sliced,523,-0.006326,0.01448022
ceiling,sliced,524,0.020604,0.01318855
ceiling,sliced,525,-0.013503,0.01842541
ceiling,sliced,526,-0.027557,0.01513064
ceiling,sliced,527,-0.005009,0.02532911
ceiling,sliced,528,0.006928,0.01565325
ceiling,sliced,529,-0.0075,0.01645606
ceiling,sliced,530,-0.005711,0.02070817
ceiling,sliced,531,-0.008348,0.01915037
ceiling,sliced,532,0.019863,0.01948108
ceiling,sliced,533,0.00496,0.01894772
ceiling,sliced,534,0.020229,0.01865394
ceiling,sliced,535,-0.026021,0.01743292
ceiling,sliced,536,-0.005177,0.01545622
ceiling,sliced,537,0.01625,0.0207881
ceiling,sliced,538,0.004695,0.01891294
ceiling,sliced,539,0.023995,0.02096619
ceiling,sliced,540,0.053469,0.01973724
ceiling,sliced,541,-0.031281,0.01725801
ceiling,sliced,542,0.0026,0.02185667
ceiling,sliced,543,-0.01616,0.01945598
ceiling,sliced,544,0.013208,0.01806548
ceiling,sliced,545,-0.025696,0.01780969
ceiling,sliced,546,-0.001384,0.01599881
ceiling,sliced,547,0.046122,0.01721949
ceiling,sliced,548,-0.011338,0.01472532
ceiling,sliced,549,-0.012375,0.01608505
ceiling,sliced,550,0.006427,0.01653655
ceiling,sliced,551,0.004536,0.01905577
ceiling,sliced,552,0.010353,0.01906489
ceiling,sliced,553,0.006405,0.01469258
ceiling,sliced,554,-0.014951,0.02502244
ceiling,sliced,555,0.006593,0.02016684
ceiling,sliced,556,0.01356,0.01781308
ceiling,sliced,557,0.006755,0.02483053
ceiling,sliced,558,-0.016255,0.01701538
ceiling,sliced,559,0.027108,0.01659792
ceiling,sliced,560,0.000704,0.01760136
ceiling,sliced,561,0.023545,0.01504133
ceiling,sliced,562,0.012327,0.01683075
ceiling,sliced,563,0.006495,0.01927456
ceiling,sliced,564,0.002083,0.01608787
ceiling,sliced,565,0.023386,0.0175592
ceiling,sliced,566,-0.010875,0.01398293
ceiling,sliced,567,-0.02423,0.01743294
ceiling,sliced,568,0.027331,0.02006176
ceiling,sliced,569,0.004632,0.01530297
ceiling,sliced,570,0.011533,0.01690026
ceiling,sliced,571,-0.006582,0.01640983
ceiling,sliced,572,0.009761,0.01795237
ceiling,sliced,573,0.015746,0.01594748
ceiling,sliced,574,0.00845,0.01725812
ceiling,sliced,575,-0.00445,0.02311112
ceiling,sliced,576,-0.018976,0.02014652
ceiling,sliced,577,-0.002998,0.01721303
ceiling,sliced,578,-0.014435,0.02334836
ceiling,sliced,579,0.043101,0.01958862
ceiling,sliced,580,-0.00383,0.01989338
ceiling,sliced,581,-0.024098,0.01605745
ceiling,sliced,582,0.016372,0.0155995
ceiling,sliced,583,-0.005728,0.01523523
ceiling,sliced,584,-0.005166,0.01753526
ceiling,sliced,585,0.024986,0.01731542
ceiling,sliced,586,-0.005993,0.01950042
ceiling,sliced,587,0.023786,0.01913233
ceiling,sliced,588,-0.003862,0.01509847
ceiling,sliced,589,-0.012487,0.01679887
ceiling,sliced,590,0.015315,0.01826298
ceiling,sliced,591,-0.000336,0.02195056
ceiling,sliced,592,0.008302,0.01853137
ceiling,sliced,593,-0.033041,0.01682781
ceiling,sliced,594,-0.001384,0.01789988
ceiling,sliced,595,-0.024545,0.01963476
ceiling,sliced,596,0.010271,0.01557102
ceiling,sliced,597,0.011882,0.01588649
ceiling,sliced,598,0.004427,0.01556755
ceiling,sliced,599,0.003457,0.01824797
ceiling,sliced,600,0.041933,0.0158219
ceiling,sliced,601,-0.016951,0.01682995
ceiling,sliced,602,0.052485,0.01850997
ceiling,sliced,603,-0.012825,0.01738465
ceiling,sliced,604,0.00344,0.01666539
ceiling,sliced,605,-0.004228,0.01689787
ceiling,sliced,606,-0.023036,0.01512163
ceiling,sliced,607,0.00813,0.01885955
ceiling,sliced,608,0.024755,0.02158913
ceiling,sliced,609,0.007204,0.01998956
ceiling,sliced,610,-0.024502,0.01744192
ceiling,sliced,611,0.013227,0.02229664
ceiling,sliced,612,0.002338,0.01390584
ceiling,sliced,613,-0.010095,0.01858662
ceiling,sliced,614,-0.013177,0.0176203
ceiling,sliced,615,-0.000943,0.01946294
ceiling,sliced,616,-0.006167,0.0203638
ceiling,sliced,617,-0.035969,0.02276371
ceiling,sliced,618,0.003695,0.01661621
ceiling,sliced,619,-0.031924,0.02211994
ceiling,sliced,620,-0.009848,0.02180375
ceiling,sliced,621,0.001247,0.01732199
ceiling,sliced,622,-0.014986,0.02032302
ceiling,sliced,623,0.014709,0.0175009
ceiling,sliced,624,0.009521,0.01798064
ceiling,sliced,625,0.02267,0.02124679
ceiling,sliced,626,-0.031802,0.019366
ceiling,sliced,627,0.009747,0.01460157
ceiling,sliced,628,-0.017676,0.02338057
ceiling,sliced,629,-0.009393,0.01822942
ceiling,sliced,630,0.012061,0.01714055
ceiling,sliced,631,-0.011296,0.01851627
ceiling,sliced,632,-0.029065,0.01775203
ceiling,sliced,633,0.001331,0.02115234
ceiling,sliced,634,-0.006445,0.01681326
ceiling,sliced,635,-0.031418,0.01550667
ceiling,sliced,636,0.01537,0.01665791
ceiling,sliced,637,-0.025883,0.02043661
ceiling,sliced,638,0.005487,0.01804756
ceiling,sliced,639,0.000356,0.01777383
ceiling,sliced,640,0.009317,0.01977073
ceiling,sliced,641,0.00122,0.01943554
ceiling,sliced,642,-0.023791,0.01469319
ceiling,sliced,643,0.021025,0.01988725
ceiling,sliced,644,0.010133,0.02491709
ceiling,sliced,645,0.010007,0.01626455
ceiling,sliced,646,-0.010702,0.01669776
ceiling,sliced,647,0.011074,0.01667529
ceiling,sliced,648,0.00765,0.01688137
ceiling,sliced,649,-0.002502,0.02293612
ceiling,sliced,650,-0.015556,0.01757209
ceiling,sliced,651,-0.002374,0.01861575
ceiling,sliced,652,-0.005991,0.02456945
ceiling,sliced,653,-0.015033,0.01832019
ceiling,sliced,654,-0.021074,0.01705004
ceiling,sliced,655,0.016166,0.01672108
ceiling,sliced,656,0.044436,0.01636964
ceiling,sliced,657,0.023901,0.01713355
ceiling,sliced,658,-0.044949,0.01939787
ceiling,sliced,659,-0.033969,0.01795608
ceiling,sliced,660,-0.013651,0.01615915
ceiling,sliced,661,0.023875,0.01928687
ceiling,sliced,662,0.010324,0.01740277
ceiling,sliced,663,0.001819,0.0171869
ceiling,sliced,664,0.024587,0.0246178
ceiling,sliced,665,-0.011797,0.018807
ceiling,sliced,666,0.000686,0.01569757
ceiling,sliced,667,-0.005401,0.01817454
ceiling,sliced,668,0.00991,0.01576698
ceiling,sliced,669,-0.017024,0.01600922
ceiling,sliced,670,0.006205,0.01562268
ceiling,sliced,671,-0.00817,0.01509493
ceiling,sliced,672,0.030388,0.01709954
ceiling,sliced,673,0.00274,0.01620362
ceiling,sliced,674,-0.009464,0.02013807
ceiling,sliced,675,0.007722,0.01988704
ceiling,sliced,676,0.027156,0.0177609
ceiling,sliced,677,0.005116,0.01546409
ceiling,sliced,678,0.020627,0.01869266
ceiling,sliced,679,-0.021762,0.02009651
ceiling,sliced,680,0.02341,0.01992094
ceiling,sliced,681,-0.011077,0.01939666
ceiling,sliced,682,0.01691,0.0199265
ceiling,sliced,683,-0.005849,0.02028872
ceiling,sliced,684,-0.0019,0.01612699
ceiling,sliced,685,-0.027107,0.01805079
ceiling,sliced,686,0.005099,0.01739382
ceiling,sliced,687,-0.01221,0.01621522
ceiling,sliced,688,0.009697,0.01875037
ceiling,sliced,689,0.01082,0.01851306
ceiling,sliced,690,0.001308,0.01682422
ceiling,sliced,691,0.007232,0.01375005
ceiling,sliced,692,0.015386,0.01731181
ceiling,sliced,693,0.006759,0.01919087
ceiling,sliced,694,-0.012752,0.01838003
ceiling,sliced,695,-0.014054,0.02102276
ceiling,sliced,696,-0.040085,0.01851933
ceiling,sliced,697,0.034258,0.02264902
ceiling,sliced,698,0.001962,0.01688152
ceiling,sliced,699,-0.01154,0.01497008
ceiling,sliced,700,0.0136,0.01546167
ceiling,sliced,701,0.025834,0.01779578
ceiling,sliced,702,0.011148,0.01813799
ceiling,sliced,703,0.021845,0.02131377
ceiling,sliced,704,0.010897,0.01872457
ceiling,sliced,705,-0.022345,0.01850116
ceiling,sliced,706,-0.035102,0.01593555
ceiling,sliced,707,0.024761,0.01654217
ceiling,sliced,708,-0.009971,0.02379937
ceiling,sliced,709,-0.013893,0.02050975
ceiling,sliced,710,-0.01684,0.01841747
ceiling,sliced,711,0.04549,0.01729226
ceiling,sliced,712,0.01168,0.01885253
ceiling,sliced,713,-0.01284,0.01856154
ceiling,sliced,714,-0.030356,0.01780671
ceiling,sliced,715,0.003614,0.01953309
ceiling,sliced,716,0.004198,0.02075453
ceiling,sliced,717,-0.012465,0.01703223
ceiling,sliced,718,0.00561,0.01567429
ceiling,sliced,719,-0.020846,0.01960843
ceiling,sliced,720,-0.015016,0.01740929
ceiling,sliced,721,0.002781,0.01778994
ceiling,sliced,722,0.001902,0.01914398
ceiling,sliced,723,0.014909,0.0164586
ceiling,sliced,724,0.00877,0.0184783
ceiling,sliced,725,-0.024146,0.01794946
ceiling,sliced,726,0.007019,0.0162749
ceiling,sliced,727,0.004698,0.01775296
ceiling,sliced,728,-0.001975,0.01602608
ceiling,sliced,729,-0.01328,0.01832865
ceiling,sliced,730,0.017368,0.01974048
ceiling,sliced,731,0.003627,0.01884354
ceiling,sliced,732,-0.050225,0.02419463
ceiling,sliced,733,0.019588,0.01490898
ceiling,sliced,734,-0.037247,0.01839242
ceiling,sliced,735,0.021679,0.02117233
ceiling,sliced,736,-0.012259,0.01893206
ceiling,sliced,737,-0.003887,0.01540732
ceiling,sliced,738,-0.024702,0.016557
ceiling,sliced,739,0.046441,0.01510699
ceiling,sliced,740,-0.005864,0.01641203
ceiling,sliced,741,0.009786,0.01645765
ceiling,sliced,742,0.013043,0.01729403
ceiling,sliced,743,0.018297,0.0174737
ceiling,sliced,744,-0.017572,0.01950787
ceiling,sliced,745,-0.008991,0.01937026
ceiling,sliced,746,-0.014131,0.01541931
ceiling,sliced,747,0.014189,0.01580313
ceiling,sliced,748,-0.018051,0.01913308
ceiling,sliced,749,-0.006337,0.01905052
ceiling,sliced,750,0.003988,0.02203058
ceiling,sliced,751,0.015468,0.01882829
ceiling,sliced,752,-0.007365,0.017124
ceiling,sliced,753,-0.001769,0.01573803
ceiling,sliced,754,-0.012952,0.01532316
ceiling,sliced,755,-0.011077,0.0199035
ceiling,sliced,756,0.019588,0.01989739
ceiling,sliced,757,0.009612,0.01793306
ceiling,sliced,758,0.005893,0.01757422
ceiling,sliced,759,-0.005732,0.01756758
ceiling,sliced,760,0.004029,0.02023386
ceiling,sliced,761,-0.020349,0.01927907
ceiling,sliced,762,-0.007737,0.0200036
ceiling,sliced,763,-0.045311,0.01511238
ceiling,sliced,764,-0.003494,0.01799635
ceiling,sliced,765,0.001927,0.01749699
ceiling,sliced,766,0.004754,0.0172822
ceiling,sliced,767,0.022921,0.01717979
ceiling,sliced,768,-0.003512,0.01726532
ceiling,sliced,769,-0.008892,0.01582431
ceiling,sliced,770,-0.00188,0.01560507
ceiling,sliced,771,0.028251,0.01931808
ceiling,sliced,772,0.001861,0.02027579
ceiling,sliced,773,-0.018616,0.01627984
ceiling,sliced,774,-0.018674,0.02033761
ceiling,sliced,775,-0.004715,0.01949573
ceiling,sliced,776,0.001491,0.01881952
ceiling,sliced,777,0.008605,0.01445628
ceiling,sliced,778,-0.01212,0.01738759
ceiling,sliced,779,-0.009773,0.01777653
ceiling,sliced,780,0.005577,0.01594861
ceiling,sliced,781,0.000272,0.02064591
ceiling,sliced,782,0.02332,0.02232422
ceiling,sliced,783,-0.001243,0.01534767
ceiling,sliced,784,-0.039945,0.01687686
ceiling,sliced,785,0.006211,0.0210859
ceiling,sliced,786,0.015881,0.01480031
ceiling,sliced,787,0.016018,0.01836148
ceiling,sliced,788,0.000838,0.01854905
ceiling,sliced,789,0.000743,0.01540329
ceiling,sliced,790,0.005494,0.01505648
ceiling,sliced,791,-0.021193,0.02262932
ceiling,sliced,792,-0.003589,0.01692166
ceiling,sliced,793,0.016252,0.01446933
ceiling,sliced,794,-0.006571,0.01669463
ceiling,sliced,795,0.010087,0.01808622
ceiling,sliced,796,-0.022709,0.02008791
ceiling,sliced,797,0.006006,0.01678022
ceiling,sliced,798,0.012666,0.01730827
ceiling,sliced,799,-0.010196,0.01608695
ceiling,sliced,800,0.004197,0.01529757
ceiling,sliced,801,0.031908,0.01712281
ceiling,sliced,802,0.021252,0.01461012
ceiling,sliced,803,0.033315,0.02164613
ceiling,sliced,804,0.012118,0.01673558
ceiling,sliced,805,-0.004804,0.02046132
ceiling,sliced,806,0.019518,0.01704652
ceiling,sliced,807,-0.03424,0.01656561
ceiling,sliced,808,0.017699,0.02112954
ceiling,sliced,809,0.002703,0.02083755
ceiling,sliced,810,0.00418,0.01632185
ceiling,sliced,811,0.004904,0.0162174
ceiling,sliced,812,0.007114,0.02250733
ceiling,sliced,813,-0.002699,0.01487333
ceiling,sliced,814,-0.018963,0.01588533
ceiling,sliced,815,-0.013317,0.02340046
ceiling,sliced,816,0.007956,0.02054296
ceiling,sliced,817,-0.002518,0.01745608
ceiling,sliced,818,0.010436,0.01587936
ceiling,sliced,819,-0.00555,0.01618275
ceiling,sliced,820,-0.021414,0.02646773
ceiling,sliced,821,0.012308,0.01708514
ceiling,sliced,822,0.025694,0.01927116
ceiling,sliced,823,-0.015074,0.01802598
ceiling,sliced,824,-0.017889,0.02041483
ceiling,sliced,825,-0.018369,0.01972874
ceiling,sliced,826,0.015785,0.02115257
ceiling,sliced,827,-0.011804,0.01482727
ceiling,sliced,828,0.020128,0.01959559
ceiling,sliced,829,0.019472,0.02272703
ceiling,sliced,830,-0.00035,0.02314557
ceiling,sliced,831,0.017118,0.01818974
ceiling,sliced,832,-0.001401,0.01704028
ceiling,sliced,833,0.006483,0.01729262
ceiling,sliced,834,0.032112,0.01929143
ceiling,sliced,835,-0.028823,0.01801501
ceiling,sliced,836,-0.002535,0.01864209
ceiling,sliced,837,-0.017409,0.01662504
ceiling,sliced,838,0.002103,0.01845425
ceiling,sliced,839,0.010112,0.02018321
ceiling,sliced,840,0.000726,0.01500415
ceiling,sliced,841,-0.004464,0.02398689
ceiling,sliced,842,0.006212,0.02164558
ceiling,sliced,843,-0.00999,0.0160375
ceiling,sliced,844,-0.002739,0.01630073
ceiling,sliced,845,0.009073,0.01514608
ceiling,sliced,846,0.028217,0.01957721
ceiling,sliced,847,0.004324,0.02008842
ceiling,sliced,848,0.01861,0.02122522
ceiling,sliced,849,0.017296,0.01763043
ceiling,sliced,850,-0.034403,0.01813274
ceiling,sliced,851,-0.010696,0.01905839
ceiling,sliced,852,-0.036188,0.01658377
ceiling,sliced,853,0.00669,0.01530573
ceiling,sliced,854,-0.022623,0.01784575
ceiling,sliced,855,0.014099,0.01619399
ceiling,sliced,856,-0.009877,0.0190914
ceiling,sliced,857,0.011634,0.01724838
ceiling,sliced,858,-0.00921,0.02068137
ceiling,sliced,859,0.005853,0.01644262
ceiling,sliced,860,-0.005593,0.02243558
ceiling,sliced,861,-0.032988,0.02181683
ceiling,sliced,862,-0.029743,0.02150551
ceiling,sliced,863,-0.011518,0.01616123
ceiling,sliced,864,0.013458,0.01745811
ceiling,sliced,865,-0.018219,0.01886573
ceiling,sliced,866,0.035118,0.01600296
ceiling,sliced,867,-0.034984,0.01739987
ceiling,sliced,868,-0.002237,0.01899883
ceiling,sliced,869,0.010782,0.01796545
ceiling,sliced,870,0.00918,0.02208023
ceiling,sliced,871,0.015545,0.01474139
ceiling,sliced,872,0.001338,0.01805415
ceiling,sliced,873,-0.01804,0.01830187
ceiling,sliced,874,0.013643,0.0177164
ceiling,sliced,875,0.009833,0.01915179
ceiling,sliced,876,0.030056,0.01820261
ceiling,sliced,877,-0.024396,0.01798012
ceiling,sliced,878,0.005831,0.01735374
ceiling,sliced,879,0.008273,0.02419629
ceiling,sliced,880,0.009888,0.0211285
ceiling,sliced,881,0.010368,0.01505478
ceiling,sliced,882,-0.001485,0.02302816
ceiling,sliced,883,-0.009647,0.02042797
ceiling,sliced,884,-0.000846,0.01738178
ceiling,sliced,885,-0.016739,0.01545544
ceiling,sliced,886,0.001004,0.01541347
ceiling,sliced,887,0.004394,0.01724532
ceiling,sliced,888,-0.01819,0.02024941
ceiling,sliced,889,-0.018419,0.0152806
ceiling,sliced,890,0.027657,0.01755406
ceiling,sliced,891,0.021087,0.02186842
ceiling,sliced,892,-0.023582,0.0187888
ceiling,sliced,893,0.020076,0.02155564
ceiling,sliced,894,-0.012268,0.01917958
ceiling,sliced,895,0.005863,0.01904278
ceiling,sliced,896,0.010435,0.01760734
ceiling,sliced,897,-0.011159,0.01506032
ceiling,sliced,898,0.021713,0.02116646
ceiling,sliced,899,0.010186,0.01866793
ceiling,sliced,900,-0.021258,0.01796183
ceiling,sliced,901,-0.016317,0.02028127
ceiling,sliced,902,-0.000501,0.01491709
ceiling,sliced,903,0.013658,0.01694732
ceiling,sliced,904,-0.018567,0.01779441
ceiling,sliced,905,0.005806,0.01702454
ceiling,sliced,906,0.007411,0.01874462
ceiling,sliced,907,0.002743,0.0236969
ceiling,sliced,908,0.021931,0.01515069
ceiling,sliced,909,0.006789,0.01654141
ceiling,sliced,910,0.004472,0.01769372
ceiling,sliced,911,-0.022873,0.01717663
ceiling,sliced,912,-0.004242,0.01693289
ceiling,sliced,913,0.006108,0.01824896
ceiling,sliced,914,0.016825,0.02713764
ceiling,sliced,915,0.026976,0.01535902
ceiling,sliced,916,-0.011751,0.01677471
ceiling,sliced,917,0.02102,0.02061737
ceiling,sliced,918,0.01145,0.02305472
ceiling,sliced,919,0.013354,0.01742096
ceiling,sliced,920,-0.006071,0.02388299
ceiling,sliced,921,-0.012462,0.0179691
ceiling,sliced,922,-0.009518,0.01612195
ceiling,sliced,923,0.013991,0.01976572
ceiling,sliced,924,0.01884,0.01834683
ceiling,sliced,925,-0.0268,0.01798215
ceiling,sliced,926,0.022655,0.01661681
ceiling,sliced,927,0.000264,0.02227666
ceiling,sliced,928,0.000794,0.0189257
ceiling,sliced,929,-0.016492,0.0175701
ceiling,sliced,930,-0.027287,0.01543778
ceiling,sliced,931,0.004317,0.01756009
ceiling,sliced,932,-0.015145,0.01385693
ceiling,sliced,933,0.023543,0.01619537
ceiling,sliced,934,-0.000494,0.01833997
ceiling,sliced,935,0.009492,0.01891646
ceiling,sliced,936,-0.003311,0.02144293
ceiling,sliced,937,-0.02135,0.02331154
ceiling,sliced,938,-0.052674,0.01687288
ceiling,sliced,939,-0.020443,0.01672743
ceiling,sliced,940,-0.005601,0.01829462
ceiling,sliced,941,0.022842,0.01763795
ceiling,sliced,942,-0.016301,0.0188679
ceiling,sliced,943,0.011561,0.01901907
ceiling,sliced,944,0.01116,0.01659306
ceiling,sliced,945,-3.4e-05,0.01725633
ceiling,sliced,946,0.009916,0.01924758
ceiling,sliced,947,0.001922,0.01900104
ceiling,sliced,948,-0.008561,0.01937593
ceiling,sliced,949,0.030798,0.01968935
ceiling,sliced,950,-0.009831,0.02325678
ceiling,sliced,951,-0.014676,0.02191819
ceiling,sliced,952,-0.011215,0.01703718
ceiling,sliced,953,0.007022,0.02101561
ceiling,sliced,954,-0.019051,0.0206184
ceiling,sliced,955,-0.023046,0.01616432
ceiling,sliced,956,-0.012433,0.01894999
ceiling,sliced,957,-0.008602,0.01541348
ceiling,sliced,958,-0.019054,0.02876163
ceiling,sliced,959,0.018809,0.01938884
ceiling,sliced,960,-0.011433,0.01701286
ceiling,sliced,961,-0.005092,0.01977006
ceiling,sliced,962,-0.011817,0.02007767
ceiling,sliced,963,-0.002409,0.0166806
ceiling,sliced,964,0.02928,0.01487107
ceiling,sliced,965,0.008448,0.01294322
ceiling,sliced,966,-0.024655,0.01741743
ceiling,sliced,967,-0.005492,0.01774688
ceiling,sliced,968,0.010781,0.01642117
ceiling,sliced,969,-0.030875,0.01884826
ceiling,sliced,970,0.010705,0.01555924
ceiling,sliced,971,0.003427,0.02195752
ceiling,sliced,972,0.017272,0.01400939
ceiling,sliced,973,-0.004607,0.01913293
ceiling,sliced,974,-0.029157,0.01547643
ceiling,sliced,975,-0.010142,0.02296254
ceiling,sliced,976,0.011174,0.01569205
ceiling,sliced,977,-0.021466,0.01590566
ceiling,sliced,978,0.031696,0.01765701
ceiling,sliced,979,0.006223,0.01890443
ceiling,sliced,980,0.02321,0.01595001
ceiling,sliced,981,-0.012,0.01529689
ceiling,sliced,982,0.029579,0.02129058
ceiling,sliced,983,-0.036729,0.01718023
ceiling,sliced,984,0.007189,0.01814034
ceiling,sliced,985,0.01443,0.01272156
ceiling,sliced,986,0.029882,0.01742128
ceiling,sliced,987,0.018081,0.01624993
ceiling,sliced,988,0.034734,0.01983118
ceiling,sliced,989,0.033277,0.0197327
ceiling,sliced,990,-0.001844,0.01814207
ceiling,sliced,991,-0.002059,0.01733548
ceiling,sliced,992,-0.009753,0.02085875
ceiling,sliced,993,-0.003386,0.01990039
ceiling,sliced,994,-0.003111,0.01507309
ceiling,sliced,995,0.016015,0.02042214
ceiling,sliced,996,0.015977,0.01913139
ceiling,sliced,997,-0.008543,0.01754321
ceiling,sliced,998,-0.014867,0.01618322
ceiling,sliced,999,0.013386,0.01834351
ceiling,sliced,1000,-0.015956,0.01610305
ceiling,sliced,1001,-0.00188,0.01826305
ceiling,sliced,1002,-0.002333,0.01694563
ceiling,sliced,1003,0.004992,0.02102526
ceiling,sliced,1004,0.02036,0.019814
ceiling,sliced,1005,0.019424,0.01883855
ceiling,sliced,1006,0.010396,0.01954638
ceiling,sliced,1007,0.018662,0.02071081
ceiling,sliced,1008,-0.029465,0.01590057
ceiling,sliced,1009,-0.012084,0.02082471
ceiling,sliced,1010,0.003772,0.01781303
ceiling,sliced,1011,0.00976,0.01368208
ceiling,sliced,1012,0.011041,0.01716607
ceiling,sliced,1013,-0.014909,0.01950221
ceiling,sliced,1014,-0.005984,0.02150745
ceiling,sliced,1015,0.014428,0.01892877
ceiling,sliced,1016,-0.023617,0.01638492
ceiling,sliced,1017,0.022353,0.01764055
ceiling,sliced,1018,0.02081,0.01793498
ceiling,sliced,1019,-0.014882,0.02141221
ceiling,sliced,1020,-0.016714,0.01753212
ceiling,sliced,1021,-0.019561,0.0177487
ceiling,sliced,1022,-0.005307,0.0163264
ceiling,sliced,1023,0.015954,0.01719659
ceiling,bn,0,-0.07883,1.10441267
ceiling,bn,1,0.110848,1.43839145
ceiling,bn,2,0.006481,1.21845174
ceiling,bn,3,0.060692,1.20995355
ceiling,bn,4,0.141644,1.1850034
ceiling,bn,5,-0.105862,1.19830406
ceiling,bn,6,-0.001466,1.17002845
ceiling,bn,7,0.112558,1.30838895
ceiling,bn,8,0.08243,1.23710489
ceiling,bn,9,-0.141776,1.19992507
ceiling,bn,10,-0.045384,1.13177729
ceiling,bn,11,0.079502,1.24649692
ceiling,bn,12,0.069754,1.08988667
ceiling,bn,13,0.003828,1.28906047
ceiling,bn,14,0.120213,1.24198985
ceiling,bn,15,-0.044341,1.12051809
ceiling,bn,16,0.03758,1.1643908
ceiling,bn,17,-0.023541,1.06856155
ceiling,bn,18,-0.014854,1.00558388
ceiling,bn,19,-0.103232,0.9708389
ceiling,bn,20,0.121226,1.17155159
ceiling,bn,21,-0.15913,1.03952897
ceiling,bn,22,0.029529,0.9836508
ceiling,bn,23,-0.016833,1.02837741
ceiling,bn,24,0.032156,1.08349311
ceiling,bn,25,-0.002537,1.04811788
ceiling,bn,26,0.002301,1.19761264
ceiling,bn,27,0.030027,0.95475668
ceiling,bn,28,0.037885,1.24999511
ceiling,bn,29,0.061933,1.19599819
ceiling,bn,30,0.104226,1.07356143
ceiling,bn,31,-0.072182,1.17265451
ceiling,bn,32,0.009876,1.12079406
ceiling,bn,33,0.15706,1.07247388
ceiling,bn,34,0.251457,1.12952566
ceiling,bn,35,0.007324,1.04418409
ceiling,bn,36,-0.024812,0.98979354
ceiling,bn,37,0.012397,0.94088358
ceiling,bn,38,-0.002081,1.07652688
ceiling,bn,39,0.155227,1.06102657
ceiling,bn,40,-0.104436,0.97653008
ceiling,bn,41,0.096306,1.00528383
ceiling,bn,42,0.254272,1.01684272
ceiling,bn,43,-0.021265,0.98964697
ceiling,bn,44,0.078274,1.01130068
ceiling,bn,45,0.021017,1.05557251
ceiling,bn,46,-0.036265,1.07499874
ceiling,bn,47,0.047614,1.03664827
ceiling,bn,48,-0.013823,1.05193806
ceiling,bn,49,-0.042714,1.12691188
ceiling,bn,50,-0.056367,1.03199208
ceiling,bn,51,0.010615,0.93921673
ceiling,bn,52,0.029523,0.99472618
ceiling,bn,53,0.087022,0.99511409
ceiling,bn,54,-0.125658,1.07290852
ceiling,bn,55,-0.081194,0.96236426
ceiling,bn,56,0.095384,1.00758898
ceiling,bn,57,-0.190428,1.00823414
ceiling,bn,58,-0.003459,0.94642103
ceiling,bn,59,0.10051,1.09753776
ceiling,bn,60,0.030456,1.02806294
ceiling,bn,61,-0.10051,0.90625548
ceiling,bn,62,-0.004503,1.22743654
ceiling,bn,63,0.007278,1.01012754
ceiling,bn,64,-0.035403,1.09191585
ceiling,bn,65,0.091157,1.05327952
ceiling,bn,66,0.051182,0.97885209
ceiling,bn,67,0.089651,0.9854883
ceiling,bn,68,-0.092049,0.93487203
ceiling,bn,69,-0.0414,1.03996074
ceiling,bn,70,-0.05693,1.11028051
ceiling,bn,71,-0.032998,1.06001461
ceiling,bn,72,0.107406,1.56153357
ceiling,bn,73,0.089099,1.23090768
ceiling,bn,74,0.23621,0.98753971
ceiling,bn,75,-0.068539,1.0874275
ceiling,bn,76,0.175102,1.06779671
ceiling,bn,77,0.00215,1.06949842
ceiling,bn,78,-0.068939,1.17595303
ceiling,bn,79,-0.002069,1.16061723
ceiling,bn,80,-0.002188,0.99578148
ceiling,bn,81,-0.069261,0.98711097
ceiling,bn,82,-0.053893,1.16519451
ceiling,bn,83,-0.047064,1.10907173
ceiling,bn,84,-0.025652,1.03578079
ceiling,bn,85,-0.047239,1.14160621
ceiling,bn,86,-0.042874,1.07457924
ceiling,bn,87,0.093099,1.06694281
ceiling,bn,88,-0.018558,1.05187881
ceiling,bn,89,0.134377,1.10325873
ceiling,bn,90,-0.097655,1.11659324
ceiling,bn,91,0.040673,0.97341949
ceiling,bn,92,-0.095891,0.9313094
ceiling,bn,93,-0.09837,1.04150891
ceiling,bn,94,-0.000824,1.02825344
ceiling,bn,95,0.061768,1.01135302
ceiling,bn,96,0.111595,1.08902919
ceiling,bn,97,0.000113,0.97801799
ceiling,bn,98,0.12657,0.98442841
ceiling,bn,99,0.009629,0.9399423
ceiling,bn,100,0.000861,1.01733339
ceiling,bn,101,-0.023899,1.02802801
ceiling,bn,102,-0.223978,1.07321918
ceiling,bn,103,-0.065697,1.00724971
ceiling,bn,104,0.016707,1.11401486
ceiling,bn,105,0.075129,1.01831508
ceiling,bn,106,0.027775,1.01550412
ceiling,bn,107,-0.101461,1.10940504
ceiling,bn,108,0.033354,1.04224944
ceiling,bn,109,0.022385,1.1553247
ceiling,bn,110,0.001783,1.10509109
ceiling,bn,111,0.064186,1.14651752
ceiling,bn,112,-0.090711,1.0581398
ceiling,bn,113,0.076099,1.14890099
ceiling,bn,114,0.023954,1.09850645
ceiling,bn,115,0.095401,1.07076335
ceiling,bn,116,-0.153361,1.09327042
ceiling,bn,117,-0.066446,0.9582569
ceiling,bn,118,-0.216835,1.00029659
ceiling,bn,119,-0.031284,1.06139231
ceiling,bn,120,-0.004014,1.00278687
ceiling,bn,121,-0.143326,0.91087317
ceiling,bn,122,-0.054051,1.038607
ceiling,bn,123,-0.052147,1.06681752
ceiling,bn,124,0.039153,1.00609195
ceiling,bn,125,-0.058202,1.05883157
ceiling,bn,126,0.044176,1.09275532
ceiling,bn,127,-0.047095,0.94644457
ceiling,bn,128,0.079946,1.0083195
ceiling,bn,129,0.080643,0.98060352
ceiling,bn,130,-0.003896,0.97471601
ceiling,bn,131,-0.122526,1.05034542
ceiling,bn,132,0.068642,1.002581
ceiling,bn,133,-0.015399,1.02711976
ceiling,bn,134,0.063021,0.96406734
ceiling,bn,135,-0.116707,1.33463621
ceiling,bn,136,0.061506,1.04039299
ceiling,bn,137,0.221278,1.24464071
ceiling,bn,138,0.185551,1.11324692
ceiling,bn,139,-0.072098,1.10839128
ceiling,bn,140,0.009735,1.12984681
ceiling,bn,141,-0.086401,1.06575751
ceiling,bn,142,0.063837,1.22338092
ceiling,bn,143,-0.093268,1.19165826
ceiling,bn,144,-0.139813,1.0637784
ceiling,bn,145,-0.092366,1.19194591
ceiling,bn,146,0.063666,1.21604514
ceiling,bn,147,-0.040101,1.10902572
ceiling,bn,148,0.119824,1.09138954
ceiling,bn,149,-0.081762,1.00919878
ceiling,bn,150,0.006321,1.2255981
ceiling,bn,151,0.100528,1.06031632
ceiling,bn,152,-0.073695,1.26627934
ceiling,bn,153,0.052697,0.95119405
ceiling,bn,154,0.170346,1.11631179
ceiling,bn,155,-0.053344,1.05631673
ceiling,bn,156,-0.070662,1.11536372
ceiling,bn,157,-0.016085,1.23705471
ceiling,bn,158,0.074814,1.09108937
ceiling,bn,159,-0.042422,1.02201128
ceiling,bn,160,0.036799,1.12939119
ceiling,bn,161,0.053394,0.99953103
ceiling,bn,162,0.082686,1.04948556
ceiling,bn,163,0.034254,1.20496488
ceiling,bn,164,0.076709,0.9698354
ceiling,bn,165,-0.155434,1.33106303
ceiling,bn,166,0.028721,1.03997338
ceiling,bn,167,-0.021959,0.98438025
ceiling,bn,168,-0.046257,1.07711244
ceiling,bn,169,0.038763,0.9912917
ceiling,bn,170,0.161045,1.30244708
ceiling,bn,171,-0.114607,0.98721963
ceiling,bn,172,0.128297,1.24419165
ceiling,bn,173,0.007037,1.06409562
ceiling,bn,174,-0.025537,1.09358692
ceiling,bn,175,0.143345,1.11596465
ceiling,bn,176,-0.001904,1.16446102
ceiling,bn,177,-0.043497,1.15323079
ceiling,bn,178,-0.106919,1.21564662
ceiling,bn,179,-0.088134,1.08624375
ceiling,bn,180,-0.068355,1.06646216
ceiling,bn,181,0.007007,1.20598245
ceiling,bn,182,-0.021421,1.11590695
ceiling,bn,183,0.070925,1.09820998
ceiling,bn,184,0.004392,1.06869817
ceiling,bn,185,0.051162,1.13626659
ceiling,bn,186,0.086336,1.17806888
ceiling,bn,187,0.038319,1.03451633
ceiling,bn,188,0.027737,1.13035607
ceiling,bn,189,0.008665,1.09809935
ceiling,bn,190,0.011084,1.09600878
ceiling,bn,191,-0.018904,1.04093587
ceiling,bn,192,0.155086,0.98771846
ceiling,bn,193,-0.173145,1.09793675
ceiling,bn,194,0.063149,1.30837238
ceiling,bn,195,-0.221064,1.16628909
ceiling,bn,196,-0.074841,1.08943248
ceiling,bn,197,0.114595,0.93714464
ceiling,bn,198,0.009737,1.09747148
ceiling,bn,199,-0.098698,1.19535673
ceiling,bn,200,-0.069457,1.10738158
ceiling,bn,201,0.17451,1.05264056
ceiling,bn,202,-0.023331,0.97317386
ceiling,bn,203,-0.127789,1.00530136
ceiling,bn,204,-0.039976,1.03331482
ceiling,bn,205,-0.013259,1.01115406
ceiling,bn,206,-0.117669,1.17717385
ceiling,bn,207,0.018293,1.11535156
ceiling,bn,208,0.033284,1.00536001
ceiling,bn,209,0.112509,1.12945652
ceiling,bn,210,-0.051296,1.08107817
ceiling,bn,211,0.032513,1.01581836
ceiling,bn,212,-0.065023,1.08153474
ceiling,bn,213,-0.026164,1.11092937
ceiling,bn,214,-0.114061,1.24731398
ceiling,bn,215,0.057829,1.09343827
ceiling,bn,216,0.05836,1.03005278
ceiling,bn,217,0.077535,1.19511974
ceiling,bn,218,0.024678,0.94314146
ceiling,bn,219,-0.08094,1.17299378
ceiling,bn,220,-0.019558,1.0103873
ceiling,bn,221,0.091049,1.04375958
ceiling,bn,222,0.051152,1.15156591
ceiling,bn,223,-0.019959,0.97017467
ceiling,bn,224,-0.061951,1.06656599
ceiling,bn,225,0.253206,1.32477164
ceiling,bn,226,0.022126,1.14324677
ceiling,bn,227,0.13796,1.06226587
ceiling,bn,228,0.044775,1.08475518
ceiling,bn,229,-0.11653,1.20044518
ceiling,bn,230,-0.039619,1.27492368
ceiling,bn,231,-0.015349,1.14728653
ceiling,bn,232,-0.033311,1.2536341
ceiling,bn,233,-0.062075,1.01100659
ceiling,bn,234,-0.042143,1.12875235
ceiling,bn,235,-0.228835,1.02523756
ceiling,bn,236,0.164009,1.2607739
ceiling,bn,237,-0.013988,1.03293073
ceiling,bn,238,-0.033695,1.19836628
ceiling,bn,239,0.14216,1.09801066
ceiling,bn,240,-0.111518,0.96866208
ceiling,bn,241,-0.076548,1.07801235
ceiling,bn,242,-0.090184,1.00682938
ceiling,bn,243,-0.032891,1.13658333
ceiling,bn,244,-0.134599,1.05016494
ceiling,bn,245,0.01423,0.99412501
ceiling,bn,246,0.103316,1.07924485
ceiling,bn,247,-0.034098,1.03849065
ceiling,bn,248,0.031479,0.89502257
ceiling,bn,249,-0.039907,1.05877841
ceiling,bn,250,-0.026036,0.97478765
ceiling,bn,251,0.116565,1.1507374
ceiling,bn,252,0.126579,1.24778247
ceiling,bn,253,-0.150338,0.96468246
ceiling,bn,254,0.066978,0.96597373
ceiling,bn,255,-0.076127,1.10883772
ceiling,bn,256,0.034678,1.25027347
ceiling,bn,257,0.025503,1.01843917
ceiling,bn,258,0.096607,1.09357834
ceiling,bn,259,-0.073952,1.23991263
ceiling,bn,260,0.106203,1.1313293
ceiling,bn,261,-0.105324,1.18451905
ceiling,bn,262,0.04197,1.12759256
ceiling,bn,263,-0.04036,1.2703948
ceiling,bn,264,0.033885,1.20861745
ceiling,bn,265,0.128729,1.17220914
ceiling,bn,266,-0.032707,1.22552311
ceiling,bn,267,-0.131334,1.05493867
ceiling,bn,268,-0.020546,1.1247741
ceiling,bn,269,0.018214,1.11615932
ceiling,bn,270,-0.038022,1.33186066
ceiling,bn,271,0.137544,1.08764529
ceiling,bn,272,-0.0397,1.15766668
ceiling,bn,273,-0.003379,1.40630567
ceiling,bn,274,0.11697,1.23898315
ceiling,bn,275,-0.020847,1.12838793
ceiling,bn,276,0.054634,1.35477924
ceiling,bn,277,0.111974,1.46789849
ceiling,bn,278,-0.142775,1.12645054
ceiling,bn,279,0.042898,1.06494987
ceiling,bn,280,0.071249,1.24035811
ceiling,bn,281,-0.147466,1.16970468
ceiling,bn,282,-0.109676,1.25471711
ceiling,bn,283,0.067022,1.1983043
ceiling,bn,284,0.025927,1.14635861
ceiling,bn,285,-0.069983,1.23074555
ceiling,bn,286,0.064152,1.13193488
ceiling,bn,287,0.051463,1.37093759
ceiling,bn,288,0.063673,1.23934555
ceiling,bn,289,0.061195,1.26733553
ceiling,bn,290,-0.166208,1.41863847
ceiling,bn,291,0.066119,1.17207313
ceiling,bn,292,-0.166277,1.16601324
ceiling,bn,293,0.108763,1.25440419
ceiling,bn,294,-0.053514,1.14659595
ceiling,bn,295,-0.103607,1.26288903
ceiling,bn,296,-0.143182,1.16041017
ceiling,bn,297,-0.05651,1.25188506
ceiling,bn,298,0.017283,1.17771661
ceiling,bn,299,0.005377,1.09386766
ceiling,bn,300,0.112707,1.19581318
ceiling,bn,301,-0.001052,1.19621789
ceiling,bn,302,-0.169344,1.3041321
ceiling,bn,303,0.047138,1.17082417
ceiling,bn,304,0.030332,1.15433061
ceiling,bn,305,0.023149,1.21554101
ceiling,bn,306,0.095883,1.24016213
ceiling,bn,307,-0.329531,1.62781
ceiling,bn,308,-0.101744,1.06634831
ceiling,bn,309,-0.019928,1.24167788
ceiling,bn,310,-0.083545,1.24820042
ceiling,bn,311,0.021206,1.09395754
ceiling,bn,312,0.068138,1.07877529
ceiling,bn,313,0.128372,1.03549993
ceiling,bn,314,-0.016117,1.1090852
ceiling,bn,315,-0.007366,1.27629519
ceiling,bn,316,-0.081396,1.28781903
ceiling,bn,317,0.293869,1.48996174
ceiling,bn,318,0.112326,1.23648834
ceiling,bn,319,-0.118919,1.18593204
ceiling,bn,320,-0.067292,1.03384316
ceiling,bn,321,-0.088398,1.13623881
ceiling,bn,322,0.03987,1.30196238
ceiling,bn,323,0.050307,1.15820932
ceiling,bn,324,-0.073248,1.14186716
ceiling,bn,325,0.045641,1.03170121
ceiling,bn,326,0.020587,1.22733164
ceiling,bn,327,-0.140406,1.30501187
ceiling,bn,328,-0.087104,1.13340485
ceiling,bn,329,0.105964,1.07093263
ceiling,bn,330,-0.063738,1.13802981
ceiling,bn,331,0.075922,1.18015659
ceiling,bn,332,0.017912,1.18903542
ceiling,bn,333,0.055801,1.2306006
ceiling,bn,334,-0.056696,1.27516806
ceiling,bn,335,0.135111,1.25590777
ceiling,bn,336,-0.056029,1.1929189
ceiling,bn,337,-0.174542,1.19709575
ceiling,bn,338,-0.046083,1.11845458
ceiling,bn,339,0.05274,1.23457754
ceiling,bn,340,-0.084881,1.09453881
ceiling,bn,341,-0.102961,1.12014544
ceiling,bn,342,0.033778,1.16073239
ceiling,bn,343,-0.036678,1.1716634
ceiling,bn,344,0.029634,1.2404654
ceiling,bn,345,0.097994,1.35417747
ceiling,bn,346,-0.074806,1.09654582
ceiling,bn,347,-0.044457,1.23012197
ceiling,bn,348,-0.179628,1.16746485
ceiling,bn,349,0.033296,1.14146471
ceiling,bn,350,0.074039,1.2106117
ceiling,bn,351,-0.032735,1.10301781
ceiling,bn,352,-0.152528,1.15790522
ceiling,bn,353,0.047676,1.18177688
ceiling,bn,354,0.111471,1.24910259
ceiling,bn,355,0.076967,1.01032305
ceiling,bn,356,-0.09164,1.26527536
ceiling,bn,357,-0.052273,1.0934577
ceiling,bn,358,0.032824,1.0262922
ceiling,bn,359,0.018324,0.98271978
ceiling,bn,360,-0.013736,1.22952247
ceiling,bn,361,-0.066107,1.30290651
ceiling,bn,362,-0.028185,1.05997825
ceiling,bn,363,-0.178123,1.25013506
ceiling,bn,364,0.076954,1.32550657
ceiling,bn,365,-0.043252,1.17807865
ceiling,bn,366,-0.031854,1.30962276
ceiling,bn,367,-0.223766,1.2694304
ceiling,bn,368,0.109268,1.26451242
ceiling,bn,369,-0.135217,1.13170362
ceiling,bn,370,-0.022251,1.14185452
ceiling,bn,371,-0.006961,1.12429154
ceiling,bn,372,0.001582,1.02235687
ceiling,bn,373,0.092444,1.07892537
ceiling,bn,374,0.009231,1.20938909
ceiling,bn,375,0.033552,1.18677926
ceiling,bn,376,0.095763,1.40624666
ceiling,bn,377,-0.02641,1.14695239
ceiling,bn,378,-0.011694,1.17978728
ceiling,bn,379,-0.016304,1.41831028
ceiling,bn,380,-0.189081,1.18951833
ceiling,bn,381,0.054924,1.16599643
ceiling,bn,382,-0.033665,1.10927367
ceiling,bn,383,-0.082011,1.18297207
ceiling,bn,384,0.101145,1.11041188
ceiling,bn,385,0.103685,1.22362518
ceiling,bn,386,0.037395,1.11442661
ceiling,bn,387,-0.050597,1.28123641
ceiling,bn,388,0.082009,1.11157393
ceiling,bn,389,0.044845,1.24394858
ceiling,bn,390,0.014272,1.16222
ceiling,bn,391,-0.000195,1.15209007
ceiling,bn,392,0.045047,1.19843292
ceiling,bn,393,-0.009898,1.18951499
ceiling,bn,394,-0.001735,1.10533762
ceiling,bn,395,-0.025188,1.15928268
ceiling,bn,396,-0.192922,1.31858528
ceiling,bn,397,-0.009616,1.21351886
ceiling,bn,398,0.140442,1.2988652
ceiling,bn,399,-0.092457,1.24815667
ceiling,bn,400,0.048571,1.15772212
ceiling,bn,401,-0.121229,1.24879134
ceiling,bn,402,-0.088645,1.13501394
ceiling,bn,403,-0.044393,1.08965361
ceiling,bn,404,-0.055866,1.10550845
ceiling,bn,405,0.017244,1.26969743
ceiling,bn,406,-0.083313,1.05668342
ceiling,bn,407,0.030172,1.15033484
ceiling,bn,408,0.096492,1.16004348
ceiling,bn,409,0.031771,1.18228114
ceiling,bn,410,0.016374,1.10641968
ceiling,bn,411,-0.003604,0.9405095
ceiling,bn,412,-0.056317,1.14250124
ceiling,bn,413,-0.127705,1.16653717
ceiling,bn,414,-8.5e-05,1.06632829
ceiling,bn,415,-0.145833,1.16144621
ceiling,bn,416,0.000364,1.16231906
ceiling,bn,417,-0.035021,1.14959288
ceiling,bn,418,0.009069,1.24304736
ceiling,bn,419,0.00782,1.12689531
ceiling,bn,420,0.062809,1.17447615
ceiling,bn,421,0.129416,1.05286849
ceiling,bn,422,0.055997,1.27887642
ceiling,bn,423,0.050197,1.27282
ceiling,bn,424,-0.086761,1.10215986
ceiling,bn,425,-0.189469,1.1031338
ceiling,bn,426,0.107315,1.20441639
ceiling,bn,427,0.118716,1.21002948
ceiling,bn,428,-0.046748,1.17457104
ceiling,bn,429,0.083246,1.12568438
ceiling,bn,430,0.104849,1.14815784
ceiling,bn,431,0.068321,1.08951747
ceiling,bn,432,-0.046967,1.12987745
ceiling,bn,433,0.015105,1.25285518
ceiling,bn,434,0.046438,1.12623715
ceiling,bn,435,-0.006116,1.1810652
ceiling,bn,436,-0.13817,1.06578803
ceiling,bn,437,0.016976,1.03795004
ceiling,bn,438,-0.136633,1.23867893
ceiling,bn,439,0.140074,1.30267358
ceiling,bn,440,-0.00309,1.14983737
ceiling,bn,441,-0.119021,0.91562611
ceiling,bn,442,-0.059013,1.30549598
ceiling,bn,443,0.130993,1.16533327
ceiling,bn,444,-0.07621,1.0261122
ceiling,bn,445,-0.009952,1.15088105
ceiling,bn,446,0.088001,1.21281838
ceiling,bn,447,-0.116876,1.04866552
ceiling,bn,448,0.117809,1.00089586
ceiling,bn,449,0.125609,1.16791439
ceiling,bn,450,-0.081685,0.99667823
ceiling,bn,451,-0.011467,1.26099229
ceiling,bn,452,0.062274,1.24041653
ceiling,bn,453,0.084135,1.13067579
ceiling,bn,454,-0.03095,1.16038966
ceiling,bn,455,0.172661,1.11724186
ceiling,bn,456,0.066702,1.09611559
ceiling,bn,457,0.16284,1.21116984
ceiling,bn,458,0.031039,1.17515755
ceiling,bn,459,-0.001493,1.21916831
ceiling,bn,460,-0.15673,1.11963987
ceiling,bn,461,0.065924,1.14123404
ceiling,bn,462,0.165031,1.16190064
ceiling,bn,463,0.061363,1.05269516
ceiling,bn,464,0.010155,1.40857792
ceiling,bn,465,-0.012331,1.12170446
ceiling,bn,466,0.133195,1.20698881
ceiling,bn,467,-0.003258,1.21550882
ceiling,bn,468,0.258758,1.19394886
ceiling,bn,469,0.092474,1.32116818
ceiling,bn,470,-0.005596,1.13964951
ceiling,bn,471,-0.026214,1.20422804
ceiling,bn,472,0.050121,1.07054961
ceiling,bn,473,0.152769,1.10366225
ceiling,bn,474,-0.164393,1.14985335
ceiling,bn,475,-0.123845,1.1390202
ceiling,bn,476,0.036646,1.188959
ceiling,bn,477,-0.198439,1.15135276
ceiling,bn,478,0.047796,1.03770864
ceiling,bn,479,-0.056522,1.38722408
ceiling,bn,480,-0.040206,1.14308369
ceiling,bn,481,-0.05821,1.06926298
ceiling,bn,482,-0.170916,1.19650269
ceiling,bn,483,0.044099,1.18843734
ceiling,bn,484,-0.158336,1.10669911
ceiling,bn,485,0.029756,1.29179037
ceiling,bn,486,0.059873,1.11575961
ceiling,bn,487,0.03248,1.12601447
ceiling,bn,488,-0.044623,1.14007854
ceiling,bn,489,-0.070988,1.09740222
ceiling,bn,490,-0.035014,1.30799425
ceiling,bn,491,0.002207,1.29030573
ceiling,bn,492,-0.224954,1.12101102
ceiling,bn,493,-0.143572,1.08211923
ceiling,bn,494,-0.092918,1.0318706
ceiling,bn,495,-0.014563,1.09280276
ceiling,bn,496,0.068217,1.23595512
ceiling,bn,497,-0.058558,1.221681
ceiling,bn,498,0.064241,1.15491748
ceiling,bn,499,0.134528,1.33830881
ceiling,bn,500,-0.037524,1.24573338
ceiling,bn,501,0.024722,1.19070578
ceiling,bn,502,-0.011207,0.96615231
ceiling,bn,503,0.067889,1.11380053
ceiling,bn,504,0.040388,1.11590922
ceiling,bn,505,-0.028721,1.35614789
ceiling,bn,506,-0.039629,1.23649764
ceiling,bn,507,-0.174242,1.19502139
ceiling,bn,508,0.10604,1.35520983
ceiling,bn,509,-0.018618,1.19653869
ceiling,bn,510,0.174781,1.42284763
ceiling,bn,511,-0.126899,1.22245324
ceiling,bn,512,-0.213742,1.02760887
ceiling,bn,513,0.119033,1.16290843
ceiling,bn,514,-0.088952,0.96942228
ceiling,bn,515,0.205277,1.03743839
ceiling,bn,516,0.032652,0.89780164
ceiling,bn,517,0.127726,0.93160236
ceiling,bn,518,-0.073772,0.96645784
ceiling,bn,519,0.00438,0.94116145
ceiling,bn,520,-0.00749,0.98391902
ceiling,bn,521,0.103496,0.87492216
ceiling,bn,522,0.04017,0.83508164
ceiling,bn,523,-0.035234,0.89814526
ceiling,bn,524,0.011201,0.91530389
ceiling,bn,525,-0.052567,0.99170685
ceiling,bn,526,-0.085849,0.91832644
ceiling,bn,527,-0.042912,1.02596855
ceiling,bn,528,0.076359,1.00750566
ceiling,bn,529,-0.135054,1.06039143
ceiling,bn,530,-0.067362,1.09944963
ceiling,bn,531,0.057527,0.96779162
ceiling,bn,532,0.059057,1.01040649
ceiling,bn,533,-0.044463,0.83458507
ceiling,bn,534,0.055233,0.83769178
ceiling,bn,535,-0.05204,0.90079969
ceiling,bn,536,-0.027352,1.07285857
ceiling,bn,537,0.072939,0.9952755
ceiling,bn,538,0.102465,0.84638929
ceiling,bn,539,0.104147,1.09298599
ceiling,bn,540,0.149163,0.98891056
ceiling,bn,541,-0.050687,0.9231025
ceiling,bn,542,0.052567,0.86795408
ceiling,bn,543,-0.107088,1.00308919
ceiling,bn,544,0.193176,0.97995555
ceiling,bn,545,-0.084553,0.96034831
ceiling,bn,546,0.055126,0.95773894
ceiling,bn,547,0.168426,1.02159011
ceiling,bn,548,0.109072,0.88716578
ceiling,bn,549,-0.026671,0.95067888
ceiling,bn,550,-0.02835,1.04030645
ceiling,bn,551,0.03722,1.01489091
ceiling,bn,552,0.061767,0.96436346
ceiling,bn,553,0.161807,1.02977037
ceiling,bn,554,-0.036843,1.07699871
ceiling,bn,555,-0.0461,1.13163555
ceiling,bn,556,0.097883,0.98073411
ceiling,bn,557,-0.014305,1.01030171
ceiling,bn,558,-0.067363,0.90563971
ceiling,bn,559,0.093585,0.85517925
ceiling,bn,560,0.005212,0.96652269
ceiling,bn,561,0.10937,0.99878669
ceiling,bn,562,0.063455,1.07103598
ceiling,bn,563,0.06762,0.98182458
ceiling,bn,564,0.071766,0.93484002
ceiling,bn,565,0.063258,0.89455891
ceiling,bn,566,-0.202779,0.8819418
ceiling,bn,567,-0.102564,1.02340925
ceiling,bn,568,0.098677,0.89974403
ceiling,bn,569,0.008831,0.98531139
ceiling,bn,570,-0.016697,0.83390319
ceiling,bn,571,-0.045381,1.04612815
ceiling,bn,572,0.02765,0.92122889
ceiling,bn,573,0.10864,0.96084756
ceiling,bn,574,0.052416,1.04538071
ceiling,bn,575,-0.075833,1.11759508
ceiling,bn,576,-0.044872,0.97926682
ceiling,bn,577,0.046627,0.92047542
ceiling,bn,578,-0.052362,0.96220046
ceiling,bn,579,0.143077,1.0747894
ceiling,bn,580,0.071492,1.01700628
ceiling,bn,581,-0.181017,0.84973186
ceiling,bn,582,0.033978,1.03254282
ceiling,bn,583,-0.132861,0.89487636
ceiling,bn,584,-0.091363,1.03167987
ceiling,bn,585,0.113894,0.96160114
ceiling,bn,586,-0.117153,1.13069844
ceiling,bn,587,0.058119,0.88370508
ceiling,bn,588,-0.033859,0.95767242
ceiling,bn,589,-0.154949,0.96441895
ceiling,bn,590,0.051433,0.90895444
ceiling,bn,591,-0.071339,1.02411258
ceiling,bn,592,-0.000904,0.89844519
ceiling,bn,593,-0.192087,0.96598285
ceiling,bn,594,-0.057959,0.90080887
ceiling,bn,595,-0.020522,1.01003158
ceiling,bn,596,-0.104772,0.88186985
ceiling,bn,597,0.008655,0.927728
ceiling,bn,598,-0.057388,0.7834174
ceiling,bn,599,-0.057718,0.89264375
ceiling,bn,600,0.088908,0.99805999
ceiling,bn,601,-0.049111,0.93467915
ceiling,bn,602,0.129635,1.00145304
ceiling,bn,603,-0.162976,0.90074235
ceiling,bn,604,0.000514,0.94113606
ceiling,bn,605,-0.030176,0.88760972
ceiling,bn,606,-0.039322,0.97707266
ceiling,bn,607,0.002909,1.0869832
ceiling,bn,608,0.088304,1.03286052
ceiling,bn,609,-0.079859,0.90739602
ceiling,bn,610,0.060369,0.89473802
ceiling,bn,611,0.056403,1.12163579
ceiling,bn,612,-0.045347,0.92248625
ceiling,bn,613,-0.10861,0.91778767
ceiling,bn,614,0.019878,0.87005192
ceiling,bn,615,-0.013267,0.95882177
ceiling,bn,616,-0.058711,0.90411216
ceiling,bn,617,0.005296,0.99907196
ceiling,bn,618,-0.019998,0.93599969
ceiling,bn,619,-0.06836,1.06163788
ceiling,bn,620,-0.09925,1.02679706
ceiling,bn,621,0.094101,1.08970559
ceiling,bn,622,0.010082,0.94037008
ceiling,bn,623,-0.044493,0.94368422
ceiling,bn,624,0.095256,0.91167396
ceiling,bn,625,0.047866,0.90024167
ceiling,bn,626,-0.00523,1.11036956
ceiling,bn,627,0.061518,0.94007754
ceiling,bn,628,-0.030371,1.0973413
ceiling,bn,629,-0.049233,0.92819512
ceiling,bn,630,0.116711,0.87793577
ceiling,bn,631,-0.093606,0.93221396
ceiling,bn,632,-0.192533,1.03209448
ceiling,bn,633,-0.091441,0.94594961
ceiling,bn,634,0.052936,0.99515676
ceiling,bn,635,-0.020524,0.95543736
ceiling,bn,636,-0.013735,0.9591521
ceiling,bn,637,-0.043134,0.92691123
ceiling,bn,638,0.01681,0.9584167
ceiling,bn,639,-0.031738,1.03732991
ceiling,bn,640,-0.030131,1.05907929
ceiling,bn,641,-0.018943,0.88876545
ceiling,bn,642,-0.161442,1.10874748
ceiling,bn,643,0.088164,0.89030278
ceiling,bn,644,0.006679,1.05237937
ceiling,bn,645,-0.047712,0.98452699
ceiling,bn,646,-0.053031,0.92907715
ceiling,bn,647,0.016325,0.95093137
ceiling,bn,648,0.054575,0.94726151
ceiling,bn,649,0.022491,0.91248006
ceiling,bn,650,-0.043048,0.96506107
ceiling,bn,651,0.064096,0.97126907
ceiling,bn,652,0.021274,1.12073445
ceiling,bn,653,-0.144114,0.92363763
ceiling,bn,654,0.051842,1.01240826
ceiling,bn,655,0.041059,0.98891234
ceiling,bn,656,0.142638,0.98574138
ceiling,bn,657,0.168919,1.00841546
ceiling,bn,658,-0.146132,0.94926953
ceiling,bn,659,-0.162624,1.12539339
ceiling,bn,660,-0.092742,0.89362562
ceiling,bn,661,0.041539,1.05156386
ceiling,bn,662,-0.043174,0.99394119
ceiling,bn,663,-0.040944,1.09787393
ceiling,bn,664,-0.024312,0.9044565
ceiling,bn,665,0.028912,1.04815221
ceiling,bn,666,0.185433,0.88311589
ceiling,bn,667,-0.015577,0.97586048
ceiling,bn,668,0.034644,0.89478981
ceiling,bn,669,-0.108187,0.92515749
ceiling,bn,670,0.116255,0.90086192
ceiling,bn,671,-0.006092,0.97900105
ceiling,bn,672,0.156267,0.86799657
ceiling,bn,673,-0.039047,0.92369521
ceiling,bn,674,-0.029551,0.99643695
ceiling,bn,675,0.078145,0.97633415
ceiling,bn,676,0.018135,0.91862065
ceiling,bn,677,0.007576,0.93684196
ceiling,bn,678,0.104989,1.03677452
ceiling,bn,679,-0.083708,0.95764995
ceiling,bn,680,0.10764,1.00639176
ceiling,bn,681,-0.090877,1.00267446
ceiling,bn,682,0.007667,0.97341949
ceiling,bn,683,0.013528,1.05820549
ceiling,bn,684,-0.086098,0.91974384
ceiling,bn,685,-0.022667,0.97557342
ceiling,bn,686,0.025935,1.07139611
ceiling,bn,687,-0.135218,0.92330128
ceiling,bn,688,0.14757,0.98269361
ceiling,bn,689,0.017624,0.97379923
ceiling,bn,690,0.11123,0.86119843
ceiling,bn,691,-0.007008,0.94149888
ceiling,bn,692,0.005857,0.97447354
ceiling,bn,693,-0.029536,1.1192919
ceiling,bn,694,-0.050873,0.92688078
ceiling,bn,695,-0.108105,0.98260397
ceiling,bn,696,-0.142858,1.14873886
ceiling,bn,697,0.136145,1.05980778
ceiling,bn,698,0.012136,1.07992435
ceiling,bn,699,0.010984,0.91625494
ceiling,bn,700,0.070904,0.89415747
ceiling,bn,701,0.083681,0.96006447
ceiling,bn,702,-0.036825,1.01389706
ceiling,bn,703,0.00948,1.08420646
ceiling,bn,704,0.194331,0.96196085
ceiling,bn,705,-0.111665,0.98308575
ceiling,bn,706,-0.157634,0.94232666
ceiling,bn,707,0.114568,1.00233412
ceiling,bn,708,-0.154738,1.14704084
ceiling,bn,709,0.001413,1.05953193
ceiling,bn,710,-0.175319,1.01681638
ceiling,bn,711,-0.005692,0.9921422
ceiling,bn,712,0.043894,0.97780687
ceiling,bn,713,-0.131642,0.99651688
ceiling,bn,714,-0.107349,0.87872994
ceiling,bn,715,0.040296,0.84702778
ceiling,bn,716,-0.0199,1.03855324
ceiling,bn,717,-0.015103,1.01951277
ceiling,bn,718,0.042492,0.94269252
ceiling,bn,719,-0.062765,1.12651241
ceiling,bn,720,-0.204474,0.98129731
ceiling,bn,721,-0.087488,0.89624792
ceiling,bn,722,-0.016917,1.1250695
ceiling,bn,723,0.017824,0.89999497
ceiling,bn,724,0.074881,0.99789566
ceiling,bn,725,-0.104419,1.02632844
ceiling,bn,726,0.011453,0.91947824
ceiling,bn,727,-0.004318,0.92680448
ceiling,bn,728,0.04751,1.06524301
ceiling,bn,729,-0.141532,1.05840135
ceiling,bn,730,0.07104,0.99152488
ceiling,bn,731,-0.087171,0.9456442
ceiling,bn,732,-0.084308,0.77333868
ceiling,bn,733,0.115689,1.00885773
ceiling,bn,734,-0.105544,1.05495059
ceiling,bn,735,0.020885,0.96533954
ceiling,bn,736,-0.038039,1.0469476
ceiling,bn,737,-0.043584,0.91325599
ceiling,bn,738,-0.076255,0.97700489
ceiling,bn,739,0.213968,0.89458787
ceiling,bn,740,-0.033687,1.00413179
ceiling,bn,741,-0.080589,0.94178718
ceiling,bn,742,-0.050613,0.91464406
ceiling,bn,743,0.018788,0.98349512
ceiling,bn,744,-0.024018,0.88099414
ceiling,bn,745,-0.189505,1.00913441
ceiling,bn,746,-0.002729,0.94326121
ceiling,bn,747,0.076298,0.97745466
ceiling,bn,748,-0.162046,1.00456619
ceiling,bn,749,0.093691,1.02146137
ceiling,bn,750,0.020908,0.96600276
ceiling,bn,751,0.075635,0.92810839
ceiling,bn,752,-0.020535,1.10575509
ceiling,bn,753,0.102395,0.90714449
ceiling,bn,754,-0.016712,0.90287775
ceiling,bn,755,-0.079946,0.9981454
ceiling,bn,756,0.21417,1.06315553
ceiling,bn,757,0.11668,1.04529226
ceiling,bn,758,0.071664,0.93481702
ceiling,bn,759,-0.035518,0.90516514
ceiling,bn,760,-0.039,0.96407747
ceiling,bn,761,-0.02594,0.87826616
ceiling,bn,762,-0.008104,1.14546418
ceiling,bn,763,-0.262258,0.93375587
ceiling,bn,764,0.10262,1.01353955
ceiling,bn,765,-0.104364,1.00631869
ceiling,bn,766,-0.087396,0.96201468
ceiling,bn,767,0.088113,0.97922838
ceiling,bn,768,-0.01414,0.90467685
ceiling,bn,769,-0.153893,0.99043059
ceiling,bn,770,-0.055216,0.98509008
ceiling,bn,771,0.09355,0.9135958
ceiling,bn,772,0.098329,1.00262129
ceiling,bn,773,0.089386,0.99517685
ceiling,bn,774,-0.059523,0.91979069
ceiling,bn,775,0.077738,0.93250906
ceiling,bn,776,-0.022151,1.10748565
ceiling,bn,777,0.11268,0.87175375
ceiling,bn,778,0.005228,0.85435927
ceiling,bn,779,-0.007332,0.95459843
ceiling,bn,780,0.124027,0.95909923
ceiling,bn,781,-0.00581,1.03282487
ceiling,bn,782,0.150021,0.99291188
ceiling,bn,783,0.004019,0.83807212
ceiling,bn,784,-0.09677,0.98299611
ceiling,bn,785,-0.039003,1.00350654
ceiling,bn,786,-0.002083,0.96019506
ceiling,bn,787,-0.063586,0.99465853
ceiling,bn,788,0.013765,0.94961631
ceiling,bn,789,0.041641,0.83275914
ceiling,bn,790,-0.035497,0.87444502
ceiling,bn,791,-0.101841,1.02624941
ceiling,bn,792,0.000288,0.91488159
ceiling,bn,793,-0.016364,0.92195868
ceiling,bn,794,0.032859,0.90085149
ceiling,bn,795,-0.008929,1.00613475
ceiling,bn,796,-0.098531,0.97918069
ceiling,bn,797,-0.083153,1.0163554
ceiling,bn,798,-0.035093,1.02310431
ceiling,bn,799,-0.099553,1.02161586
ceiling,bn,800,0.114336,0.91269815
ceiling,bn,801,0.080021,0.8965717
ceiling,bn,802,0.032246,0.93634975
ceiling,bn,803,0.174073,0.92830586
ceiling,bn,804,-0.02159,1.01549578
ceiling,bn,805,-0.083588,1.1846869
ceiling,bn,806,-0.023318,1.09296525
ceiling,bn,807,-0.16377,0.93789566
ceiling,bn,808,0.091472,0.9723736
ceiling,bn,809,-0.024301,0.88380271
ceiling,bn,810,0.017051,1.00589156
ceiling,bn,811,0.053833,0.94233268
ceiling,bn,812,0.05245,0.9032287
ceiling,bn,813,-0.01687,0.8914938
ceiling,bn,814,0.101072,0.92647624
ceiling,bn,815,-0.038164,1.15724039
ceiling,bn,816,0.024817,0.98197091
ceiling,bn,817,0.043335,1.07246172
ceiling,bn,818,0.000586,0.98528141
ceiling,bn,819,-0.020727,1.00668073
ceiling,bn,820,-0.088672,1.1146456
ceiling,bn,821,0.169079,1.01242805
ceiling,bn,822,0.085663,0.93628353
ceiling,bn,823,-0.085965,0.88261557
ceiling,bn,824,-0.162545,1.04083371
ceiling,bn,825,0.012185,0.94020855
ceiling,bn,826,0.119885,1.12260234
ceiling,bn,827,-0.060238,1.01794553
ceiling,bn,828,0.102515,0.92887866
ceiling,bn,829,0.070874,1.08616102
ceiling,bn,830,0.016579,1.08974636
ceiling,bn,831,-0.054306,0.97893322
ceiling,bn,832,0.102716,0.91038972
ceiling,bn,833,-0.000148,0.95252466
ceiling,bn,834,0.086655,1.04071867
ceiling,bn,835,0.105451,0.84655398
ceiling,bn,836,0.060335,0.91370928
ceiling,bn,837,-0.045052,0.91338593
ceiling,bn,838,0.02246,1.04669654
ceiling,bn,839,-0.050118,0.91596222
ceiling,bn,840,-0.037828,0.93427736
ceiling,bn,841,-0.011104,1.11068237
ceiling,bn,842,0.104886,1.04259789
ceiling,bn,843,-0.10752,0.95979381
ceiling,bn,844,0.069555,0.98155802
ceiling,bn,845,0.064798,0.9269141
ceiling,bn,846,0.087775,0.96491838
ceiling,bn,847,0.046137,1.13553357
ceiling,bn,848,0.140274,1.13120413
ceiling,bn,849,0.170643,0.96021628
ceiling,bn,850,-0.168705,1.08721423
ceiling,bn,851,-0.010883,1.02384984
ceiling,bn,852,-0.031657,0.91069943
ceiling,bn,853,0.14574,0.90033239
ceiling,bn,854,-0.170826,0.94353122
ceiling,bn,855,0.1039,0.95012617
ceiling,bn,856,-0.10107,1.02614141
ceiling,bn,857,-0.026696,0.98006415
ceiling,bn,858,0.044728,1.03033483
ceiling,bn,859,-0.000288,0.95000339
ceiling,bn,860,-0.017951,1.0346905
ceiling,bn,861,-0.058843,0.93481654
ceiling,bn,862,-0.118043,0.9304226
ceiling,bn,863,-0.163202,1.01677597
ceiling,bn,864,0.135136,0.92812651
ceiling,bn,865,-0.011023,0.97758174
ceiling,bn,866,0.22982,1.15035236
ceiling,bn,867,-0.221981,1.13696313
ceiling,bn,868,-0.02969,0.98433143
ceiling,bn,869,0.009406,0.9348442
ceiling,bn,870,0.085694,1.16151154
ceiling,bn,871,0.250985,0.95551574
ceiling,bn,872,-0.009377,1.11018193
ceiling,bn,873,-0.156422,1.06794477
ceiling,bn,874,0.095508,1.01110077
ceiling,bn,875,0.066197,1.01304066
ceiling,bn,876,0.070298,1.01450431
ceiling,bn,877,-0.140137,0.9678393
ceiling,bn,878,0.05145,0.88902831
ceiling,bn,879,0.118833,0.97289836
ceiling,bn,880,-0.011649,0.90878606
ceiling,bn,881,0.023705,0.99313349
ceiling,bn,882,-0.021319,1.10309255
ceiling,bn,883,0.020015,0.92567235
ceiling,bn,884,-0.079791,0.8491413
ceiling,bn,885,0.013492,0.97645313
ceiling,bn,886,0.05271,0.9944157
ceiling,bn,887,-0.113047,1.0357399
ceiling,bn,888,-0.089591,1.09511292
ceiling,bn,889,-0.048363,0.80094796
ceiling,bn,890,-0.008053,0.92406207
ceiling,bn,891,0.018356,1.00453007
ceiling,bn,892,-0.216822,0.96246856
ceiling,bn,893,0.027545,0.9829669
ceiling,bn,894,-0.052335,0.9930585
ceiling,bn,895,0.072679,0.98730576
ceiling,bn,896,0.172524,0.98655766
ceiling,bn,897,-0.064189,0.82220525
ceiling,bn,898,0.008832,0.9886753
ceiling,bn,899,0.015783,1.04540348
ceiling,bn,900,-0.128616,0.99118215
ceiling,bn,901,0.038472,0.88008517
ceiling,bn,902,-0.019732,0.89329761
ceiling,bn,903,0.149771,0.95657265
ceiling,bn,904,0.017491,0.92729545
ceiling,bn,905,0.06076,0.98249882
ceiling,bn,906,0.020389,0.99241549
ceiling,bn,907,-0.085062,1.07891631
ceiling,bn,908,0.133694,0.9082247
ceiling,bn,909,0.042891,0.93119788
ceiling,bn,910,-0.095605,0.9741385
ceiling,bn,911,-0.038591,1.02260768
ceiling,bn,912,-0.063248,0.92299092
ceiling,bn,913,0.037256,0.95329887
ceiling,bn,914,0.007768,0.97739851
ceiling,bn,915,-0.008618,0.87168247
ceiling,bn,916,-0.062487,0.89004374
ceiling,bn,917,0.156573,0.93951434
ceiling,bn,918,0.066144,1.10185683
ceiling,bn,919,0.035693,0.99640769
ceiling,bn,920,0.023148,0.88594377
ceiling,bn,921,0.061972,1.01563764
ceiling,bn,922,0.052542,0.9242751
ceiling,bn,923,-0.02053,0.93950617
ceiling,bn,924,0.200855,0.97030306
ceiling,bn,925,-0.071753,0.9568873
ceiling,bn,926,0.103211,0.94512606
ceiling,bn,927,-0.070329,1.03426099
ceiling,bn,928,-0.024279,1.06234252
ceiling,bn,929,-0.125642,0.92066646
ceiling,bn,930,-0.084795,0.91884375
ceiling,bn,931,0.073674,1.10569656
ceiling,bn,932,-0.107241,0.87173408
ceiling,bn,933,0.050496,0.94596487
ceiling,bn,934,0.017798,0.9546507
ceiling,bn,935,-0.0314,1.03366017
ceiling,bn,936,-0.036763,1.07561862
ceiling,bn,937,-0.179925,0.95675832
ceiling,bn,938,-0.121386,0.92840558
ceiling,bn,939,-0.137689,0.93279552
ceiling,bn,940,-0.021994,1.07896304
ceiling,bn,941,0.080923,0.9770757
ceiling,bn,942,-0.0159,0.97012949
ceiling,bn,943,0.142829,0.90023142
ceiling,bn,944,-0.011744,1.01186311
ceiling,bn,945,-0.017791,0.88534248
ceiling,bn,946,0.042807,0.92627442
ceiling,bn,947,-0.021834,0.95170498
ceiling,bn,948,-0.062737,1.00766683
ceiling,bn,949,0.037615,0.79226428
ceiling,bn,950,-0.037049,0.89953995
ceiling,bn,951,-0.135043,0.94205344
ceiling,bn,952,-0.16233,0.9630478
ceiling,bn,953,0.071345,0.88324326
ceiling,bn,954,-0.120694,1.02057791
ceiling,bn,955,-0.199395,0.98120999
ceiling,bn,956,0.054797,1.00957084
ceiling,bn,957,-0.132457,0.98988998
ceiling,bn,958,-0.080461,1.15589941
ceiling,bn,959,0.034908,0.95453924
ceiling,bn,960,-0.017852,0.94436055
ceiling,bn,961,0.05209,1.01486671
ceiling,bn,962,-0.093471,1.0078038
ceiling,bn,963,0.035956,0.90617216
ceiling,bn,964,0.20496,0.99233848
ceiling,bn,965,0.056296,0.81293672
ceiling,bn,966,-0.181375,0.95913821
ceiling,bn,967,0.057391,0.91248494
ceiling,bn,968,0.073818,0.92898655
ceiling,bn,969,-0.015837,0.9645896
ceiling,bn,970,0.064221,0.96232331
ceiling,bn,971,0.107624,1.18777394
ceiling,bn,972,0.111664,0.93845361
ceiling,bn,973,-0.02398,1.14480841
ceiling,bn,974,-0.065347,0.99067712
ceiling,bn,975,0.017242,0.98775798
ceiling,bn,976,0.014336,0.88150024
ceiling,bn,977,0.030711,0.88593715
ceiling,bn,978,0.228337,1.10178423
ceiling,bn,979,0.070149,0.93827242
ceiling,bn,980,0.019904,0.92909908
ceiling,bn,981,-0.117007,0.87181616
ceiling,bn,982,0.086882,1.1121043
ceiling,bn,983,-0.107114,0.91755325
ceiling,bn,984,0.058631,0.93116486
ceiling,bn,985,0.128156,1.06111491
ceiling,bn,986,0.05513,0.91010439
ceiling,bn,987,0.059395,0.839095
ceiling,bn,988,0.190329,1.06471539
ceiling,bn,989,0.152027,0.92279434
ceiling,bn,990,-0.025572,1.1476481
ceiling,bn,991,-0.054054,0.98772848
ceiling,bn,992,0.024475,1.03177905
ceiling,bn,993,0.057994,0.99284524
ceiling,bn,994,0.056119,0.90096956
ceiling,bn,995,0.102762,1.03661966
ceiling,bn,996,0.046434,0.86393684
ceiling,bn,997,0.001374,0.88994437
ceiling,bn,998,-0.143759,0.86424249
ceiling,bn,999,0.042196,0.84348512
ceiling,bn,1000,0.022479,0.89839083
ceiling,bn,1001,0.040675,0.90079892
ceiling,bn,1002,0.014218,0.89334917
ceiling,bn,1003,-0.060583,1.12149024
ceiling,bn,1004,0.115839,0.89304608
ceiling,bn,1005,0.09344,0.91214013
ceiling,bn,1006,0.183,1.0233978
ceiling,bn,1007,0.091703,1.08678401
ceiling,bn,1008,-0.216523,1.09064925
ceiling,bn,1009,-0.003118,1.13722003
ceiling,bn,1010,0.059242,0.83092368
ceiling,bn,1011,-0.10322,0.88583839
ceiling,bn,1012,0.074497,0.85451484
ceiling,bn,1013,0.01291,1.22687852
ceiling,bn,1014,-0.00808,1.02481067
ceiling,bn,1015,0.031242,0.84594876
ceiling,bn,1016,0.019709,0.98767442
ceiling,bn,1017,0.137755,1.02205491
ceiling,bn,1018,0.034766,1.08832562
ceiling,bn,1019,-0.064479,1.11198425
ceiling,bn,1020,-0.219106,1.01952565
ceiling,bn,1021,-0.039082,0.88295394
ceiling,bn,1022,0.090963,0.8990472
ceiling,bn,1023,0.147745,0.96226192
ceiling,z,0,-0.002015,0.00104056
ceiling,z,1,0.00238,0.0012865
ceiling,z,2,0.000253,0.00108573
ceiling,z,3,0.001973,0.00111094
ceiling,z,4,0.003859,0.00108998
ceiling,z,5,-0.003857,0.00109162
ceiling,z,6,0.000316,0.00111108
ceiling,z,7,0.003159,0.00119788
ceiling,z,8,0.002584,0.00114471
ceiling,z,9,-0.004229,0.00110035
ceiling,z,10,-0.001466,0.0010539
ceiling,z,11,0.00266,0.00114446
ceiling,z,12,0.002858,0.0010393
ceiling,z,13,0.000412,0.00114884
ceiling,z,14,0.004248,0.00114516
ceiling,z,15,-0.00133,0.00104353
ceiling,z,16,0.001369,0.00107463
ceiling,z,17,-0.000551,0.00100955
ceiling,z,18,-0.000492,0.00090394
ceiling,z,19,-0.003136,0.00091194
ceiling,z,20,0.003713,0.00106597
ceiling,z,21,-0.004417,0.00096647
ceiling,z,22,0.00094,0.00090626
ceiling,z,23,-0.000175,0.00095145
ceiling,z,24,0.0011,0.00100487
ceiling,z,25,-0.000597,0.00096717
ceiling,z,26,0.000455,0.00107372
ceiling,z,27,0.001495,0.00088411
ceiling,z,28,0.001133,0.0011499
ceiling,z,29,0.001411,0.00111028
ceiling,z,30,0.003264,0.00099918
ceiling,z,31,-0.001769,0.00106175
ceiling,z,32,0.000948,0.00102806
ceiling,z,33,0.00462,0.00098426
ceiling,z,34,0.007582,0.00104216
ceiling,z,35,0.000444,0.00095626
ceiling,z,36,-0.000865,0.00094343
ceiling,z,37,0.000393,0.00085907
ceiling,z,38,-0.000546,0.00095082
ceiling,z,39,0.004663,0.00097257
ceiling,z,40,-0.003233,0.00091099
ceiling,z,41,0.003162,0.00091851
ceiling,z,42,0.007693,0.00091807
ceiling,z,43,-0.000306,0.00089817
ceiling,z,44,0.002686,0.00094238
ceiling,z,45,0.000916,0.00095525
ceiling,z,46,-0.000813,0.00098548
ceiling,z,47,0.001175,0.00094345
ceiling,z,48,-0.000945,0.00096605
ceiling,z,49,-0.001083,0.00102053
ceiling,z,50,-0.001602,0.00094865
ceiling,z,51,0.00017,0.00088534
ceiling,z,52,0.000533,0.00092514
ceiling,z,53,0.002613,0.00089065
ceiling,z,54,-0.00415,0.00096172
ceiling,z,55,-0.002853,0.00089549
ceiling,z,56,0.003251,0.00092527
ceiling,z,57,-0.005835,0.00093218
ceiling,z,58,-0.000118,0.00091213
ceiling,z,59,0.002535,0.00099274
ceiling,z,60,0.001418,0.00094352
ceiling,z,61,-0.00305,0.00083665
ceiling,z,62,-6.5e-05,0.00113622
ceiling,z,63,-0.000101,0.00092313
ceiling,z,64,-0.001319,0.00099744
ceiling,z,65,0.002852,0.00094215
ceiling,z,66,0.000914,0.00089843
ceiling,z,67,0.002368,0.00090103
ceiling,z,68,-0.002683,0.00087157
ceiling,z,69,-0.001018,0.0009457
ceiling,z,70,-0.002311,0.00104682
ceiling,z,71,-0.000983,0.00096126
ceiling,z,72,0.00326,0.0014093
ceiling,z,73,0.002652,0.00112838
ceiling,z,74,0.007765,0.0009085
ceiling,z,75,-0.001748,0.00099472
ceiling,z,76,0.004785,0.00097411
ceiling,z,77,0.00037,0.00101139
ceiling,z,78,-0.002886,0.00108081
ceiling,z,79,0.00021,0.00106825
ceiling,z,80,0.000176,0.00092323
ceiling,z,81,-0.001865,0.00089167
ceiling,z,82,-0.001713,0.00105075
ceiling,z,83,-0.00059,0.00100759
ceiling,z,84,-0.000712,0.00095631
ceiling,z,85,-0.000924,0.0010487
ceiling,z,86,-0.001305,0.00095538
ceiling,z,87,0.003295,0.00098519
ceiling,z,88,-0.000737,0.00096431
ceiling,z,89,0.004333,0.00099719
ceiling,z,90,-0.003385,0.00103542
ceiling,z,91,0.001139,0.00089148
ceiling,z,92,-0.003348,0.00087896
ceiling,z,93,-0.002936,0.00097067
ceiling,z,94,0.000459,0.00095596
ceiling,z,95,0.001782,0.00092781
ceiling,z,96,0.003376,0.00100684
ceiling,z,97,-0.000182,0.00092417
ceiling,z,98,0.00436,0.00092104
ceiling,z,99,0.000628,0.00086088
ceiling,z,100,-2.4e-05,0.00091493
ceiling,z,101,-0.000553,0.00094224
ceiling,z,102,-0.00633,0.00096419
ceiling,z,103,-0.001749,0.00092909
ceiling,z,104,0.000979,0.00102252
ceiling,z,105,0.00196,0.00094411
ceiling,z,106,0.00128,0.000946
ceiling,z,107,-0.003215,0.00102919
ceiling,z,108,0.000972,0.0009668
ceiling,z,109,0.000684,0.00107118
ceiling,z,110,8.8e-05,0.00102164
ceiling,z,111,0.002402,0.00106221
ceiling,z,112,-0.002838,0.00099287
ceiling,z,113,0.002654,0.00107213
ceiling,z,114,0.000153,0.00101389
ceiling,z,115,0.002385,0.00096866
ceiling,z,116,-0.004217,0.00100658
ceiling,z,117,-0.002065,0.00087236
ceiling,z,118,-0.006772,0.0009199
ceiling,z,119,-0.000878,0.00096045
ceiling,z,120,0.000428,0.0009401
ceiling,z,121,-0.004304,0.00086164
ceiling,z,122,-0.001703,0.00094423
ceiling,z,123,-0.00153,0.00100393
ceiling,z,124,0.00075,0.00092524
ceiling,z,125,-0.001826,0.00096519
ceiling,z,126,0.001503,0.00102371
ceiling,z,127,-0.00125,0.00088665
ceiling,z,128,0.002512,0.00093629
ceiling,z,129,0.002479,0.00090069
ceiling,z,130,-0.000467,0.00091362
ceiling,z,131,-0.004186,0.0009669
ceiling,z,132,0.002428,0.0009458
ceiling,z,133,-0.000386,0.0009579
ceiling,z,134,0.00196,0.00088898
ceiling,z,135,-0.003229,0.00122097
ceiling,z,136,0.002084,0.00096754
ceiling,z,137,0.006358,0.00110176
ceiling,z,138,0.00514,0.00099799
ceiling,z,139,-0.0022,0.00099671
ceiling,z,140,0.000648,0.00103052
ceiling,z,141,-0.00283,0.00100763
ceiling,z,142,0.001561,0.00113571
ceiling,z,143,-0.002495,0.00108255
ceiling,z,144,-0.005042,0.00097829
ceiling,z,145,-0.002673,0.00107116
ceiling,z,146,0.001998,0.00106654
ceiling,z,147,-0.001472,0.00101277
ceiling,z,148,0.004084,0.00101125
ceiling,z,149,-0.00241,0.0009384
ceiling,z,150,0.000735,0.00114768
ceiling,z,151,0.003542,0.00097674
ceiling,z,152,-0.002433,0.00118748
ceiling,z,153,0.001535,0.00087522
ceiling,z,154,0.004909,0.00101636
ceiling,z,155,-0.00176,0.00096549
ceiling,z,156,-0.002048,0.00102535
ceiling,z,157,-0.000443,0.00112458
ceiling,z,158,0.001609,0.00100614
ceiling,z,159,-0.001334,0.00092075
ceiling,z,160,0.00137,0.00104366
ceiling,z,161,0.001487,0.00092842
ceiling,z,162,0.002403,0.00096506
ceiling,z,163,0.000885,0.00108368
ceiling,z,164,0.001969,0.00090804
ceiling,z,165,-0.005232,0.0012114
ceiling,z,166,0.001116,0.00093379
ceiling,z,167,-0.000598,0.00091544
ceiling,z,168,-0.001567,0.000992
ceiling,z,169,0.00127,0.00091689
ceiling,z,170,0.004775,0.0012201
ceiling,z,171,-0.003404,0.00091466
ceiling,z,172,0.004337,0.00116668
ceiling,z,173,-0.000478,0.00099291
ceiling,z,174,-0.001466,0.00101052
ceiling,z,175,0.004316,0.00097005
ceiling,z,176,-0.000335,0.00105463
ceiling,z,177,-0.001118,0.0010477
ceiling,z,178,-0.002741,0.00111546
ceiling,z,179,-0.002933,0.00099435
ceiling,z,180,-0.002284,0.00098354
ceiling,z,181,-2.5e-05,0.00109504
ceiling,z,182,-0.000456,0.00102876
ceiling,z,183,0.0024,0.00102396
ceiling,z,184,-0.000199,0.00101396
ceiling,z,185,0.001138,0.00102123
ceiling,z,186,0.002025,0.00103074
ceiling,z,187,0.001535,0.00096257
ceiling,z,188,0.000773,0.00105818
ceiling,z,189,0.000165,0.0010289
ceiling,z,190,0.000681,0.00101711
ceiling,z,191,-0.000633,0.00095701
ceiling,z,192,0.004711,0.00091134
ceiling,z,193,-0.005091,0.00098704
ceiling,z,194,0.001464,0.00117352
ceiling,z,195,-0.007277,0.00108931
ceiling,z,196,-0.002073,0.00099415
ceiling,z,197,0.003105,0.00087182
ceiling,z,198,0.000227,0.0010147
ceiling,z,199,-0.002787,0.00109952
ceiling,z,200,-0.001848,0.00102913
ceiling,z,201,0.006007,0.00100874
ceiling,z,202,-0.000606,0.00088837
ceiling,z,203,-0.00415,0.0009342
ceiling,z,204,-0.000953,0.00095783
ceiling,z,205,-0.00053,0.00094182
ceiling,z,206,-0.003216,0.00109579
ceiling,z,207,0.000156,0.00104311
ceiling,z,208,0.000634,0.0009203
ceiling,z,209,0.002669,0.00104193
ceiling,z,210,-0.000821,0.00099307
ceiling,z,211,0.001411,0.00092836
ceiling,z,212,-0.002635,0.00096177
ceiling,z,213,-0.001538,0.00102489
ceiling,z,214,-0.003458,0.00113839
ceiling,z,215,0.002263,0.00100247
ceiling,z,216,0.001515,0.00094867
ceiling,z,217,0.002235,0.00108246
ceiling,z,218,0.000744,0.00088935
ceiling,z,219,-0.002354,0.00107122
ceiling,z,220,-0.000822,0.00094211
ceiling,z,221,0.002926,0.00096694
ceiling,z,222,0.002042,0.00106221
ceiling,z,223,-0.000473,0.00091684
ceiling,z,224,-0.00186,0.00097965
ceiling,z,225,0.00727,0.0011768
ceiling,z,226,-1e-05,0.00108361
ceiling,z,227,0.00422,0.00099181
ceiling,z,228,0.001395,0.00099293
ceiling,z,229,-0.003868,0.00108704
ceiling,z,230,-0.000746,0.00119436
ceiling,z,231,-0.000121,0.00107685
ceiling,z,232,-0.001105,0.00112044
ceiling,z,233,-0.002272,0.00092749
ceiling,z,234,-0.000735,0.00104667
ceiling,z,235,-0.006892,0.00094624
ceiling,z,236,0.005066,0.00116144
ceiling,z,237,-0.000787,0.00094245
ceiling,z,238,-0.000996,0.00109139
ceiling,z,239,0.004171,0.00098687
ceiling,z,240,-0.003702,0.00090968
ceiling,z,241,-0.002285,0.0010057
ceiling,z,242,-0.002175,0.00093066
ceiling,z,243,-0.001467,0.00108776
ceiling,z,244,-0.003496,0.00095564
ceiling,z,245,0.000216,0.00093907
ceiling,z,246,0.003401,0.00098618
ceiling,z,247,-0.001254,0.0009579
ceiling,z,248,0.000816,0.00083123
ceiling,z,249,-0.000915,0.00096792
ceiling,z,250,-0.00093,0.00090477
ceiling,z,251,0.00336,0.00106368
ceiling,z,252,0.00416,0.00114337
ceiling,z,253,-0.004675,0.00089655
ceiling,z,254,0.001658,0.00088547
ceiling,z,255,-0.002203,0.00100271
ceiling,z,256,0.001359,0.0012128
ceiling,z,257,0.000902,0.00095437
ceiling,z,258,0.003309,0.00099666
ceiling,z,259,-0.001693,0.00109486
ceiling,z,260,0.003022,0.00102838
ceiling,z,261,-0.003195,0.00111301
ceiling,z,262,0.00132,0.00107202
ceiling,z,263,-0.00087,0.00117443
ceiling,z,264,0.000579,0.0011161
ceiling,z,265,0.003857,0.00106684
ceiling,z,266,-0.000923,0.00116133
ceiling,z,267,-0.004476,0.0009848
ceiling,z,268,-0.000775,0.00103515
ceiling,z,269,0.001206,0.00103253
ceiling,z,270,-0.001474,0.00120021
ceiling,z,271,0.004005,0.00099946
ceiling,z,272,-0.001509,0.0010521
ceiling,z,273,0.000219,0.00128363
ceiling,z,274,0.003797,0.00113145
ceiling,z,275,-0.00059,0.00103243
ceiling,z,276,0.00168,0.00124482
ceiling,z,277,0.003203,0.0013326
ceiling,z,278,-0.00428,0.00103155
ceiling,z,279,0.001373,0.00097989
ceiling,z,280,0.002345,0.00114053
ceiling,z,281,-0.004581,0.00106736
ceiling,z,282,-0.003206,0.0011577
ceiling,z,283,0.002278,0.00110418
ceiling,z,284,0.000817,0.00104952
ceiling,z,285,-0.002384,0.00116819
ceiling,z,286,0.002021,0.00106435
ceiling,z,287,0.001391,0.00128545
ceiling,z,288,0.002098,0.00110453
ceiling,z,289,0.001765,0.00115745
ceiling,z,290,-0.004728,0.00124592
ceiling,z,291,0.002278,0.00113528
ceiling,z,292,-0.004371,0.00103892
ceiling,z,293,0.002821,0.0011425
ceiling,z,294,-0.001471,0.00106475
ceiling,z,295,-0.003867,0.00118216
ceiling,z,296,-0.004329,0.00107035
ceiling,z,297,-0.001774,0.00114707
ceiling,z,298,0.000576,0.00107655
ceiling,z,299,0.000539,0.00100141
ceiling,z,300,0.002656,0.00108965
ceiling,z,301,0.000105,0.00106453
ceiling,z,302,-0.004995,0.00119471
ceiling,z,303,0.001488,0.00111464
ceiling,z,304,0.000138,0.0010843
ceiling,z,305,0.000676,0.0011298
ceiling,z,306,0.002591,0.00114298
ceiling,z,307,-0.009256,0.00146791
ceiling,z,308,-0.003256,0.00098554
ceiling,z,309,-0.000776,0.00114181
ceiling,z,310,-0.002539,0.00115954
ceiling,z,311,0.001252,0.00102943
ceiling,z,312,0.002095,0.00100022
ceiling,z,313,0.00397,0.00094878
ceiling,z,314,-0.000989,0.00103508
ceiling,z,315,-0.000264,0.00115785
ceiling,z,316,-0.003339,0.00122353
ceiling,z,317,0.008316,0.00127985
ceiling,z,318,0.0036,0.00114
ceiling,z,319,-0.003439,0.00110552
ceiling,z,320,-0.002283,0.00098633
ceiling,z,321,-0.00234,0.00102774
ceiling,z,322,0.001498,0.00119637
ceiling,z,323,0.001715,0.00107617
ceiling,z,324,-0.001296,0.00103217
ceiling,z,325,0.001118,0.00100028
ceiling,z,326,0.000468,0.00112988
ceiling,z,327,-0.004149,0.00117861
ceiling,z,328,-0.002591,0.001031
ceiling,z,329,0.003135,0.00097071
ceiling,z,330,-0.002007,0.00103662
ceiling,z,331,0.002452,0.00111166
ceiling,z,332,0.000501,0.00109337
ceiling,z,333,0.00106,0.00114953
ceiling,z,334,-0.001207,0.0011454
ceiling,z,335,0.004299,0.00116749
ceiling,z,336,-0.001997,0.00110029
ceiling,z,337,-0.00579,0.00109483
ceiling,z,338,-0.001073,0.00105272
ceiling,z,339,0.001495,0.00115332
ceiling,z,340,-0.00196,0.00100265
ceiling,z,341,-0.002774,0.00102653
ceiling,z,342,0.001178,0.00104183
ceiling,z,343,-0.000932,0.00107649
ceiling,z,344,0.000935,0.00114533
ceiling,z,345,0.003605,0.00125185
ceiling,z,346,-0.002043,0.00101984
ceiling,z,347,-0.00107,0.00113619
ceiling,z,348,-0.005407,0.00109235
ceiling,z,349,0.000638,0.00102399
ceiling,z,350,0.002741,0.00112406
ceiling,z,351,-0.001783,0.00105544
ceiling,z,352,-0.004831,0.00108225
ceiling,z,353,0.00086,0.00107417
ceiling,z,354,0.003465,0.00113075
ceiling,z,355,0.002346,0.00092575
ceiling,z,356,-0.002557,0.00114945
ceiling,z,357,-0.001578,0.0010085
ceiling,z,358,0.000813,0.00093979
ceiling,z,359,0.000297,0.00093886
ceiling,z,360,9.1e-05,0.00111623
ceiling,z,361,-0.002774,0.00122269
ceiling,z,362,-0.001368,0.00099111
ceiling,z,363,-0.005605,0.00112892
ceiling,z,364,0.002625,0.00119266
ceiling,z,365,-0.001307,0.00108592
ceiling,z,366,-0.000867,0.0011714
ceiling,z,367,-0.006305,0.00115942
ceiling,z,368,0.003192,0.0011458
ceiling,z,369,-0.004306,0.00104318
ceiling,z,370,-0.000386,0.00102582
ceiling,z,371,5.7e-05,0.00103141
ceiling,z,372,-5.7e-05,0.00096573
ceiling,z,373,0.002755,0.00099776
ceiling,z,374,0.000583,0.00114453
ceiling,z,375,0.001143,0.00107973
ceiling,z,376,0.003215,0.00128626
ceiling,z,377,-0.000672,0.00106062
ceiling,z,378,-0.000111,0.00106827
ceiling,z,379,-0.000484,0.00131715
ceiling,z,380,-0.005474,0.00107203
ceiling,z,381,0.00152,0.00103975
ceiling,z,382,-0.001635,0.00106149
ceiling,z,383,-0.002363,0.00109858
ceiling,z,384,0.00273,0.00101327
ceiling,z,385,0.002727,0.00113236
ceiling,z,386,0.001313,0.00101338
ceiling,z,387,-0.002104,0.00124682
ceiling,z,388,0.002568,0.00100493
ceiling,z,389,0.000881,0.0011198
ceiling,z,390,0.000566,0.0010771
ceiling,z,391,-0.000128,0.00106913
ceiling,z,392,0.001588,0.00106368
ceiling,z,393,-0.000557,0.00109089
ceiling,z,394,0.000446,0.00104317
ceiling,z,395,0.000197,0.00112296
ceiling,z,396,-0.005558,0.00119909
ceiling,z,397,-0.000155,0.00111373
ceiling,z,398,0.004055,0.00119806
ceiling,z,399,-0.002782,0.00113043
ceiling,z,400,0.001594,0.00105935
ceiling,z,401,-0.004141,0.00116207
ceiling,z,402,-0.003693,0.0010386
ceiling,z,403,-0.001111,0.00100036
ceiling,z,404,-0.002135,0.00102463
ceiling,z,405,0.000489,0.00114681
ceiling,z,406,-0.002666,0.00095198
ceiling,z,407,0.000529,0.00108018
ceiling,z,408,0.003771,0.00108815
ceiling,z,409,0.001377,0.00111793
ceiling,z,410,0.000533,0.00100883
ceiling,z,411,0.000275,0.00086084
ceiling,z,412,-0.001462,0.00104507
ceiling,z,413,-0.004632,0.00111669
ceiling,z,414,9.6e-05,0.00096774
ceiling,z,415,-0.004112,0.00103523
ceiling,z,416,5.9e-05,0.00110312
ceiling,z,417,-0.001177,0.00105858
ceiling,z,418,-0.000213,0.0011482
ceiling,z,419,-9.8e-05,0.00104123
ceiling,z,420,0.001668,0.00109404
ceiling,z,421,0.003945,0.00096938
ceiling,z,422,0.001924,0.001183
ceiling,z,423,0.001454,0.00115375
ceiling,z,424,-0.002585,0.00101021
ceiling,z,425,-0.005857,0.00102043
ceiling,z,426,0.00334,0.00111259
ceiling,z,427,0.00325,0.00108316
ceiling,z,428,-0.001672,0.00105347
ceiling,z,429,0.003229,0.00103266
ceiling,z,430,0.003178,0.00106116
ceiling,z,431,0.001713,0.00100872
ceiling,z,432,-0.001349,0.00102971
ceiling,z,433,-0.000178,0.00115033
ceiling,z,434,0.002221,0.00103327
ceiling,z,435,0.000149,0.00110902
ceiling,z,436,-0.004214,0.00097857
ceiling,z,437,0.001046,0.00094955
ceiling,z,438,-0.004622,0.00111909
ceiling,z,439,0.004556,0.00117298
ceiling,z,440,-4.8e-05,0.00108887
ceiling,z,441,-0.003709,0.00083555
ceiling,z,442,-0.002323,0.00124202
ceiling,z,443,0.004341,0.00105125
ceiling,z,444,-0.001285,0.00093746
ceiling,z,445,-0.000433,0.00105018
ceiling,z,446,0.002818,0.00110239
ceiling,z,447,-0.003411,0.00095328
ceiling,z,448,0.003312,0.00091411
ceiling,z,449,0.003638,0.00107035
ceiling,z,450,-0.002549,0.0009134
ceiling,z,451,0.000219,0.00120011
ceiling,z,452,0.00165,0.00113335
ceiling,z,453,0.00303,0.00106633
ceiling,z,454,-0.000734,0.00106645
ceiling,z,455,0.005676,0.00105959
ceiling,z,456,0.00229,0.00102059
ceiling,z,457,0.004712,0.00112312
ceiling,z,458,0.000633,0.00104729
ceiling,z,459,-0.00028,0.00112878
ceiling,z,460,-0.004537,0.00101675
ceiling,z,461,0.001888,0.00105385
ceiling,z,462,0.004998,0.00102948
ceiling,z,463,0.001616,0.00098179
ceiling,z,464,0.000286,0.00125197
ceiling,z,465,-0.000373,0.00102253
ceiling,z,466,0.004381,0.00112083
ceiling,z,467,-0.000421,0.00108937
ceiling,z,468,0.007567,0.0010995
ceiling,z,469,0.003073,0.0012404
ceiling,z,470,0.000113,0.00106199
ceiling,z,471,-0.000819,0.00111796
ceiling,z,472,0.001489,0.00101408
ceiling,z,473,0.004913,0.00101191
ceiling,z,474,-0.005139,0.00109319
ceiling,z,475,-0.003738,0.00104504
ceiling,z,476,0.001045,0.00108431
ceiling,z,477,-0.006053,0.00105153
ceiling,z,478,0.002284,0.0009971
ceiling,z,479,-0.001267,0.0012899
ceiling,z,480,-0.000824,0.00106562
ceiling,z,481,-0.001512,0.00097237
ceiling,z,482,-0.005065,0.00110059
ceiling,z,483,0.001454,0.00108831
ceiling,z,484,-0.005353,0.00100213
ceiling,z,485,0.00043,0.0011706
ceiling,z,486,0.002031,0.00099275
ceiling,z,487,0.001111,0.00104055
ceiling,z,488,-0.001659,0.00103875
ceiling,z,489,-0.00213,0.00100307
ceiling,z,490,-0.001794,0.00119581
ceiling,z,491,0.000101,0.00115573
ceiling,z,492,-0.006902,0.0010576
ceiling,z,493,-0.004493,0.00099378
ceiling,z,494,-0.002572,0.0009504
ceiling,z,495,-0.000594,0.0009966
ceiling,z,496,0.001231,0.00116744
ceiling,z,497,-0.002405,0.00109451
ceiling,z,498,0.002219,0.00106881
ceiling,z,499,0.004619,0.0012683
ceiling,z,500,-0.000997,0.00109253
ceiling,z,501,0.000714,0.00108797
ceiling,z,502,0.000132,0.00090831
ceiling,z,503,0.001969,0.00101419
ceiling,z,504,0.001427,0.00102597
ceiling,z,505,-0.000562,0.00124019
ceiling,z,506,-0.00164,0.00113825
ceiling,z,507,-0.004799,0.00107936
ceiling,z,508,0.002918,0.0012568
ceiling,z,509,-0.00013,0.00116868
ceiling,z,510,0.00555,0.0012857
ceiling,z,511,-0.003533,0.00111648
ceiling,z,512,-0.006984,0.00095782
ceiling,z,513,0.004062,0.00108046
ceiling,z,514,-0.0026,0.00089209
ceiling,z,515,0.005832,0.00096507
ceiling,z,516,0.001819,0.00087089
ceiling,z,517,0.004368,0.00086819
ceiling,z,518,-0.002092,0.00088471
ceiling,z,519,-0.000291,0.00085254
ceiling,z,520,-0.000429,0.00091296
ceiling,z,521,0.003379,0.00081048
ceiling,z,522,0.001457,0.00076776
ceiling,z,523,-0.001236,0.00083386
ceiling,z,524,2e-05,0.00082493
ceiling,z,525,-0.001447,0.00090104
ceiling,z,526,-0.002278,0.0008526
ceiling,z,527,-0.001578,0.00097478
ceiling,z,528,0.002436,0.00093952
ceiling,z,529,-0.004277,0.00098566
ceiling,z,530,-0.001854,0.00100275
ceiling,z,531,0.002078,0.0009128
ceiling,z,532,0.001905,0.00095916
ceiling,z,533,-0.000894,0.00075516
ceiling,z,534,0.001573,0.0007663
ceiling,z,535,-0.001759,0.00083896
ceiling,z,536,-0.000669,0.00096116
ceiling,z,537,0.002321,0.00090411
ceiling,z,538,0.003346,0.00078406
ceiling,z,539,0.003173,0.00099879
ceiling,z,540,0.004393,0.00090691
ceiling,z,541,-0.001285,0.0008763
ceiling,z,542,0.000978,0.00081
ceiling,z,543,-0.002883,0.00089512
ceiling,z,544,0.00607,0.00087126
ceiling,z,545,-0.002169,0.00086399
ceiling,z,546,0.001921,0.00088907
ceiling,z,547,0.004627,0.00093447
ceiling,z,548,0.003686,0.00080816
ceiling,z,549,-0.001062,0.00084106
ceiling,z,550,-0.000861,0.00095866
ceiling,z,551,0.000961,0.0009445
ceiling,z,552,0.001678,0.0008763
ceiling,z,553,0.00482,0.00095952
ceiling,z,554,-0.001796,0.00099371
ceiling,z,555,-0.001361,0.00101632
ceiling,z,556,0.002968,0.00086763
ceiling,z,557,-5.6e-05,0.00096812
ceiling,z,558,-0.002237,0.00081826
ceiling,z,559,0.002806,0.00078593
ceiling,z,560,2.4e-05,0.00087906
ceiling,z,561,0.003167,0.00090924
ceiling,z,562,0.00206,0.0009658
ceiling,z,563,0.002586,0.00090989
ceiling,z,564,0.002176,0.00087354
ceiling,z,565,0.00194,0.00080708
ceiling,z,566,-0.006693,0.00082748
ceiling,z,567,-0.003074,0.00093674
ceiling,z,568,0.00313,0.00084168
ceiling,z,569,-0.000467,0.00089412
ceiling,z,570,-0.000765,0.00078524
ceiling,z,571,-0.001736,0.0009597
ceiling,z,572,0.000466,0.00085902
ceiling,z,573,0.003042,0.00089366
ceiling,z,574,0.001515,0.00093614
ceiling,z,575,-0.002674,0.00103567
ceiling,z,576,-0.001228,0.00088747
ceiling,z,577,0.000647,0.00083523
ceiling,z,578,-0.00164,0.00089748
ceiling,z,579,0.003989,0.0009601
ceiling,z,580,0.00256,0.00093509
ceiling,z,581,-0.00562,0.00077238
ceiling,z,582,0.000724,0.00095555
ceiling,z,583,-0.004517,0.0008105
ceiling,z,584,-0.003368,0.0009426
ceiling,z,585,0.00326,0.00089493
ceiling,z,586,-0.002987,0.00102298
ceiling,z,587,0.001299,0.00077716
ceiling,z,588,-0.001333,0.00086667
ceiling,z,589,-0.004573,0.00089013
ceiling,z,590,0.001709,0.0008484
ceiling,z,591,-0.002414,0.0009565
ceiling,z,592,-2.6e-05,0.00082237
ceiling,z,593,-0.00544,0.00086518
ceiling,z,594,-0.000953,0.00084384
ceiling,z,595,-0.00032,0.00091935
ceiling,z,596,-0.003287,0.00082183
ceiling,z,597,0.000212,0.00084816
ceiling,z,598,-0.001774,0.00071275
ceiling,z,599,-0.001591,0.00081127
ceiling,z,600,0.002715,0.00092339
ceiling,z,601,-0.002027,0.00083878
ceiling,z,602,0.003648,0.00091446
ceiling,z,603,-0.005058,0.00081111
ceiling,z,604,-5.7e-05,0.0008652
ceiling,z,605,-0.000811,0.00081514
ceiling,z,606,-0.001799,0.00089823
ceiling,z,607,-0.000459,0.00103524
ceiling,z,608,0.002562,0.00096548
ceiling,z,609,-0.002529,0.00084146
ceiling,z,610,0.00218,0.00080837
ceiling,z,611,0.001434,0.0010057
ceiling,z,612,-0.00128,0.00086742
ceiling,z,613,-0.003068,0.00082157
ceiling,z,614,0.000888,0.00081475
ceiling,z,615,-0.000452,0.00088613
ceiling,z,616,-0.002126,0.00084708
ceiling,z,617,0.000586,0.00089128
ceiling,z,618,-0.000799,0.00084486
ceiling,z,619,-0.001969,0.00097911
ceiling,z,620,-0.00265,0.0009216
ceiling,z,621,0.002516,0.00097707
ceiling,z,622,0.000279,0.00087765
ceiling,z,623,-0.001498,0.00085669
ceiling,z,624,0.002967,0.0008339
ceiling,z,625,0.001022,0.0008388
ceiling,z,626,-0.00039,0.00103072
ceiling,z,627,0.001716,0.00086301
ceiling,z,628,-0.000654,0.00102978
ceiling,z,629,-0.001569,0.00085227
ceiling,z,630,0.00316,0.00080223
ceiling,z,631,-0.002827,0.0008664
ceiling,z,632,-0.006039,0.00093073
ceiling,z,633,-0.001978,0.00088347
ceiling,z,634,0.001879,0.00091481
ceiling,z,635,-0.000409,0.00088846
ceiling,z,636,-0.0005,0.00088075
ceiling,z,637,-0.001086,0.00082943
ceiling,z,638,0.000804,0.00084509
ceiling,z,639,-0.00058,0.00093734
ceiling,z,640,-0.001101,0.00097053
ceiling,z,641,-0.000362,0.00084907
ceiling,z,642,-0.004666,0.00102002
ceiling,z,643,0.001803,0.00081716
ceiling,z,644,0.000114,0.00099053
ceiling,z,645,-0.001642,0.0008905
ceiling,z,646,-0.001682,0.0008532
ceiling,z,647,0.000463,0.00086131
ceiling,z,648,0.001752,0.00089425
ceiling,z,649,-9.5e-05,0.00085606
ceiling,z,650,-0.001086,0.00088206
ceiling,z,651,0.001789,0.00085715
ceiling,z,652,0.00013,0.00102919
ceiling,z,653,-0.004011,0.00084631
ceiling,z,654,0.001923,0.00093351
ceiling,z,655,0.001224,0.00091327
ceiling,z,656,0.004605,0.00092264
ceiling,z,657,0.005073,0.00090071
ceiling,z,658,-0.004263,0.00087123
ceiling,z,659,-0.005162,0.00103091
ceiling,z,660,-0.002683,0.00081382
ceiling,z,661,0.001044,0.0009718
ceiling,z,662,-0.001179,0.00092822
ceiling,z,663,-0.000819,0.00097492
ceiling,z,664,-0.001478,0.00080519
ceiling,z,665,0.001435,0.00098513
ceiling,z,666,0.006471,0.00084992
ceiling,z,667,-0.000583,0.00090149
ceiling,z,668,0.000816,0.00080922
ceiling,z,669,-0.003152,0.00086101
ceiling,z,670,0.003681,0.0008171
ceiling,z,671,-0.000301,0.00089664
ceiling,z,672,0.004445,0.00077293
ceiling,z,673,-0.001163,0.000846
ceiling,z,674,-0.000781,0.00092145
ceiling,z,675,0.002681,0.00094384
ceiling,z,676,0.000566,0.00083527
ceiling,z,677,0.00038,0.00086545
ceiling,z,678,0.00334,0.00095015
ceiling,z,679,-0.002675,0.00088941
ceiling,z,680,0.00338,0.00092152
ceiling,z,681,-0.003065,0.00091808
ceiling,z,682,-0.000134,0.00087923
ceiling,z,683,0.000399,0.00098135
ceiling,z,684,-0.00225,0.00085131
ceiling,z,685,3.2e-05,0.00090057
ceiling,z,686,0.00043,0.00099382
ceiling,z,687,-0.004007,0.00084823
ceiling,z,688,0.004448,0.00090539
ceiling,z,689,1.4e-05,0.00088014
ceiling,z,690,0.003271,0.00081546
ceiling,z,691,-0.000579,0.00087519
ceiling,z,692,1.6e-05,0.00087485
ceiling,z,693,-0.000972,0.00101847
ceiling,z,694,-0.001662,0.0008887
ceiling,z,695,-0.004084,0.00093478
ceiling,z,696,-0.004029,0.00102708
ceiling,z,697,0.004236,0.00096246
ceiling,z,698,0.000246,0.00099782
ceiling,z,699,0.000239,0.00081236
ceiling,z,700,0.0022,0.00080299
ceiling,z,701,0.002271,0.00088143
ceiling,z,702,-0.001007,0.00092294
ceiling,z,703,-9e-06,0.0010056
ceiling,z,704,0.006112,0.00088215
ceiling,z,705,-0.003658,0.00092355
ceiling,z,706,-0.004764,0.00085302
ceiling,z,707,0.003223,0.00090323
ceiling,z,708,-0.004637,0.00101753
ceiling,z,709,7.6e-05,0.00096958
ceiling,z,710,-0.005268,0.00090893
ceiling,z,711,-0.00041,0.00090434
ceiling,z,712,0.001464,0.00088171
ceiling,z,713,-0.003662,0.00093362
ceiling,z,714,-0.002954,0.00080322
ceiling,z,715,0.001126,0.00078668
ceiling,z,716,-0.001024,0.00100591
ceiling,z,717,-0.000756,0.00093964
ceiling,z,718,0.001304,0.00089599
ceiling,z,719,-0.002231,0.00098846
ceiling,z,720,-0.006119,0.00089871
ceiling,z,721,-0.002924,0.00084236
ceiling,z,722,-0.000386,0.0010058
ceiling,z,723,0.000675,0.00080844
ceiling,z,724,0.002122,0.00092335
ceiling,z,725,-0.003131,0.00094997
ceiling,z,726,0.000267,0.00084598
ceiling,z,727,-0.00042,0.00087302
ceiling,z,728,0.00139,0.00097397
ceiling,z,729,-0.004122,0.00095387
ceiling,z,730,0.002222,0.00093827
ceiling,z,731,-0.002499,0.00086617
ceiling,z,732,-0.001895,0.00070898
ceiling,z,733,0.003346,0.0009312
ceiling,z,734,-0.003093,0.00097335
ceiling,z,735,0.000733,0.00088212
ceiling,z,736,-0.001274,0.0009334
ceiling,z,737,-0.001414,0.00084741
ceiling,z,738,-0.002739,0.00092689
ceiling,z,739,0.006305,0.00083487
ceiling,z,740,-0.00064,0.0009301
ceiling,z,741,-0.002605,0.00085901
ceiling,z,742,-0.001865,0.0008293
ceiling,z,743,0.000474,0.00089998
ceiling,z,744,-0.000784,0.00080254
ceiling,z,745,-0.006026,0.00094413
ceiling,z,746,0.000139,0.00085963
ceiling,z,747,0.002291,0.00090395
ceiling,z,748,-0.004775,0.00092434
ceiling,z,749,0.002877,0.00093021
ceiling,z,750,0.001268,0.00090061
ceiling,z,751,0.002406,0.00086152
ceiling,z,752,-0.000484,0.00100178
ceiling,z,753,0.003213,0.00082539
ceiling,z,754,-0.000337,0.00081351
ceiling,z,755,-0.002152,0.0009163
ceiling,z,756,0.006793,0.00098556
ceiling,z,757,0.003686,0.00095907
ceiling,z,758,0.00244,0.00086097
ceiling,z,759,-0.000998,0.00084555
ceiling,z,760,-0.001544,0.00089295
ceiling,z,761,-0.000412,0.00080124
ceiling,z,762,-0.000216,0.00104826
ceiling,z,763,-0.007879,0.00086542
ceiling,z,764,0.003336,0.00093768
ceiling,z,765,-0.002963,0.00090962
ceiling,z,766,-0.00284,0.00087057
ceiling,z,767,0.002845,0.00090757
ceiling,z,768,0.000109,0.00083657
ceiling,z,769,-0.005155,0.00093009
ceiling,z,770,-0.00153,0.00088882
ceiling,z,771,0.002481,0.00083576
ceiling,z,772,0.003016,0.00092415
ceiling,z,773,0.002997,0.00091485
ceiling,z,774,-0.001455,0.00085654
ceiling,z,775,0.002293,0.00086637
ceiling,z,776,-0.00068,0.00103769
ceiling,z,777,0.00365,0.00078048
ceiling,z,778,-0.000108,0.00079076
ceiling,z,779,-0.00037,0.00090194
ceiling,z,780,0.003915,0.00089736
ceiling,z,781,-0.000362,0.00096878
ceiling,z,782,0.004906,0.00093592
ceiling,z,783,0.000327,0.00077594
ceiling,z,784,-0.002706,0.00088064
ceiling,z,785,-0.000665,0.00092544
ceiling,z,786,-0.000342,0.00087567
ceiling,z,787,-0.001596,0.00093222
ceiling,z,788,0.000544,0.00086624
ceiling,z,789,0.000976,0.00077594
ceiling,z,790,-0.001436,0.00081989
ceiling,z,791,-0.003464,0.00093572
ceiling,z,792,-0.00034,0.00085367
ceiling,z,793,-0.00062,0.0008488
ceiling,z,794,0.001233,0.00080683
ceiling,z,795,-0.000626,0.0009316
ceiling,z,796,-0.003011,0.00091216
ceiling,z,797,-0.002586,0.00092703
ceiling,z,798,-0.001372,0.00094425
ceiling,z,799,-0.003421,0.00093575
ceiling,z,800,0.003446,0.00082736
ceiling,z,801,0.002483,0.00082407
ceiling,z,802,0.000641,0.00083481
ceiling,z,803,0.005029,0.00086525
ceiling,z,804,-0.000644,0.00092214
ceiling,z,805,-0.002704,0.00108543
ceiling,z,806,-0.000909,0.00098769
ceiling,z,807,-0.004766,0.00085987
ceiling,z,808,0.003044,0.00092054
ceiling,z,809,-0.00021,0.0008099
ceiling,z,810,0.000817,0.00093628
ceiling,z,811,0.00171,0.00087056
ceiling,z,812,0.001448,0.00085949
ceiling,z,813,-0.000544,0.00081884
ceiling,z,814,0.003187,0.00084172
ceiling,z,815,-0.001038,0.00109657
ceiling,z,816,0.000903,0.00090236
ceiling,z,817,0.000916,0.0009647
ceiling,z,818,-8.1e-05,0.00089075
ceiling,z,819,-0.000358,0.00090799
ceiling,z,820,-0.002626,0.00106952
ceiling,z,821,0.005197,0.00094092
ceiling,z,822,0.002279,0.00087082
ceiling,z,823,-0.002471,0.00081436
ceiling,z,824,-0.004655,0.00094056
ceiling,z,825,0.000623,0.0008644
ceiling,z,826,0.00406,0.00103748
ceiling,z,827,-0.002007,0.00092363
ceiling,z,828,0.003414,0.00083722
ceiling,z,829,0.001624,0.00096241
ceiling,z,830,0.001429,0.00099761
ceiling,z,831,-0.001709,0.0009146
ceiling,z,832,0.003039,0.00084364
ceiling,z,833,-0.000346,0.00087129
ceiling,z,834,0.002297,0.00095336
ceiling,z,835,0.003181,0.00077109
ceiling,z,836,0.001842,0.00084299
ceiling,z,837,-0.001299,0.00082993
ceiling,z,838,0.000388,0.00097754
ceiling,z,839,-0.001379,0.00084387
ceiling,z,840,-0.001491,0.00084814
ceiling,z,841,-0.001021,0.00103934
ceiling,z,842,0.003774,0.00097407
ceiling,z,843,-0.003408,0.00087466
ceiling,z,844,0.001799,0.00088803
ceiling,z,845,0.001977,0.00083283
ceiling,z,846,0.00297,0.00089727
ceiling,z,847,0.001349,0.00100477
ceiling,z,848,0.004542,0.00103483
ceiling,z,849,0.004726,0.00087362
ceiling,z,850,-0.005332,0.00096566
ceiling,z,851,-0.000375,0.00091297
ceiling,z,852,-0.000459,0.00083282
ceiling,z,853,0.004584,0.00083122
ceiling,z,854,-0.005428,0.00086542
ceiling,z,855,0.003231,0.00087783
ceiling,z,856,-0.003124,0.00094585
ceiling,z,857,-0.001159,0.00089582
ceiling,z,858,0.001814,0.00095338
ceiling,z,859,-0.000225,0.00085509
ceiling,z,860,-0.000176,0.00095147
ceiling,z,861,-0.001376,0.00085822
ceiling,z,862,-0.003536,0.00086798
ceiling,z,863,-0.005051,0.00092981
ceiling,z,864,0.004299,0.00085355
ceiling,z,865,-0.000717,0.00089416
ceiling,z,866,0.007273,0.0010777
ceiling,z,867,-0.006645,0.00103804
ceiling,z,868,-0.00102,0.00091295
ceiling,z,869,0.00061,0.00085704
ceiling,z,870,0.002852,0.00105219
ceiling,z,871,0.007459,0.00087498
ceiling,z,872,-0.000532,0.00101377
ceiling,z,873,-0.005622,0.00099733
ceiling,z,874,0.002242,0.00094156
ceiling,z,875,0.002018,0.00094455
ceiling,z,876,0.002339,0.00092784
ceiling,z,877,-0.003924,0.00088525
ceiling,z,878,0.001275,0.00082988
ceiling,z,879,0.00371,0.00087992
ceiling,z,880,-0.000741,0.00082175
ceiling,z,881,0.000465,0.00091473
ceiling,z,882,-0.000392,0.00098878
ceiling,z,883,0.000889,0.00086289
ceiling,z,884,-0.002411,0.00077994
ceiling,z,885,0.000895,0.00089486
ceiling,z,886,0.001713,0.0009085
ceiling,z,887,-0.003406,0.00094367
ceiling,z,888,-0.00308,0.00102964
ceiling,z,889,-0.000944,0.00073467
ceiling,z,890,-0.000624,0.0008562
ceiling,z,891,0.000381,0.0009499
ceiling,z,892,-0.006402,0.00088256
ceiling,z,893,0.00116,0.00094161
ceiling,z,894,-0.000964,0.00092586
ceiling,z,895,0.002265,0.00091966
ceiling,z,896,0.005427,0.00090702
ceiling,z,897,-0.002058,0.00077195
ceiling,z,898,0.000482,0.00088242
ceiling,z,899,0.000932,0.0009191
ceiling,z,900,-0.004444,0.00091133
ceiling,z,901,0.001254,0.00081249
ceiling,z,902,-0.000752,0.00082621
ceiling,z,903,0.004616,0.00088355
ceiling,z,904,0.000156,0.00085177
ceiling,z,905,0.001859,0.00090628
ceiling,z,906,0.000535,0.00090162
ceiling,z,907,-0.003232,0.00099236
ceiling,z,908,0.004247,0.00084865
ceiling,z,909,0.000933,0.00083282
ceiling,z,910,-0.002792,0.00088806
ceiling,z,911,-0.001045,0.0009474
ceiling,z,912,-0.001624,0.00081674
ceiling,z,913,0.001199,0.00089192
ceiling,z,914,-7.5e-05,0.00093524
ceiling,z,915,-0.00069,0.00079641
ceiling,z,916,-0.001642,0.00080721
ceiling,z,917,0.004808,0.00084768
ceiling,z,918,0.00246,0.00098706
ceiling,z,919,0.00112,0.00093742
ceiling,z,920,-0.00031,0.00079609
ceiling,z,921,0.002069,0.0009103
ceiling,z,922,0.001732,0.00085727
ceiling,z,923,-0.000725,0.00086735
ceiling,z,924,0.006515,0.00090196
ceiling,z,925,-0.002175,0.000885
ceiling,z,926,0.002734,0.0008599
ceiling,z,927,-0.002183,0.00099087
ceiling,z,928,-0.000645,0.00095276
ceiling,z,929,-0.003798,0.00083298
ceiling,z,930,-0.002845,0.0008542
ceiling,z,931,0.00213,0.00098965
ceiling,z,932,-0.003399,0.00080123
ceiling,z,933,0.001542,0.00086427
ceiling,z,934,0.000653,0.00086958
ceiling,z,935,-0.001142,0.00091805
ceiling,z,936,-0.001063,0.00096877
ceiling,z,937,-0.005417,0.00085654
ceiling,z,938,-0.003484,0.00085552
ceiling,z,939,-0.004077,0.0008718
ceiling,z,940,-0.000274,0.00098761
ceiling,z,941,0.002605,0.00089172
ceiling,z,942,-0.000505,0.00088039
ceiling,z,943,0.00375,0.00082089
ceiling,z,944,-0.000914,0.00091732
ceiling,z,945,-0.000757,0.00079175
ceiling,z,946,0.001573,0.0008653
ceiling,z,947,-0.000517,0.00088151
ceiling,z,948,-0.002248,0.00094647
ceiling,z,949,0.000765,0.00073361
ceiling,z,950,-0.001346,0.00084858
ceiling,z,951,-0.003473,0.00088799
ceiling,z,952,-0.004838,0.00087039
ceiling,z,953,0.001893,0.00079219
ceiling,z,954,-0.003524,0.00094723
ceiling,z,955,-0.005911,0.00089407
ceiling,z,956,0.002221,0.00094123
ceiling,z,957,-0.003927,0.00089965
ceiling,z,958,-0.002539,0.0011131
ceiling,z,959,0.001183,0.00084772
ceiling,z,960,-0.000599,0.00087098
ceiling,z,961,0.001339,0.00090717
ceiling,z,962,-0.003048,0.00092241
ceiling,z,963,0.001333,0.00084157
ceiling,z,964,0.006311,0.00091139
ceiling,z,965,0.001668,0.00076032
ceiling,z,966,-0.005784,0.00088471
ceiling,z,967,0.002562,0.00086446
ceiling,z,968,0.002005,0.00085801
ceiling,z,969,-0.000196,0.00089129
ceiling,z,970,0.001724,0.00088214
ceiling,z,971,0.003574,0.00109668
ceiling,z,972,0.00344,0.00087918
ceiling,z,973,-0.000311,0.00102455
ceiling,z,974,-0.001629,0.00091866
ceiling,z,975,0.000505,0.00093753
ceiling,z,976,0.000523,0.00081631
ceiling,z,977,0.00095,0.00079086
ceiling,z,978,0.007289,0.00102919
ceiling,z,979,0.002381,0.00085765
ceiling,z,980,0.000387,0.0008303
ceiling,z,981,-0.003354,0.00078371
ceiling,z,982,0.002609,0.00102807
ceiling,z,983,-0.003314,0.00083291
ceiling,z,984,0.001522,0.00085478
ceiling,z,985,0.004055,0.00096295
ceiling,z,986,0.001332,0.00083788
ceiling,z,987,0.00168,0.00077193
ceiling,z,988,0.005941,0.00098137
ceiling,z,989,0.003877,0.00084118
ceiling,z,990,-0.000951,0.00105311
ceiling,z,991,-0.001857,0.00089603
ceiling,z,992,0.000948,0.0009662
ceiling,z,993,0.001589,0.00092271
ceiling,z,994,0.002066,0.00081306
ceiling,z,995,0.002878,0.00094704
ceiling,z,996,0.001689,0.00079522
ceiling,z,997,0.000471,0.00082178
ceiling,z,998,-0.004306,0.00078757
ceiling,z,999,0.001586,0.00077637
ceiling,z,1000,0.001107,0.00082255
ceiling,z,1001,0.000883,0.00083033
ceiling,z,1002,0.000571,0.00080973
ceiling,z,1003,-0.002293,0.00103982
ceiling,z,1004,0.003712,0.00083813
ceiling,z,1005,0.002504,0.00084895
ceiling,z,1006,0.005916,0.00094609
ceiling,z,1007,0.003139,0.00099673
ceiling,z,1008,-0.006649,0.00097704
ceiling,z,1009,0.000362,0.0010419
ceiling,z,1010,0.00175,0.00077235
ceiling,z,1011,-0.002997,0.00081106
ceiling,z,1012,0.001806,0.00076973
ceiling,z,1013,0.000495,0.00111853
ceiling,z,1014,-0.000457,0.0009473
ceiling,z,1015,0.000923,0.00079512
ceiling,z,1016,0.000385,0.00088441
ceiling,z,1017,0.003651,0.00095927
ceiling,z,1018,0.000209,0.00092571
ceiling,z,1019,-0.00205,0.00103858
ceiling,z,1020,-0.006078,0.00091644
ceiling,z,1021,-0.001276,0.00080053
ceiling,z,1022,0.002898,0.00080854
ceiling,z,1023,0.004491,0.00088901
distillation,sliced,0,-0.039672,0.05827039
distillation,sliced,1,0.034033,0.05696709
distillation,sliced,2,-0.030422,0.0591249
distillation,sliced,3,0.012131,0.0571771
distillation,sliced,4,0.028028,0.05005653
distillation,sliced,5,0.025581,0.06007583
distillation,sliced,6,0.028255,0.05388185
distillation,sliced,7,0.028601,0.06661676
distillation,sliced,8,0.020864,0.02886955
distillation,sliced,9,-0.032731,0.02509657
distillation,sliced,10,-0.027501,0.03053645
distillation,sliced,11,0.008238,0.02918356
distillation,sliced,12,0.003317,0.02581846
distillation,sliced,13,0.000548,0.0311384
distillation,sliced,14,0.030358,0.03003431
distillation,sliced,15,-0.037277,0.03135262
distillation,sliced,16,0.010244,0.02024128
distillation,sliced,17,-0.013191,0.01982953
distillation,sliced,18,0.024468,0.02013849
distillation,sliced,19,-0.015294,0.01965316
distillation,sliced,20,0.005908,0.02239718
distillation,sliced,21,-0.037688,0.0213477
distillation,sliced,22,0.030955,0.0204892
distillation,sliced,23,0.001022,0.02186789
distillation,sliced,24,-0.004822,0.02050707
distillation,sliced,25,0.020428,0.0221316
distillation,sliced,26,0.00406,0.02215098
distillation,sliced,27,0.003796,0.02094063
distillation,sliced,28,0.01794,0.02085447
distillation,sliced,29,0.013551,0.02123281
distillation,sliced,30,0.015372,0.02084826
distillation,sliced,31,0.00878,0.02011314
distillation,sliced,32,0.004411,0.02182407
distillation,sliced,33,0.014208,0.0230126
distillation,sliced,34,0.059247,0.02139068
distillation,sliced,35,0.012324,0.0175488
distillation,sliced,36,0.016406,0.02199834
distillation,sliced,37,0.007688,0.02062909
distillation,sliced,38,0.019384,0.02244076
distillation,sliced,39,0.046094,0.02338739
distillation,sliced,40,-0.012426,0.01805773
distillation,sliced,41,0.023957,0.01952549
distillation,sliced,42,0.027418,0.01984676
distillation,sliced,43,-0.020827,0.01983963
distillation,sliced,44,0.002916,0.01526093
distillation,sliced,45,-0.031964,0.01976395
distillation,sliced,46,-0.011127,0.02227208
distillation,sliced,47,0.019449,0.01881897
distillation,sliced,48,0.010322,0.02223019
distillation,sliced,49,-0.002872,0.01908969
distillation,sliced,50,-0.020164,0.01938935
distillation,sliced,51,-0.00872,0.01927498
distillation,sliced,52,0.012022,0.02026736
distillation,sliced,53,0.009378,0.01962798
distillation,sliced,54,0.005412,0.02431357
distillation,sliced,55,-0.022219,0.01722463
distillation,sliced,56,0.013455,0.02123592
distillation,sliced,57,-0.042874,0.01591808
distillation,sliced,58,-0.00122,0.01752996
distillation,sliced,59,0.034427,0.01812211
distillation,sliced,60,0.00172,0.01921986
distillation,sliced,61,0.000272,0.01743815
distillation,sliced,62,-3.7e-05,0.02484378
distillation,sliced,63,-0.004324,0.01786243
distillation,sliced,64,-0.005865,0.02336233
distillation,sliced,65,0.024961,0.02314791
distillation,sliced,66,0.024576,0.02694216
distillation,sliced,67,0.040094,0.02111624
distillation,sliced,68,-0.013389,0.0201877
distillation,sliced,69,-0.029792,0.01843357
distillation,sliced,70,0.001549,0.02288665
distillation,sliced,71,-0.026162,0.02171645
distillation,sliced,72,0.026217,0.01959395
distillation,sliced,73,0.007028,0.02263859
distillation,sliced,74,0.022809,0.0204739
distillation,sliced,75,-0.003458,0.02001088
distillation,sliced,76,0.025535,0.02209185
distillation,sliced,77,0.012022,0.02090556
distillation,sliced,78,-0.006737,0.02240647
distillation,sliced,79,-0.014713,0.02212526
distillation,sliced,80,-0.005491,0.0218324
distillation,sliced,81,-0.012809,0.01833163
distillation,sliced,82,-0.020716,0.02136677
distillation,sliced,83,-0.018682,0.02431741
distillation,sliced,84,-0.014511,0.02574587
distillation,sliced,85,-0.035112,0.02381619
distillation,sliced,86,-0.009674,0.02082587
distillation,sliced,87,0.022452,0.02136751
distillation,sliced,88,0.021063,0.02234512
distillation,sliced,89,-0.008339,0.02129421
distillation,sliced,90,-0.015074,0.02243501
distillation,sliced,91,0.013371,0.02080393
distillation,sliced,92,-0.016119,0.01932469
distillation,sliced,93,-0.02517,0.02503277
distillation,sliced,94,-0.011704,0.02117216
distillation,sliced,95,0.000639,0.02299556
distillation,sliced,96,-0.003943,0.0184453
distillation,sliced,97,-0.001038,0.02528821
distillation,sliced,98,0.000782,0.02223744
distillation,sliced,99,-0.002508,0.02161079
distillation,sliced,100,-0.00255,0.01883772
distillation,sliced,101,-0.010038,0.02051225
distillation,sliced,102,-0.036146,0.02100116
distillation,sliced,103,-0.008661,0.0271009
distillation,sliced,104,0.001604,0.02216392
distillation,sliced,105,0.004572,0.01939251
distillation,sliced,106,0.017107,0.02501899
distillation,sliced,107,-0.009915,0.01843591
distillation,sliced,108,0.006966,0.02083642
distillation,sliced,109,-0.003084,0.02471896
distillation,sliced,110,-0.004751,0.0227214
distillation,sliced,111,0.043232,0.01944417
distillation,sliced,112,-0.04555,0.02012227
distillation,sliced,113,0.036671,0.02042159
distillation,sliced,114,0.00634,0.0232871
distillation,sliced,115,0.028223,0.01945342
distillation,sliced,116,-0.035667,0.02317853
distillation,sliced,117,-0.012361,0.0162092
distillation,sliced,118,-0.030183,0.02349441
distillation,sliced,119,-0.012508,0.01810439
distillation,sliced,120,-0.020468,0.02068053
distillation,sliced,121,-0.036171,0.01920475
distillation,sliced,122,0.00153,0.0222736
distillation,sliced,123,-0.027267,0.02150351
distillation,sliced,124,0.002923,0.01953154
distillation,sliced,125,-0.032008,0.02637749
distillation,sliced,126,-0.01389,0.02120858
distillation,sliced,127,-0.014376,0.02239166
distillation,sliced,128,-0.011941,0.02244962
distillation,sliced,129,0.030606,0.01826834
distillation,sliced,130,-0.017049,0.02254865
distillation,sliced,131,-0.00998,0.02094886
distillation,sliced,132,-0.001328,0.02023527
distillation,sliced,133,-0.005482,0.01999
distillation,sliced,134,0.007601,0.01719594
distillation,sliced,135,-0.008583,0.02637001
distillation,sliced,136,0.041842,0.02241518
distillation,sliced,137,0.045828,0.02356893
distillation,sliced,138,0.040374,0.0199358
distillation,sliced,139,-0.024466,0.02223499
distillation,sliced,140,-0.007567,0.02245535
distillation,sliced,141,-0.027695,0.02792697
distillation,sliced,142,0.027475,0.02659656
distillation,sliced,143,-0.017487,0.02090744
distillation,sliced,144,0.009618,0.02060153
distillation,sliced,145,-0.052677,0.01778374
distillation,sliced,146,-0.019686,0.02822516
distillation,sliced,147,0.02114,0.01693049
distillation,sliced,148,0.011894,0.02191843
distillation,sliced,149,-0.027736,0.02108226
distillation,sliced,150,-0.00673,0.026941
distillation,sliced,151,0.033428,0.01986789
distillation,sliced,152,0.004942,0.02548604
distillation,sliced,153,-0.004114,0.01721309
distillation,sliced,154,0.034266,0.02181429
distillation,sliced,155,-0.001309,0.0229941
distillation,sliced,156,0.003223,0.02195976
distillation,sliced,157,0.013323,0.02068697
distillation,sliced,158,0.012116,0.02519333
distillation,sliced,159,-0.004914,0.01992594
distillation,sliced,160,-0.008107,0.0241747
distillation,sliced,161,0.036678,0.02415063
distillation,sliced,162,0.010486,0.01908581
distillation,sliced,163,0.006922,0.02065662
distillation,sliced,164,0.019031,0.01711045
distillation,sliced,165,-0.024606,0.02391907
distillation,sliced,166,0.001161,0.01983343
distillation,sliced,167,-0.001609,0.0269917
distillation,sliced,168,-0.006271,0.02568734
distillation,sliced,169,0.00148,0.01820032
distillation,sliced,170,0.027771,0.02132301
distillation,sliced,171,-0.029168,0.02418672
distillation,sliced,172,0.020939,0.02296617
distillation,sliced,173,0.000571,0.02238834
distillation,sliced,174,-0.009874,0.02038025
distillation,sliced,175,0.029013,0.02131227
distillation,sliced,176,-0.000152,0.02204611
distillation,sliced,177,-0.01218,0.01913404
distillation,sliced,178,-0.023916,0.02193659
distillation,sliced,179,0.002689,0.01930583
distillation,sliced,180,-0.006613,0.02378027
distillation,sliced,181,-0.009223,0.02485239
distillation,sliced,182,0.003123,0.02118205
distillation,sliced,183,0.024028,0.02323342
distillation,sliced,184,0.00469,0.0233463
distillation,sliced,185,0.018374,0.02064916
distillation,sliced,186,0.00834,0.02470788
distillation,sliced,187,0.014595,0.01927206
distillation,sliced,188,0.010457,0.02467149
distillation,sliced,189,0.000651,0.02311284
distillation,sliced,190,-0.003395,0.02138442
distillation,sliced,191,-0.011025,0.02111231
distillation,sliced,192,0.0142,0.01999516
distillation,sliced,193,-0.039619,0.02040945
distillation,sliced,194,0.008428,0.02061222
distillation,sliced,195,-0.004116,0.02385755
distillation,sliced,196,-0.001933,0.0188767
distillation,sliced,197,0.029949,0.01795149
distillation,sliced,198,0.002051,0.02376489
distillation,sliced,199,-0.01764,0.01883505
distillation,sliced,200,-0.036203,0.02033472
distillation,sliced,201,0.040212,0.01928842
distillation,sliced,202,-0.007609,0.01766065
distillation,sliced,203,-0.035013,0.01860349
distillation,sliced,204,0.001112,0.02263679
distillation,sliced,205,0.002801,0.02064411
distillation,sliced,206,-0.019289,0.02143676
distillation,sliced,207,-0.00584,0.02891041
distillation,sliced,208,0.015873,0.02173635
distillation,sliced,209,0.041566,0.02315578
distillation,sliced,210,-0.019855,0.02206445
distillation,sliced,211,-0.004047,0.01691332
distillation,sliced,212,0.006798,0.01891954
distillation,sliced,213,0.02802,0.02730751
distillation,sliced,214,-0.019665,0.02328779
distillation,sliced,215,0.023306,0.02472801
distillation,sliced,216,0.028253,0.02030856
distillation,sliced,217,0.017257,0.02170005
distillation,sliced,218,-0.002953,0.02151868
distillation,sliced,219,0.007558,0.02015246
distillation,sliced,220,0.007516,0.02393767
distillation,sliced,221,-0.000901,0.02340458
distillation,sliced,222,-0.007923,0.02426882
distillation,sliced,223,-0.012659,0.02057164
distillation,sliced,224,-0.011892,0.01938542
distillation,sliced,225,0.054596,0.02166739
distillation,sliced,226,0.000259,0.02783764
distillation,sliced,227,0.043116,0.02257327
distillation,sliced,228,-0.002809,0.01891369
distillation,sliced,229,-0.012313,0.01967855
distillation,sliced,230,-0.034564,0.01956418
distillation,sliced,231,-0.00795,0.02533857
distillation,sliced,232,-0.017831,0.02123665
distillation,sliced,233,-0.008385,0.02241299
distillation,sliced,234,-0.011854,0.02021447
distillation,sliced,235,-0.048644,0.01919409
distillation,sliced,236,0.041434,0.01928832
distillation,sliced,237,0.016819,0.02015142
distillation,sliced,238,-0.001885,0.01752469
distillation,sliced,239,0.000266,0.01860493
distillation,sliced,240,-0.017529,0.02153641
distillation,sliced,241,-0.005473,0.01924318
distillation,sliced,242,-0.031295,0.02352998
distillation,sliced,243,0.00415,0.03039014
distillation,sliced,244,-0.011454,0.02543717
distillation,sliced,245,0.006768,0.01842201
distillation,sliced,246,0.011711,0.01725323
distillation,sliced,247,0.008346,0.02472411
distillation,sliced,248,0.011781,0.01884249
distillation,sliced,249,-0.03201,0.01960943
distillation,sliced,250,-0.00225,0.01893142
distillation,sliced,251,0.002259,0.02180509
distillation,sliced,252,-0.003871,0.02374795
distillation,sliced,253,-0.016176,0.02204873
distillation,sliced,254,0.004716,0.01809189
distillation,sliced,255,0.017649,0.02212881
distillation,sliced,256,0.011923,0.02062847
distillation,sliced,257,0.013386,0.0243407
distillation,sliced,258,0.003871,0.02496243
distillation,sliced,259,-0.022071,0.02359871
distillation,sliced,260,0.016799,0.01949094
distillation,sliced,261,-0.017333,0.0207364
distillation,sliced,262,0.021201,0.02860157
distillation,sliced,263,-0.017858,0.01964572
distillation,sliced,264,0.012093,0.02138773
distillation,sliced,265,0.006514,0.02044003
distillation,sliced,266,-0.023116,0.02398479
distillation,sliced,267,-0.001741,0.01914291
distillation,sliced,268,-0.004339,0.02193634
distillation,sliced,269,0.005603,0.01930393
distillation,sliced,270,0.024024,0.02481348
distillation,sliced,271,0.015311,0.02107849
distillation,sliced,272,-0.004017,0.02211557
distillation,sliced,273,0.013125,0.02163344
distillation,sliced,274,0.016087,0.02348824
distillation,sliced,275,-0.020474,0.02006373
distillation,sliced,276,0.001689,0.02642824
distillation,sliced,277,0.05368,0.02775246
distillation,sliced,278,-0.015336,0.02432482
distillation,sliced,279,0.006834,0.02121065
distillation,sliced,280,0.017812,0.02754531
distillation,sliced,281,-0.032732,0.01879792
distillation,sliced,282,-0.027739,0.02163816
distillation,sliced,283,-0.019891,0.02228311
distillation,sliced,284,0.01024,0.01877337
distillation,sliced,285,-0.022104,0.02421105
distillation,sliced,286,0.002735,0.0198078
distillation,sliced,287,0.014528,0.02621757
distillation,sliced,288,0.001746,0.02220769
distillation,sliced,289,-0.003146,0.02213257
distillation,sliced,290,-0.033673,0.02090432
distillation,sliced,291,0.02596,0.02572088
distillation,sliced,292,-0.055765,0.0202706
distillation,sliced,293,0.045366,0.0203238
distillation,sliced,294,0.002819,0.01716972
distillation,sliced,295,-0.013088,0.03124937
distillation,sliced,296,-0.046072,0.01756199
distillation,sliced,297,0.000437,0.02302386
distillation,sliced,298,-0.005269,0.02057641
distillation,sliced,299,-0.004551,0.01658757
distillation,sliced,300,0.025551,0.01896224
distillation,sliced,301,0.005872,0.02014436
distillation,sliced,302,-0.014509,0.02139967
distillation,sliced,303,0.018385,0.02765624
distillation,sliced,304,0.043949,0.02692254
distillation,sliced,305,0.016791,0.0253606
distillation,sliced,306,0.023475,0.02347204
distillation,sliced,307,-0.052494,0.01899671
distillation,sliced,308,-0.009451,0.02188263
distillation,sliced,309,0.017643,0.02338627
distillation,sliced,310,-0.03089,0.02260131
distillation,sliced,311,-0.011122,0.02248649
distillation,sliced,312,0.023525,0.01821612
distillation,sliced,313,0.015877,0.01729665
distillation,sliced,314,0.001436,0.02082683
distillation,sliced,315,-0.0181,0.0221549
distillation,sliced,316,-0.0011,0.02983112
distillation,sliced,317,0.074813,0.02377592
distillation,sliced,318,0.012463,0.02110026
distillation,sliced,319,0.001514,0.02513863
distillation,sliced,320,0.004993,0.02502955
distillation,sliced,321,-0.012248,0.02017622
distillation,sliced,322,0.00427,0.02075335
distillation,sliced,323,0.009881,0.02169083
distillation,sliced,324,-0.020784,0.02046553
distillation,sliced,325,0.007675,0.02188138
distillation,sliced,326,0.018424,0.02338149
distillation,sliced,327,0.001528,0.01633624
distillation,sliced,328,-0.017921,0.02749456
distillation,sliced,329,0.025734,0.02123335
distillation,sliced,330,-0.022777,0.02030458
distillation,sliced,331,0.019862,0.02115206
distillation,sliced,332,0.011511,0.01848357
distillation,sliced,333,0.035789,0.02238805
distillation,sliced,334,-0.021053,0.01601563
distillation,sliced,335,0.026227,0.01974968
distillation,sliced,336,0.011682,0.02602175
distillation,sliced,337,-0.018757,0.01968195
distillation,sliced,338,-0.001581,0.02570226
distillation,sliced,339,0.013802,0.0220574
distillation,sliced,340,-0.01864,0.02617395
distillation,sliced,341,-0.007048,0.02108041
distillation,sliced,342,-0.006216,0.0211811
distillation,sliced,343,0.000131,0.02400714
distillation,sliced,344,0.0095,0.02564817
distillation,sliced,345,0.008125,0.02516295
distillation,sliced,346,-0.037752,0.01852971
distillation,sliced,347,-0.005255,0.01745524
distillation,sliced,348,-0.028793,0.01859972
distillation,sliced,349,0.004854,0.02027597
distillation,sliced,350,0.014637,0.02866391
distillation,sliced,351,0.004472,0.02217915
distillation,sliced,352,-0.036969,0.02291956
distillation,sliced,353,-0.004187,0.02939514
distillation,sliced,354,0.035343,0.01989657
distillation,sliced,355,0.00354,0.01803821
distillation,sliced,356,-0.007787,0.02198065
distillation,sliced,357,-0.006846,0.02148224
distillation,sliced,358,0.001898,0.02049747
distillation,sliced,359,-0.005306,0.01928737
distillation,sliced,360,0.00021,0.01881203
distillation,sliced,361,-0.010102,0.03029846
distillation,sliced,362,0.000728,0.0220051
distillation,sliced,363,-0.029097,0.02832877
distillation,sliced,364,-0.017349,0.02178499
distillation,sliced,365,-0.004879,0.02045455
distillation,sliced,366,-0.020289,0.02342493
distillation,sliced,367,-0.058042,0.0192215
distillation,sliced,368,0.053709,0.02031037
distillation,sliced,369,-0.01198,0.0201951
distillation,sliced,370,-0.022479,0.0197497
distillation,sliced,371,-0.012821,0.02138993
distillation,sliced,372,-0.010089,0.02075327
distillation,sliced,373,0.025652,0.01825853
distillation,sliced,374,-0.014135,0.02522212
distillation,sliced,375,-0.000842,0.01903881
distillation,sliced,376,0.020569,0.0226603
distillation,sliced,377,-0.014997,0.02358498
distillation,sliced,378,0.00779,0.02051286
distillation,sliced,379,-0.019534,0.02106021
distillation,sliced,380,-0.024806,0.02014838
distillation,sliced,381,0.0072,0.01588848
distillation,sliced,382,-0.003029,0.02791413
distillation,sliced,383,-0.002933,0.02294324
distillation,sliced,384,-0.008655,0.01840774
distillation,sliced,385,0.006603,0.02077918
distillation,sliced,386,-0.002538,0.02606622
distillation,sliced,387,-0.022144,0.03393094
distillation,sliced,388,0.020551,0.02433767
distillation,sliced,389,0.009528,0.02308053
distillation,sliced,390,-0.012345,0.02255804
distillation,sliced,391,0.028283,0.01920916
distillation,sliced,392,0.004634,0.01907819
distillation,sliced,393,0.015119,0.01921746
distillation,sliced,394,-0.019048,0.02726163
distillation,sliced,395,-0.019747,0.02785238
distillation,sliced,396,-0.039185,0.02249979
distillation,sliced,397,-0.011953,0.02827634
distillation,sliced,398,0.034474,0.02068277
distillation,sliced,399,-0.026522,0.02123698
distillation,sliced,400,-0.006777,0.02179498
distillation,sliced,401,0.018178,0.02227688
distillation,sliced,402,-0.022285,0.02488057
distillation,sliced,403,-0.015319,0.02051935
distillation,sliced,404,-0.014862,0.01801284
distillation,sliced,405,-0.013348,0.02036669
distillation,sliced,406,0.018684,0.02247269
distillation,sliced,407,0.000937,0.02395896
distillation,sliced,408,0.011319,0.02167076
distillation,sliced,409,-0.008658,0.02337943
distillation,sliced,410,-0.01866,0.02259654
distillation,sliced,411,-0.000808,0.01580936
distillation,sliced,412,-0.002503,0.01798855
distillation,sliced,413,-0.025338,0.03168055
distillation,sliced,414,-0.00486,0.01712685
distillation,sliced,415,-0.033028,0.01894988
distillation,sliced,416,0.002961,0.02599187
distillation,sliced,417,-0.013354,0.02217962
distillation,sliced,418,0.006613,0.01873457
distillation,sliced,419,0.026951,0.02140023
distillation,sliced,420,0.035329,0.02076609
distillation,sliced,421,0.018928,0.01797478
distillation,sliced,422,0.005355,0.03029266
distillation,sliced,423,-0.005039,0.01840608
distillation,sliced,424,0.002552,0.02285373
distillation,sliced,425,-0.038231,0.02088449
distillation,sliced,426,0.017028,0.02157326
distillation,sliced,427,0.009423,0.01927874
distillation,sliced,428,-0.01713,0.02069092
distillation,sliced,429,0.011964,0.02168312
distillation,sliced,430,0.024277,0.02918461
distillation,sliced,431,0.005145,0.02435698
distillation,sliced,432,-0.004154,0.01841296
distillation,sliced,433,-0.005781,0.02773353
distillation,sliced,434,0.00574,0.02773442
distillation,sliced,435,-0.000247,0.02743254
distillation,sliced,436,-0.028276,0.02079193
distillation,sliced,437,-0.001065,0.01912314
distillation,sliced,438,-0.017482,0.02781692
distillation,sliced,439,0.039381,0.02486201
distillation,sliced,440,0.006774,0.02179881
distillation,sliced,441,0.00892,0.01736722
distillation,sliced,442,0.006404,0.03064535
distillation,sliced,443,0.009081,0.02247839
distillation,sliced,444,-0.017094,0.02762488
distillation,sliced,445,0.011566,0.02156026
distillation,sliced,446,0.022177,0.01910808
distillation,sliced,447,-0.014499,0.01900038
distillation,sliced,448,0.012344,0.01706652
distillation,sliced,449,0.001465,0.02401272
distillation,sliced,450,-0.033421,0.01826679
distillation,sliced,451,0.0021,0.02864466
distillation,sliced,452,0.025195,0.02653994
distillation,sliced,453,0.022522,0.02390625
distillation,sliced,454,0.03149,0.01995515
distillation,sliced,455,0.047212,0.02529691
distillation,sliced,456,0.026359,0.0191446
distillation,sliced,457,0.033392,0.0185809
distillation,sliced,458,0.022972,0.02616697
distillation,sliced,459,0.009551,0.02013928
distillation,sliced,460,-0.023964,0.01820104
distillation,sliced,461,0.005092,0.02379378
distillation,sliced,462,0.012294,0.02065622
distillation,sliced,463,0.006454,0.02244605
distillation,sliced,464,-0.010698,0.02449088
distillation,sliced,465,-0.006208,0.01880924
distillation,sliced,466,0.004945,0.02179184
distillation,sliced,467,0.016001,0.02770666
distillation,sliced,468,0.058125,0.0170279
distillation,sliced,469,0.008643,0.0237575
distillation,sliced,470,-0.00621,0.02094411
distillation,sliced,471,0.009812,0.02599406
distillation,sliced,472,0.007853,0.02830361
distillation,sliced,473,0.030122,0.02390882
distillation,sliced,474,-0.004378,0.01804796
distillation,sliced,475,-0.017589,0.01751264
distillation,sliced,476,0.027091,0.02435781
distillation,sliced,477,-0.024982,0.01829494
distillation,sliced,478,0.002735,0.02182999
distillation,sliced,479,-0.045557,0.01959846
distillation,sliced,480,-0.028449,0.01969551
distillation,sliced,481,-0.008776,0.02182326
distillation,sliced,482,-0.051825,0.02326013
distillation,sliced,483,0.034075,0.02125121
distillation,sliced,484,-0.014204,0.02042463
distillation,sliced,485,0.016311,0.02425342
distillation,sliced,486,-0.010025,0.01633531
distillation,sliced,487,-0.019607,0.02077824
distillation,sliced,488,0.028192,0.02263414
distillation,sliced,489,-0.008828,0.02167726
distillation,sliced,490,0.007917,0.03232089
distillation,sliced,491,0.02229,0.01934756
distillation,sliced,492,-0.024199,0.02349045
distillation,sliced,493,-0.022777,0.02108022
distillation,sliced,494,-0.02004,0.01618142
distillation,sliced,495,0.001341,0.02745989
distillation,sliced,496,-0.002071,0.02283716
distillation,sliced,497,-0.002619,0.02073536
distillation,sliced,498,-0.020209,0.01829933
distillation,sliced,499,0.025974,0.03099991
distillation,sliced,500,-0.019695,0.02081676
distillation,sliced,501,0.009548,0.02095731
distillation,sliced,502,0.004541,0.0163557
distillation,sliced,503,0.016272,0.01767217
distillation,sliced,504,0.008416,0.02018293
distillation,sliced,505,0.015641,0.02531171
distillation,sliced,506,0.006729,0.02381797
distillation,sliced,507,-0.034311,0.03290111
distillation,sliced,508,0.020242,0.01909316
distillation,sliced,509,-0.005357,0.02657246
distillation,sliced,510,0.017318,0.02027615
distillation,sliced,511,-0.020649,0.02067703
distillation,sliced,512,-0.005624,0.01596579
distillation,sliced,513,0.017091,0.02341723
distillation,sliced,514,0.006395,0.01747649
distillation,sliced,515,0.027848,0.01870129
distillation,sliced,516,0.009137,0.02054777
distillation,sliced,517,-0.005422,0.01508058
distillation,sliced,518,0.005169,0.0138524
distillation,sliced,519,0.015535,0.01651445
distillation,sliced,520,0.024962,0.01847931
distillation,sliced,521,0.006604,0.01489545
distillation,sliced,522,-0.001155,0.0168929
distillation,sliced,523,-0.007365,0.01356827
distillation,sliced,524,0.016735,0.01211738
distillation,sliced,525,-0.021362,0.01767201
distillation,sliced,526,-0.027629,0.01464416
distillation,sliced,527,-0.006693,0.02653074
distillation,sliced,528,0.00135,0.01480125
distillation,sliced,529,-0.010482,0.01510862
distillation,sliced,530,0.001717,0.01868673
distillation,sliced,531,-0.005197,0.01851036
distillation,sliced,532,0.017937,0.01897604
distillation,sliced,533,0.000796,0.01943684
distillation,sliced,534,0.01327,0.01783818
distillation,sliced,535,-0.023371,0.01669084
distillation,sliced,536,-0.017696,0.01433545
distillation,sliced,537,0.020118,0.02060787
distillation,sliced,538,-0.002748,0.01860907
distillation,sliced,539,0.024718,0.02013054
distillation,sliced,540,0.054649,0.01899409
distillation,sliced,541,-0.030509,0.01642562
distillation,sliced,542,0.002728,0.02189132
distillation,sliced,543,-0.01912,0.01961112
distillation,sliced,544,0.013463,0.01624657
distillation,sliced,545,-0.027478,0.01713425
distillation,sliced,546,-0.001573,0.01509111
distillation,sliced,547,0.04902,0.01592594
distillation,sliced,548,-0.000764,0.0126788
distillation,sliced,549,-0.014489,0.01496533
distillation,sliced,550,-0.000462,0.0151179
distillation,sliced,551,0.01383,0.01848268
distillation,sliced,552,0.022012,0.01814431
distillation,sliced,553,0.017664,0.0136858
distillation,sliced,554,-0.015937,0.02648227
distillation,sliced,555,0.003509,0.01911551
distillation,sliced,556,0.012403,0.01746138
distillation,sliced,557,0.010671,0.02570509
distillation,sliced,558,-0.019033,0.01658926
distillation,sliced,559,0.02693,0.0160676
distillation,sliced,560,0.006962,0.01774932
distillation,sliced,561,0.017127,0.01396874
distillation,sliced,562,0.02071,0.01561061
distillation,sliced,563,0.009283,0.01840011
distillation,sliced,564,0.002852,0.01541889
distillation,sliced,565,0.028108,0.01717794
distillation,sliced,566,-0.012575,0.01248265
distillation,sliced,567,-0.016792,0.01595184
distillation,sliced,568,0.029433,0.01967133
distillation,sliced,569,0.002013,0.01433688
distillation,sliced,570,0.012029,0.01659225
distillation,sliced,571,-0.01717,0.01391088
distillation,sliced,572,0.003102,0.0174129
distillation,sliced,573,0.015053,0.01390203
distillation,sliced,574,0.014802,0.01701336
distillation,sliced,575,-0.005994,0.02229674
distillation,sliced,576,-0.027859,0.0189003
distillation,sliced,577,-0.00401,0.01590884
distillation,sliced,578,-0.016649,0.02390179
distillation,sliced,579,0.046603,0.01838297
distillation,sliced,580,-0.004058,0.01959146
distillation,sliced,581,-0.024697,0.01536687
distillation,sliced,582,0.01937,0.01478946
distillation,sliced,583,-0.001015,0.01366478
distillation,sliced,584,-0.004786,0.01680002
distillation,sliced,585,0.017087,0.01597367
distillation,sliced,586,-0.007538,0.01882069
distillation,sliced,587,0.027242,0.01863974
distillation,sliced,588,-0.001449,0.01451894
distillation,sliced,589,-0.019907,0.01591301
distillation,sliced,590,0.02001,0.01759703
distillation,sliced,591,-0.002088,0.0217889
distillation,sliced,592,0.007115,0.01830948
distillation,sliced,593,-0.030401,0.01561801
distillation,sliced,594,-0.000319,0.01743629
distillation,sliced,595,-0.021118,0.01850764
distillation,sliced,596,0.001161,0.01454925
distillation,sliced,597,0.00778,0.01485761
distillation,sliced,598,0.005665,0.01533604
distillation,sliced,599,0.005441,0.01740275
distillation,sliced,600,0.040327,0.01478819
distillation,sliced,601,-0.017652,0.01769345
distillation,sliced,602,0.058401,0.01660265
distillation,sliced,603,-0.015142,0.01606482
distillation,sliced,604,0.001151,0.01538704
distillation,sliced,605,0.003624,0.01566111
distillation,sliced,606,-0.021497,0.0136897
distillation,sliced,607,0.008747,0.01847855
distillation,sliced,608,0.028739,0.02211501
distillation,sliced,609,0.000697,0.02008259
distillation,sliced,610,-0.027311,0.01604649
distillation,sliced,611,0.02127,0.02106572
distillation,sliced,612,-0.001465,0.01268796
distillation,sliced,613,-0.007073,0.01733661
distillation,sliced,614,-0.013705,0.01716537
distillation,sliced,615,-0.005462,0.02018655
distillation,sliced,616,-0.014325,0.01945827
distillation,sliced,617,-0.033245,0.02334343
distillation,sliced,618,0.005245,0.01551859
distillation,sliced,619,-0.022752,0.02199406
distillation,sliced,620,-0.01926,0.02167876
distillation,sliced,621,-0.001566,0.01582678
distillation,sliced,622,-0.005765,0.02048298
distillation,sliced,623,0.017401,0.01606148
distillation,sliced,624,0.013665,0.01765382
distillation,sliced,625,0.019875,0.02153779
distillation,sliced,626,-0.028629,0.01932058
distillation,sliced,627,0.010236,0.01327403
distillation,sliced,628,-0.025632,0.02231149
distillation,sliced,629,-0.009905,0.01792217
distillation,sliced,630,0.017741,0.01614283
distillation,sliced,631,-0.009892,0.01734976
distillation,sliced,632,-0.028557,0.01611796
distillation,sliced,633,-0.006531,0.0216053
distillation,sliced,634,-0.000761,0.01606643
distillation,sliced,635,-0.02845,0.01440361
distillation,sliced,636,0.01761,0.01519675
distillation,sliced,637,-0.038504,0.01853931
distillation,sliced,638,-0.00126,0.01794674
distillation,sliced,639,-0.000555,0.01709099
distillation,sliced,640,0.011365,0.01882577
distillation,sliced,641,0.000379,0.01827181
distillation,sliced,642,-0.022489,0.01237353
distillation,sliced,643,0.021205,0.01963989
distillation,sliced,644,0.006537,0.02617818
distillation,sliced,645,0.008771,0.01443952
distillation,sliced,646,-0.013838,0.01621788
distillation,sliced,647,0.016374,0.015524
distillation,sliced,648,0.001094,0.01520275
distillation,sliced,649,-0.003169,0.02282825
distillation,sliced,650,-0.016583,0.01689848
distillation,sliced,651,-0.002667,0.01813837
distillation,sliced,652,-0.006655,0.02407107
distillation,sliced,653,-0.009011,0.01540491
distillation,sliced,654,-0.027194,0.01618092
distillation,sliced,655,0.01677,0.01540019
distillation,sliced,656,0.046548,0.01532953
distillation,sliced,657,0.023516,0.01643374
distillation,sliced,658,-0.050733,0.01765964
distillation,sliced,659,-0.034415,0.01652085
distillation,sliced,660,-0.011592,0.01573151
distillation,sliced,661,0.011915,0.01848893
distillation,sliced,662,0.009695,0.01686715
distillation,sliced,663,0.007361,0.01604144
distillation,sliced,664,0.0241,0.0251759
distillation,sliced,665,-0.003454,0.01799075
distillation,sliced,666,-0.000655,0.0149087
distillation,sliced,667,-0.00173,0.01710248
distillation,sliced,668,0.019067,0.01579167
distillation,sliced,669,-0.025205,0.01407307
distillation,sliced,670,-0.000379,0.01381131
distillation,sliced,671,-0.007327,0.0129837
distillation,sliced,672,0.030533,0.01531169
distillation,sliced,673,0.005581,0.01577449
distillation,sliced,674,-0.011168,0.01924522
distillation,sliced,675,0.007496,0.02005446
distillation,sliced,676,0.020489,0.01753087
distillation,sliced,677,0.005368,0.01483571
distillation,sliced,678,0.023643,0.01779021
distillation,sliced,679,-0.01878,0.01934744
distillation,sliced,680,0.023761,0.02019377
distillation,sliced,681,-0.005943,0.01934305
distillation,sliced,682,0.02127,0.01868105
distillation,sliced,683,0.001046,0.01977831
distillation,sliced,684,0.000931,0.01475926
distillation,sliced,685,-0.034008,0.01705017
distillation,sliced,686,0.003355,0.01628479
distillation,sliced,687,-0.011196,0.01553385
distillation,sliced,688,0.016048,0.01749955
distillation,sliced,689,0.008385,0.01776524
distillation,sliced,690,0.004816,0.01659131
distillation,sliced,691,0.005981,0.01263566
distillation,sliced,692,0.013756,0.01586971
distillation,sliced,693,0.007799,0.01809086
distillation,sliced,694,-0.015826,0.01736796
distillation,sliced,695,-0.0168,0.01968835
distillation,sliced,696,-0.038093,0.0171748
distillation,sliced,697,0.037708,0.02199846
distillation,sliced,698,0.002941,0.01528104
distillation,sliced,699,-0.003674,0.01450309
distillation,sliced,700,0.022518,0.01440001
distillation,sliced,701,0.024692,0.01531419
distillation,sliced,702,0.015982,0.0168551
distillation,sliced,703,0.01921,0.02058721
distillation,sliced,704,0.010264,0.0175988
distillation,sliced,705,-0.02329,0.01760053
distillation,sliced,706,-0.031951,0.01454772
distillation,sliced,707,0.03206,0.0152926
distillation,sliced,708,-0.014334,0.02293531
distillation,sliced,709,-0.022456,0.01953274
distillation,sliced,710,-0.021277,0.01790553
distillation,sliced,711,0.049985,0.01498621
distillation,sliced,712,0.016503,0.01679233
distillation,sliced,713,-0.017489,0.01722072
distillation,sliced,714,-0.030194,0.01673715
distillation,sliced,715,0.004727,0.01945205
distillation,sliced,716,0.001702,0.0206317
distillation,sliced,717,-0.007864,0.01553642
distillation,sliced,718,0.004505,0.01498184
distillation,sliced,719,-0.017128,0.01895437
distillation,sliced,720,-0.013307,0.01785062
distillation,sliced,721,0.006422,0.01606778
distillation,sliced,722,0.004155,0.01827219
distillation,sliced,723,0.014768,0.01558566
distillation,sliced,724,0.01473,0.017444
distillation,sliced,725,-0.023598,0.01655454
distillation,sliced,726,0.006607,0.01476762
distillation,sliced,727,0.003883,0.01771887
distillation,sliced,728,-0.003628,0.01508371
distillation,sliced,729,-0.010891,0.01734255
distillation,sliced,730,0.030251,0.0197386
distillation,sliced,731,-0.001021,0.01775846
distillation,sliced,732,-0.041519,0.0231879
distillation,sliced,733,0.013194,0.01295021
distillation,sliced,734,-0.033451,0.01638963
distillation,sliced,735,0.021108,0.02067692
distillation,sliced,736,-0.005404,0.0182504
distillation,sliced,737,-0.002132,0.01409448
distillation,sliced,738,-0.025572,0.01612403
distillation,sliced,739,0.05021,0.01268892
distillation,sliced,740,-0.002366,0.01485694
distillation,sliced,741,0.007521,0.01504806
distillation,sliced,742,0.005682,0.01684517
distillation,sliced,743,0.008912,0.01528778
distillation,sliced,744,-0.018395,0.01797012
distillation,sliced,745,-0.013214,0.0176795
distillation,sliced,746,-0.011105,0.01512243
distillation,sliced,747,0.016395,0.01495994
distillation,sliced,748,-0.016219,0.01896471
distillation,sliced,749,-0.002521,0.0175047
distillation,sliced,750,0.013695,0.02108205
distillation,sliced,751,0.011749,0.01815115
distillation,sliced,752,-0.005361,0.01475499
distillation,sliced,753,-0.000797,0.01466523
distillation,sliced,754,-0.016183,0.01472057
distillation,sliced,755,-0.01111,0.01902785
distillation,sliced,756,0.019533,0.01904271
distillation,sliced,757,0.021151,0.01670158
distillation,sliced,758,0.008431,0.01709894
distillation,sliced,759,-0.005168,0.01633655
distillation,sliced,760,0.002108,0.02040531
distillation,sliced,761,-0.022133,0.01722458
distillation,sliced,762,-0.008813,0.01875226
distillation,sliced,763,-0.048037,0.01422266
distillation,sliced,764,-0.006198,0.01687232
distillation,sliced,765,0.005422,0.016956
distillation,sliced,766,0.003475,0.01547251
distillation,sliced,767,0.021263,0.01673721
distillation,sliced,768,0.000808,0.01655346
distillation,sliced,769,-0.008696,0.01427286
distillation,sliced,770,-0.011682,0.01480037
distillation,sliced,771,0.02758,0.01910886
distillation,sliced,772,0.00293,0.01905155
distillation,sliced,773,-0.02461,0.01409136
distillation,sliced,774,-0.023595,0.0193794
distillation,sliced,775,-0.007594,0.01811329
distillation,sliced,776,0.004798,0.0184611
distillation,sliced,777,0.00888,0.01360008
distillation,sliced,778,-0.019089,0.01620959
distillation,sliced,779,-0.01325,0.01683559
distillation,sliced,780,0.005402,0.01528751
distillation,sliced,781,-0.000143,0.01922752
distillation,sliced,782,0.029367,0.02316819
distillation,sliced,783,0.001528,0.01477615
distillation,sliced,784,-0.046731,0.0155959
distillation,sliced,785,-0.000182,0.02013985
distillation,sliced,786,0.026941,0.0129016
distillation,sliced,787,0.021287,0.01746725
distillation,sliced,788,-0.001033,0.01831253
distillation,sliced,789,0.001918,0.01479976
distillation,sliced,790,0.004987,0.01351569
distillation,sliced,791,-0.033576,0.02197918
distillation,sliced,792,-0.001557,0.0159995
distillation,sliced,793,0.024305,0.01387433
distillation,sliced,794,-0.011287,0.01452773
distillation,sliced,795,0.008053,0.01732161
distillation,sliced,796,-0.021756,0.01953223
distillation,sliced,797,0.008215,0.01586804
distillation,sliced,798,0.006479,0.0150972
distillation,sliced,799,-0.027719,0.01474657
distillation,sliced,800,0.001107,0.01430519
distillation,sliced,801,0.030174,0.01620007
distillation,sliced,802,0.033168,0.01250952
distillation,sliced,803,0.036439,0.02140183
distillation,sliced,804,0.006969,0.01587377
distillation,sliced,805,-0.00272,0.01995127
distillation,sliced,806,0.026385,0.01441947
distillation,sliced,807,-0.033995,0.01566911
distillation,sliced,808,0.021328,0.02118377
distillation,sliced,809,0.003867,0.0215097
distillation,sliced,810,0.004833,0.01615333
distillation,sliced,811,0.001203,0.01479937
distillation,sliced,812,0.013745,0.02152027
distillation,sliced,813,-0.000982,0.01438256
distillation,sliced,814,-0.015832,0.01429266
distillation,sliced,815,-0.016362,0.02257645
distillation,sliced,816,0.010808,0.02019524
distillation,sliced,817,0.005082,0.01659711
distillation,sliced,818,0.009209,0.01486605
distillation,sliced,819,-0.009692,0.01494675
distillation,sliced,820,-0.023242,0.02735482
distillation,sliced,821,0.015957,0.01763686
distillation,sliced,822,0.019618,0.01839687
distillation,sliced,823,-0.021845,0.01679307
distillation,sliced,824,-0.007867,0.01934203
distillation,sliced,825,-0.012945,0.01973173
distillation,sliced,826,0.016767,0.02003077
distillation,sliced,827,-0.012503,0.01263753
distillation,sliced,828,0.017568,0.01882
distillation,sliced,829,0.026373,0.02162375
distillation,sliced,830,-0.000603,0.02333326
distillation,sliced,831,0.005543,0.01849237
distillation,sliced,832,-0.003132,0.01552948
distillation,sliced,833,0.000483,0.01604641
distillation,sliced,834,0.034597,0.01816457
distillation,sliced,835,-0.026741,0.01639165
distillation,sliced,836,-0.006663,0.01841081
distillation,sliced,837,-0.021121,0.0158533
distillation,sliced,838,0.004284,0.01636976
distillation,sliced,839,0.004327,0.01909469
distillation,sliced,840,-0.000752,0.01366018
distillation,sliced,841,-0.004725,0.02371935
distillation,sliced,842,0.012133,0.02196788
distillation,sliced,843,-0.017823,0.01597542
distillation,sliced,844,-0.004129,0.01482232
distillation,sliced,845,0.007765,0.01349507
distillation,sliced,846,0.032237,0.01953686
distillation,sliced,847,0.009249,0.01850779
distillation,sliced,848,0.020038,0.02031459
distillation,sliced,849,0.028955,0.01645048
distillation,sliced,850,-0.034411,0.01687587
distillation,sliced,851,-0.012482,0.01826016
distillation,sliced,852,-0.039201,0.01611118
distillation,sliced,853,0.007264,0.01411702
distillation,sliced,854,-0.023984,0.01738092
distillation,sliced,855,0.014922,0.01483529
distillation,sliced,856,-0.005636,0.01778661
distillation,sliced,857,0.013861,0.01607183
distillation,sliced,858,-0.005071,0.01984999
distillation,sliced,859,0.009296,0.01644576
distillation,sliced,860,-0.005063,0.02212319
distillation,sliced,861,-0.040167,0.02175158
distillation,sliced,862,-0.031884,0.02096893
distillation,sliced,863,-0.010461,0.01511914
distillation,sliced,864,0.012545,0.01610707
distillation,sliced,865,-0.005984,0.01788309
distillation,sliced,866,0.04331,0.01402495
distillation,sliced,867,-0.032513,0.01639871
distillation,sliced,868,-0.016665,0.01857355
distillation,sliced,869,0.009358,0.01770158
distillation,sliced,870,0.005165,0.02200083
distillation,sliced,871,0.020076,0.01347089
distillation,sliced,872,-0.001114,0.01751741
distillation,sliced,873,-0.021062,0.01533591
distillation,sliced,874,0.014037,0.01618894
distillation,sliced,875,0.016204,0.01914523
distillation,sliced,876,0.034336,0.01768715
distillation,sliced,877,-0.027023,0.01731702
distillation,sliced,878,0.004239,0.01639909
distillation,sliced,879,0.010584,0.02444378
distillation,sliced,880,0.007243,0.02027587
distillation,sliced,881,0.007844,0.01388799
distillation,sliced,882,-0.000904,0.02282279
distillation,sliced,883,-0.003683,0.01939584
distillation,sliced,884,0.000205,0.0162468
distillation,sliced,885,-0.015105,0.01436702
distillation,sliced,886,-0.007922,0.01376879
distillation,sliced,887,0.000994,0.01554871
distillation,sliced,888,-0.020583,0.02028991
distillation,sliced,889,-0.024025,0.01386164
distillation,sliced,890,0.028992,0.01674213
distillation,sliced,891,0.010846,0.02215581
distillation,sliced,892,-0.030771,0.01790386
distillation,sliced,893,0.018739,0.0214287
distillation,sliced,894,-0.022596,0.01870592
distillation,sliced,895,0.009192,0.01804765
distillation,sliced,896,0.011572,0.01678413
distillation,sliced,897,-0.005906,0.01410956
distillation,sliced,898,0.018125,0.02136753
distillation,sliced,899,0.018454,0.01864221
distillation,sliced,900,-0.021285,0.01657319
distillation,sliced,901,-0.016384,0.01960856
distillation,sliced,902,-0.004402,0.01401579
distillation,sliced,903,0.007926,0.01658367
distillation,sliced,904,-0.022114,0.01710898
distillation,sliced,905,0.007857,0.01657186
distillation,sliced,906,-0.001133,0.01743877
distillation,sliced,907,0.000356,0.02319182
distillation,sliced,908,0.023832,0.01425335
distillation,sliced,909,0.003651,0.01525476
distillation,sliced,910,-0.002156,0.01681391
distillation,sliced,911,-0.015453,0.01598488
distillation,sliced,912,-0.00751,0.01508919
distillation,sliced,913,0.003187,0.01779317
distillation,sliced,914,0.016471,0.02769303
distillation,sliced,915,0.024143,0.01399213
distillation,sliced,916,-0.012656,0.01551732
distillation,sliced,917,0.021314,0.01926952
distillation,sliced,918,0.011716,0.02197473
distillation,sliced,919,0.014713,0.01639527
distillation,sliced,920,0.004155,0.0250062
distillation,sliced,921,0.000152,0.01609085
distillation,sliced,922,-0.005272,0.01564395
distillation,sliced,923,0.010151,0.02027315
distillation,sliced,924,0.030801,0.01716934
distillation,sliced,925,-0.028287,0.01712009
distillation,sliced,926,0.019759,0.01512649
distillation,sliced,927,-0.006375,0.02310097
distillation,sliced,928,0.005419,0.01891403
distillation,sliced,929,-0.016224,0.01670708
distillation,sliced,930,-0.028232,0.01393552
distillation,sliced,931,0.007194,0.01643149
distillation,sliced,932,-0.001485,0.01224542
distillation,sliced,933,0.028004,0.01466881
distillation,sliced,934,-0.000362,0.01628213
distillation,sliced,935,0.006741,0.01791738
distillation,sliced,936,0.001285,0.02029073
distillation,sliced,937,-0.019939,0.02269115
distillation,sliced,938,-0.057515,0.01560351
distillation,sliced,939,-0.029985,0.01518694
distillation,sliced,940,-0.001883,0.01636714
distillation,sliced,941,0.025215,0.01676078
distillation,sliced,942,-0.016889,0.01790296
distillation,sliced,943,0.009823,0.01866839
distillation,sliced,944,0.009671,0.01492101
distillation,sliced,945,0.002738,0.01595202
distillation,sliced,946,0.011152,0.01769565
distillation,sliced,947,0.005266,0.01750658
distillation,sliced,948,-0.011857,0.01826985
distillation,sliced,949,0.034024,0.01902245
distillation,sliced,950,-0.002969,0.02234306
distillation,sliced,951,-0.016745,0.02162426
distillation,sliced,952,-0.013914,0.015951
distillation,sliced,953,0.006114,0.0207155
distillation,sliced,954,-0.024993,0.02071861
distillation,sliced,955,-0.025603,0.01521271
distillation,sliced,956,-0.009498,0.01905051
distillation,sliced,957,-0.002695,0.01411168
distillation,sliced,958,-0.017005,0.02936493
distillation,sliced,959,0.012331,0.01817077
distillation,sliced,960,-0.008614,0.01577036
distillation,sliced,961,-0.002612,0.01900401
distillation,sliced,962,-0.014559,0.01879594
distillation,sliced,963,0.005078,0.01590188
distillation,sliced,964,0.026589,0.01342304
distillation,sliced,965,0.014274,0.01118623
distillation,sliced,966,-0.032541,0.01574239
distillation,sliced,967,-0.005596,0.01679969
distillation,sliced,968,0.009835,0.01658601
distillation,sliced,969,-0.034576,0.01745296
distillation,sliced,970,0.012888,0.01434604
distillation,sliced,971,0.004583,0.02147876
distillation,sliced,972,0.020447,0.01269219
distillation,sliced,973,-0.003737,0.01905053
distillation,sliced,974,-0.029175,0.01509391
distillation,sliced,975,-0.012978,0.02306424
distillation,sliced,976,0.021868,0.0141975
distillation,sliced,977,-0.017139,0.01522553
distillation,sliced,978,0.031844,0.01693947
distillation,sliced,979,0.008567,0.01797785
distillation,sliced,980,0.025346,0.01512031
distillation,sliced,981,-0.009568,0.01397124
distillation,sliced,982,0.033627,0.01999477
distillation,sliced,983,-0.04268,0.01628467
distillation,sliced,984,0.003532,0.01725877
distillation,sliced,985,0.012541,0.01148115
distillation,sliced,986,0.024993,0.01642163
distillation,sliced,987,0.025653,0.01581975
distillation,sliced,988,0.046386,0.01884867
distillation,sliced,989,0.045256,0.01920591
distillation,sliced,990,0.003153,0.01750616
distillation,sliced,991,-0.008034,0.01689275
distillation,sliced,992,-0.009129,0.02098681
distillation,sliced,993,2.1e-05,0.01793937
distillation,sliced,994,-0.002425,0.01481481
distillation,sliced,995,0.00393,0.02065878
distillation,sliced,996,0.024236,0.01807188
distillation,sliced,997,-0.008984,0.01741948
distillation,sliced,998,-0.021493,0.0158321
distillation,sliced,999,0.01894,0.01816385
distillation,sliced,1000,-0.013599,0.01504806
distillation,sliced,1001,0.004257,0.01708756
distillation,sliced,1002,-0.005744,0.01596018
distillation,sliced,1003,0.004102,0.02043758
distillation,sliced,1004,0.020738,0.01956504
distillation,sliced,1005,0.015579,0.01838835
distillation,sliced,1006,0.009807,0.01916406
distillation,sliced,1007,0.010658,0.02117644
distillation,sliced,1008,-0.028363,0.01391718
distillation,sliced,1009,-0.004425,0.02025316
distillation,sliced,1010,0.005907,0.01754001
distillation,sliced,1011,0.012793,0.01256689
distillation,sliced,1012,0.009921,0.01523456
distillation,sliced,1013,-0.024538,0.01797307
distillation,sliced,1014,-0.003567,0.0213322
distillation,sliced,1015,0.005669,0.0192065
distillation,sliced,1016,-0.029589,0.01545198
distillation,sliced,1017,0.028717,0.01680966
distillation,sliced,1018,0.031785,0.01692451
distillation,sliced,1019,-0.009943,0.02035032
distillation,sliced,1020,-0.007998,0.0170393
distillation,sliced,1021,-0.017031,0.01731975
distillation,sliced,1022,-0.003192,0.01586659
distillation,sliced,1023,0.027517,0.01660269
distillation,bn,0,-0.060899,1.16092563
distillation,bn,1,0.13549,1.52425349
distillation,bn,2,0.013476,1.2548219
distillation,bn,3,0.077709,1.28472054
distillation,bn,4,0.17551,1.22692883
distillation,bn,5,-0.082284,1.24909472
distillation,bn,6,0.033053,1.21775579
distillation,bn,7,0.092405,1.41618991
distillation,bn,8,0.0816,1.20350099
distillation,bn,9,-0.181971,1.11816168
distillation,bn,10,-0.132797,1.13195145
distillation,bn,11,0.108641,1.19304025
distillation,bn,12,0.028061,1.04804111
distillation,bn,13,0.043646,1.22205186
distillation,bn,14,0.172071,1.1853832
distillation,bn,15,-0.03286,1.13164532
distillation,bn,16,-0.010131,1.04080713
distillation,bn,17,-0.045136,0.99416739
distillation,bn,18,0.02621,0.91124433
distillation,bn,19,-0.153645,0.97777796
distillation,bn,20,0.137672,1.06555569
distillation,bn,21,-0.180804,0.98448545
distillation,bn,22,0.080393,0.93835807
distillation,bn,23,-0.031096,0.98716187
distillation,bn,24,0.060262,0.97067195
distillation,bn,25,0.056564,1.027946
distillation,bn,26,0.041186,1.10108423
distillation,bn,27,0.097368,0.90902108
distillation,bn,28,0.066251,1.12234008
distillation,bn,29,0.112509,1.09794426
distillation,bn,30,0.082463,1.00181615
distillation,bn,31,-0.079642,1.08064592
distillation,bn,32,0.035963,1.12729573
distillation,bn,33,0.155791,1.044029
distillation,bn,34,0.27127,1.05642259
distillation,bn,35,0.008532,0.93364775
distillation,bn,36,-0.017548,0.94413823
distillation,bn,37,0.021767,0.94277143
distillation,bn,38,-0.009646,1.06981039
distillation,bn,39,0.121039,1.00847435
distillation,bn,40,-0.140594,0.88837922
distillation,bn,41,0.0995,0.92484349
distillation,bn,42,0.313084,0.9419927
distillation,bn,43,-0.057572,0.93456745
distillation,bn,44,0.043261,0.83961821
distillation,bn,45,-0.018517,0.97624552
distillation,bn,46,-0.076084,1.01818669
distillation,bn,47,0.02062,0.9882592
distillation,bn,48,-0.001239,1.08140659
distillation,bn,49,-0.042772,1.04738426
distillation,bn,50,-0.135723,0.95934576
distillation,bn,51,0.008627,0.92638022
distillation,bn,52,-0.00401,0.95407158
distillation,bn,53,0.027986,0.96792346
distillation,bn,54,-0.103229,1.07265103
distillation,bn,55,-0.163096,0.92263782
distillation,bn,56,0.12279,0.99230903
distillation,bn,57,-0.261374,0.91306335
distillation,bn,58,0.049828,0.93321973
distillation,bn,59,0.112045,1.00331688
distillation,bn,60,-0.011465,0.98900735
distillation,bn,61,-0.120165,0.85326391
distillation,bn,62,-0.03723,1.19494081
distillation,bn,63,-0.023904,0.96857983
distillation,bn,64,-0.051503,1.04407716
distillation,bn,65,0.10854,1.05641484
distillation,bn,66,0.114684,0.98483622
distillation,bn,67,0.105373,0.92374825
distillation,bn,68,-0.110921,0.8917346
distillation,bn,69,-0.012283,0.91611964
distillation,bn,70,-0.037695,1.03716111
distillation,bn,71,-0.016601,0.99252945
distillation,bn,72,0.136906,1.45826507
distillation,bn,73,0.052291,1.11483121
distillation,bn,74,0.230384,0.93002021
distillation,bn,75,-0.121617,0.98370016
distillation,bn,76,0.188545,1.07443869
distillation,bn,77,0.013816,1.002002
distillation,bn,78,-0.07889,1.10366237
distillation,bn,79,-0.063227,1.12176514
distillation,bn,80,-0.039802,0.95010662
distillation,bn,81,-0.108305,0.94409543
distillation,bn,82,-0.122974,1.12022316
distillation,bn,83,-0.023416,1.07961607
distillation,bn,84,0.030076,1.05109799
distillation,bn,85,-0.071709,1.12329936
distillation,bn,86,-0.027245,1.00560999
distillation,bn,87,0.069218,1.0411061
distillation,bn,88,-0.00213,0.99938649
distillation,bn,89,0.106887,1.06768
distillation,bn,90,-0.110221,1.06554699
distillation,bn,91,0.026747,0.85951191
distillation,bn,92,-0.167803,0.87809557
distillation,bn,93,-0.056324,1.06002975
distillation,bn,94,0.055589,0.96529609
distillation,bn,95,0.026742,0.96487921
distillation,bn,96,0.122466,1.04623091
distillation,bn,97,-0.019924,0.97982436
distillation,bn,98,0.154193,0.9710145
distillation,bn,99,0.018561,0.92746228
distillation,bn,100,0.046087,0.9245519
distillation,bn,101,0.03207,0.94823682
distillation,bn,102,-0.284753,1.00831258
distillation,bn,103,-0.083837,1.01337588
distillation,bn,104,0.035745,1.09656405
distillation,bn,105,0.08384,0.91460174
distillation,bn,106,-0.008619,1.02910483
distillation,bn,107,-0.09075,0.9968074
distillation,bn,108,0.029614,0.99038666
distillation,bn,109,0.01735,1.11010504
distillation,bn,110,-0.0568,1.09201574
distillation,bn,111,0.118388,0.97760469
distillation,bn,112,-0.180604,1.02741635
distillation,bn,113,0.137838,1.09634233
distillation,bn,114,0.00961,1.11606705
distillation,bn,115,0.123212,1.00539505
distillation,bn,116,-0.130347,1.0709188
distillation,bn,117,-0.048484,0.85683101
distillation,bn,118,-0.285814,0.94888234
distillation,bn,119,0.010208,0.95303249
distillation,bn,120,-0.081504,0.9787569
distillation,bn,121,-0.164522,0.88767499
distillation,bn,122,-0.069875,1.00796294
distillation,bn,123,-0.112589,1.03746426
distillation,bn,124,0.026248,0.95335573
distillation,bn,125,-0.090361,1.0667057
distillation,bn,126,0.048946,1.0040071
distillation,bn,127,-0.011969,0.96578622
distillation,bn,128,0.046278,0.99946588
distillation,bn,129,0.086165,0.93629068
distillation,bn,130,-0.021315,0.91988742
distillation,bn,131,-0.108785,1.01450527
distillation,bn,132,0.105038,0.96361363
distillation,bn,133,-0.050394,0.98287696
distillation,bn,134,0.127058,0.90344721
distillation,bn,135,-0.144748,1.31753659
distillation,bn,136,0.150102,1.02287817
distillation,bn,137,0.28251,1.1665988
distillation,bn,138,0.204434,1.02842438
distillation,bn,139,-0.081601,1.02099001
distillation,bn,140,0.081713,1.04150331
distillation,bn,141,-0.106867,1.0860765
distillation,bn,142,0.114505,1.20770133
distillation,bn,143,-0.124227,1.11000347
distillation,bn,144,-0.101719,1.01556206
distillation,bn,145,-0.142287,1.10016203
distillation,bn,146,0.10791,1.21431744
distillation,bn,147,0.000208,0.98088741
distillation,bn,148,0.071339,1.05281961
distillation,bn,149,-0.043823,1.01859748
distillation,bn,150,0.017054,1.22558033
distillation,bn,151,0.184178,1.01281524
distillation,bn,152,-0.095326,1.29696536
distillation,bn,153,0.053879,0.85711861
distillation,bn,154,0.201508,1.08107769
distillation,bn,155,-0.062907,1.02406454
distillation,bn,156,0.001761,1.0962373
distillation,bn,157,-0.031838,1.15376782
distillation,bn,158,0.07623,1.07564807
distillation,bn,159,-0.029328,0.99452007
distillation,bn,160,0.062699,1.09011292
distillation,bn,161,0.049812,0.98216116
distillation,bn,162,0.090105,0.99073195
distillation,bn,163,0.061299,1.13857007
distillation,bn,164,0.107518,0.88179499
distillation,bn,165,-0.156931,1.27916634
distillation,bn,166,0.052914,0.99679601
distillation,bn,167,-0.041977,1.04458737
distillation,bn,168,-0.054693,1.07435656
distillation,bn,169,0.0003,0.92151868
distillation,bn,170,0.167738,1.2694124
distillation,bn,171,-0.149598,0.98978162
distillation,bn,172,0.072243,1.21069539
distillation,bn,173,0.021447,1.05193615
distillation,bn,174,-0.106123,1.00245547
distillation,bn,175,0.173275,1.03406417
distillation,bn,176,0.021536,1.1326251
distillation,bn,177,-0.035157,1.02816653
distillation,bn,178,-0.103639,1.20028853
distillation,bn,179,-0.083807,1.03860974
distillation,bn,180,-0.070391,1.06712675
distillation,bn,181,-0.006423,1.16434848
distillation,bn,182,-0.012603,1.06170428
distillation,bn,183,0.099046,1.06262124
distillation,bn,184,0.060752,1.053864
distillation,bn,185,0.009441,1.10754323
distillation,bn,186,0.102644,1.16773415
distillation,bn,187,0.008605,0.9496752
distillation,bn,188,0.052901,1.10909629
distillation,bn,189,-0.001907,1.02463579
distillation,bn,190,-0.05799,1.04348302
distillation,bn,191,-0.071146,1.01636279
distillation,bn,192,0.195034,0.96594924
distillation,bn,193,-0.20004,1.05006504
distillation,bn,194,0.077885,1.178038
distillation,bn,195,-0.212574,1.11226928
distillation,bn,196,-0.051549,0.98453683
distillation,bn,197,0.17486,0.8526879
distillation,bn,198,0.021236,1.06552613
distillation,bn,199,0.006266,1.10574949
distillation,bn,200,-0.133381,1.00706315
distillation,bn,201,0.224088,0.9923839
distillation,bn,202,-0.012215,0.9002105
distillation,bn,203,-0.206056,0.93567932
distillation,bn,204,-0.067328,1.03203177
distillation,bn,205,-0.040778,0.95630842
distillation,bn,206,-0.136387,1.11256063
distillation,bn,207,-0.007548,1.08844602
distillation,bn,208,0.058619,0.96093965
distillation,bn,209,0.099427,1.09702969
distillation,bn,210,0.022495,1.02465606
distillation,bn,211,0.08439,0.95024818
distillation,bn,212,-0.03452,0.96662164
distillation,bn,213,0.010325,1.13459361
distillation,bn,214,-0.09494,1.17865765
distillation,bn,215,0.103211,1.07773411
distillation,bn,216,0.060573,0.96111125
distillation,bn,217,0.049264,1.19304383
distillation,bn,218,0.025817,0.93926412
distillation,bn,219,-0.081054,1.10481906
distillation,bn,220,0.043446,0.99914575
distillation,bn,221,0.112021,1.03268266
distillation,bn,222,0.040731,1.12302125
distillation,bn,223,-0.010753,0.91243911
distillation,bn,224,-0.031547,0.95821792
distillation,bn,225,0.306538,1.1923095
distillation,bn,226,-0.008031,1.18396103
distillation,bn,227,0.203121,1.03178072
distillation,bn,228,0.011528,1.00170851
distillation,bn,229,-0.126273,1.11526978
distillation,bn,230,-0.10067,1.12688363
distillation,bn,231,0.012103,1.13911951
distillation,bn,232,-0.013625,1.22038031
distillation,bn,233,-0.072952,1.02953506
distillation,bn,234,-0.06144,1.01643503
distillation,bn,235,-0.267353,0.96322793
distillation,bn,236,0.234212,1.12052321
distillation,bn,237,-0.025564,0.96831936
distillation,bn,238,-0.117073,1.06576574
distillation,bn,239,0.171406,1.04632521
distillation,bn,240,-0.121574,0.94235343
distillation,bn,241,-0.073424,0.99571693
distillation,bn,242,-0.13354,1.01040542
distillation,bn,243,-0.050424,1.15288782
distillation,bn,244,-0.169257,1.03043079
distillation,bn,245,0.071478,0.90816975
distillation,bn,246,0.080452,0.97464144
distillation,bn,247,-0.056832,1.03658485
distillation,bn,248,-0.026984,0.8697297
distillation,bn,249,-0.089847,0.98826319
distillation,bn,250,-0.005334,0.89218849
distillation,bn,251,0.140518,1.13670862
distillation,bn,252,0.150934,1.23687828
distillation,bn,253,-0.177452,0.93856728
distillation,bn,254,0.055707,0.86078191
distillation,bn,255,-0.079263,1.07168031
distillation,bn,256,0.031068,1.16359234
distillation,bn,257,0.035768,1.06983781
distillation,bn,258,0.162831,1.10340822
distillation,bn,259,-0.102326,1.22225308
distillation,bn,260,0.115234,1.03220332
distillation,bn,261,-0.122019,1.1024965
distillation,bn,262,0.068762,1.15986276
distillation,bn,263,-0.021475,1.11874914
distillation,bn,264,-0.018137,1.19305551
distillation,bn,265,0.173975,1.0869385
distillation,bn,266,-0.092341,1.2347517
distillation,bn,267,-0.184892,0.98779619
distillation,bn,268,-0.007698,1.09229112
distillation,bn,269,0.005198,1.02660751
distillation,bn,270,0.00378,1.27138329
distillation,bn,271,0.116552,1.06627929
distillation,bn,272,-0.034206,1.10993624
distillation,bn,273,-0.011917,1.32156241
distillation,bn,274,0.083595,1.20736945
distillation,bn,275,-0.10152,1.03204429
distillation,bn,276,0.124464,1.359936
distillation,bn,277,0.119217,1.43781257
distillation,bn,278,-0.10505,1.06950259
distillation,bn,279,0.044971,1.02827203
distillation,bn,280,0.087807,1.2475841
distillation,bn,281,-0.146627,1.05809975
distillation,bn,282,-0.185185,1.21420038
distillation,bn,283,0.12491,1.17763889
distillation,bn,284,0.080975,1.09149456
distillation,bn,285,-0.081715,1.21856499
distillation,bn,286,0.090847,1.04840112
distillation,bn,287,-0.011911,1.3411665
distillation,bn,288,0.017525,1.21644342
distillation,bn,289,0.086598,1.20852757
distillation,bn,290,-0.17546,1.2394222
distillation,bn,291,0.103278,1.18760383
distillation,bn,292,-0.180125,1.09850931
distillation,bn,293,0.226583,1.16284764
distillation,bn,294,-0.04554,1.02625525
distillation,bn,295,-0.121599,1.30707383
distillation,bn,296,-0.154379,1.08202922
distillation,bn,297,-0.057417,1.17071354
distillation,bn,298,-0.004339,1.09294462
distillation,bn,299,0.001454,1.00718689
distillation,bn,300,0.178357,1.11682487
distillation,bn,301,-0.010826,1.13769984
distillation,bn,302,-0.135637,1.23612559
distillation,bn,303,0.071588,1.15074837
distillation,bn,304,0.028425,1.15957654
distillation,bn,305,0.025595,1.18489814
distillation,bn,306,0.094173,1.20247018
distillation,bn,307,-0.430721,1.38832927
distillation,bn,308,-0.116884,1.02611279
distillation,bn,309,0.020137,1.23564541
distillation,bn,310,-0.123627,1.18153608
distillation,bn,311,0.012045,1.03280079
distillation,bn,312,0.115556,1.01327384
distillation,bn,313,0.119666,0.91911447
distillation,bn,314,-0.086516,1.04822183
distillation,bn,315,-0.046956,1.2151947
distillation,bn,316,-0.060959,1.31193054
distillation,bn,317,0.394696,1.39038348
distillation,bn,318,0.166308,1.19853663
distillation,bn,319,-0.137543,1.22258186
distillation,bn,320,-0.065038,1.03617847
distillation,bn,321,-0.119589,1.04975533
distillation,bn,322,0.040344,1.24081075
distillation,bn,323,0.089167,1.12490892
distillation,bn,324,-0.026531,1.08722198
distillation,bn,325,0.091288,0.98670846
distillation,bn,326,0.011137,1.16094148
distillation,bn,327,-0.263919,1.13038564
distillation,bn,328,-0.180422,1.1198231
distillation,bn,329,0.137956,1.04553592
distillation,bn,330,-0.058315,1.05509031
distillation,bn,331,0.070957,1.15865016
distillation,bn,332,0.059943,1.12194097
distillation,bn,333,0.124435,1.17915678
distillation,bn,334,-0.033716,1.07624626
distillation,bn,335,0.214416,1.10060191
distillation,bn,336,-0.073464,1.17850709
distillation,bn,337,-0.237999,1.11079466
distillation,bn,338,-0.084376,1.12197554
distillation,bn,339,0.072775,1.16666961
distillation,bn,340,-0.091392,1.07946897
distillation,bn,341,-0.141183,1.07190335
distillation,bn,342,0.018673,1.06103671
distillation,bn,343,0.019966,1.15772235
distillation,bn,344,0.005062,1.27414942
distillation,bn,345,0.122205,1.30899084
distillation,bn,346,-0.09635,1.03452277
distillation,bn,347,0.013036,1.10721028
distillation,bn,348,-0.220826,1.09464192
distillation,bn,349,0.005332,1.08828413
distillation,bn,350,0.074579,1.19371593
distillation,bn,351,-0.036067,1.09024513
distillation,bn,352,-0.155829,1.14716935
distillation,bn,353,0.011788,1.18516827
distillation,bn,354,0.133233,1.13292968
distillation,bn,355,0.059375,0.96222055
distillation,bn,356,-0.097161,1.24991536
distillation,bn,357,-0.069188,1.05393887
distillation,bn,358,0.069722,0.98397714
distillation,bn,359,-0.037288,0.96909755
distillation,bn,360,-0.021868,1.15240514
distillation,bn,361,-0.118955,1.31889057
distillation,bn,362,-0.026618,1.04363608
distillation,bn,363,-0.132719,1.24395001
distillation,bn,364,0.071102,1.19849479
distillation,bn,365,-0.052247,1.13152266
distillation,bn,366,-0.062192,1.25105238
distillation,bn,367,-0.274227,1.18479323
distillation,bn,368,0.215547,1.1225909
distillation,bn,369,-0.175902,1.06798899
distillation,bn,370,-0.031512,1.10177553
distillation,bn,371,-0.033791,1.12310886
distillation,bn,372,-0.035698,0.95767903
distillation,bn,373,0.079117,1.00656378
distillation,bn,374,0.025652,1.20878363
distillation,bn,375,0.052141,1.09329569
distillation,bn,376,0.082988,1.38733041
distillation,bn,377,-0.021913,1.12790024
distillation,bn,378,0.026165,1.12800479
distillation,bn,379,0.034078,1.31085837
distillation,bn,380,-0.207969,1.12966835
distillation,bn,381,0.047261,1.05040729
distillation,bn,382,-0.027816,1.14128661
distillation,bn,383,-0.083538,1.12395585
distillation,bn,384,0.080819,1.00312555
distillation,bn,385,0.159967,1.16580844
distillation,bn,386,0.084971,1.16827393
distillation,bn,387,-0.05725,1.32758021
distillation,bn,388,0.145606,1.09556961
distillation,bn,389,0.109048,1.16985691
distillation,bn,390,0.017217,1.10423124
distillation,bn,391,0.082905,1.04469323
distillation,bn,392,0.021734,1.12443149
distillation,bn,393,0.062176,1.07808936
distillation,bn,394,-0.022865,1.14653993
distillation,bn,395,-0.019366,1.18780577
distillation,bn,396,-0.263044,1.16760743
distillation,bn,397,-0.077091,1.19983208
distillation,bn,398,0.114715,1.24012125
distillation,bn,399,-0.115531,1.11369801
distillation,bn,400,-0.008249,1.09480464
distillation,bn,401,-0.137782,1.16439247
distillation,bn,402,-0.099866,1.10058129
distillation,bn,403,-0.015189,1.03507304
distillation,bn,404,-0.074239,1.02721095
distillation,bn,405,0.069107,1.17856586
distillation,bn,406,-0.00414,1.02795029
distillation,bn,407,-0.008147,1.11977637
distillation,bn,408,0.115326,1.1544323
distillation,bn,409,0.018016,1.18205786
distillation,bn,410,-0.016167,1.05797136
distillation,bn,411,-0.030486,0.91418022
distillation,bn,412,0.012407,1.07052779
distillation,bn,413,-0.155525,1.23010945
distillation,bn,414,-0.020721,0.94350606
distillation,bn,415,-0.210951,1.05516577
distillation,bn,416,0.04019,1.17040288
distillation,bn,417,-0.009974,1.11214447
distillation,bn,418,0.000367,1.14289916
distillation,bn,419,-0.000905,1.10861492
distillation,bn,420,0.128321,1.0815227
distillation,bn,421,0.1313,0.94922698
distillation,bn,422,0.112027,1.29064882
distillation,bn,423,0.104715,1.16280615
distillation,bn,424,-0.046371,1.08374393
distillation,bn,425,-0.197963,1.04778159
distillation,bn,426,0.09335,1.19473362
distillation,bn,427,0.149461,1.10171783
distillation,bn,428,-0.113164,1.12938881
distillation,bn,429,0.116996,1.0823884
distillation,bn,430,0.099677,1.15671086
distillation,bn,431,0.074248,1.11999941
distillation,bn,432,-0.102508,1.07978463
distillation,bn,433,-0.026284,1.25930512
distillation,bn,434,0.012962,1.19690502
distillation,bn,435,0.039423,1.20729375
distillation,bn,436,-0.166484,1.04887521
distillation,bn,437,0.033413,0.97773391
distillation,bn,438,-0.193469,1.22105682
distillation,bn,439,0.150867,1.31254792
distillation,bn,440,-0.002237,1.07681775
distillation,bn,441,-0.08457,0.84018385
distillation,bn,442,-0.025358,1.31975579
distillation,bn,443,0.119938,1.14376414
distillation,bn,444,-0.030248,1.0540235
distillation,bn,445,-0.030479,1.10996735
distillation,bn,446,0.132366,1.10339785
distillation,bn,447,-0.152432,0.9665094
distillation,bn,448,0.099632,0.92483574
distillation,bn,449,0.131302,1.12670648
distillation,bn,450,-0.153943,0.9115364
distillation,bn,451,-0.040154,1.27642632
distillation,bn,452,0.073177,1.22913027
distillation,bn,453,0.144617,1.14695597
distillation,bn,454,0.022366,1.07737088
distillation,bn,455,0.209341,1.13416755
distillation,bn,456,0.093623,1.02291954
distillation,bn,457,0.191489,1.10106838
distillation,bn,458,0.048733,1.16744781
distillation,bn,459,0.039211,1.15085864
distillation,bn,460,-0.204675,1.02061999
distillation,bn,461,0.065477,1.15116513
distillation,bn,462,0.241889,1.12522948
distillation,bn,463,0.071659,1.03175402
distillation,bn,464,-0.004526,1.35479856
distillation,bn,465,-0.033559,1.03024209
distillation,bn,466,0.10681,1.13248229
distillation,bn,467,0.042367,1.2100352
distillation,bn,468,0.330014,1.08380187
distillation,bn,469,0.164334,1.30267382
distillation,bn,470,-0.024756,1.07823515
distillation,bn,471,-0.035862,1.22013724
distillation,bn,472,0.052817,1.04679716
distillation,bn,473,0.192682,1.08641827
distillation,bn,474,-0.151289,1.03804147
distillation,bn,475,-0.135242,0.99939442
distillation,bn,476,0.13166,1.1349889
distillation,bn,477,-0.177062,1.10571134
distillation,bn,478,0.055847,1.06825089
distillation,bn,479,-0.075944,1.27461445
distillation,bn,480,-0.053843,1.04656518
distillation,bn,481,-0.070465,1.00272179
distillation,bn,482,-0.122396,1.17346263
distillation,bn,483,0.060896,1.15982401
distillation,bn,484,-0.133829,1.02348483
distillation,bn,485,0.036477,1.23911321
distillation,bn,486,0.00054,1.01331222
distillation,bn,487,-0.054709,1.07707894
distillation,bn,488,0.025031,1.08383548
distillation,bn,489,-0.073899,1.08198702
distillation,bn,490,-0.026099,1.33155751
distillation,bn,491,-0.008789,1.19363558
distillation,bn,492,-0.223717,1.12467015
distillation,bn,493,-0.157865,1.01589131
distillation,bn,494,-0.100893,0.94339734
distillation,bn,495,-0.02761,1.04886758
distillation,bn,496,0.024336,1.19655263
distillation,bn,497,-0.025449,1.22053599
distillation,bn,498,0.050055,1.04845846
distillation,bn,499,0.113015,1.39363945
distillation,bn,500,0.015682,1.17737782
distillation,bn,501,0.012345,1.16064107
distillation,bn,502,-0.001107,0.9103846
distillation,bn,503,0.005386,1.0414784
distillation,bn,504,-0.011382,1.05210626
distillation,bn,505,-0.024929,1.29389131
distillation,bn,506,-0.025105,1.17727053
distillation,bn,507,-0.189902,1.22740936
distillation,bn,508,0.106755,1.22480047
distillation,bn,509,-0.011932,1.22738028
distillation,bn,510,0.157774,1.31833351
distillation,bn,511,-0.110065,1.13176763
distillation,bn,512,-0.23165,0.90856677
distillation,bn,513,0.141901,1.1443696
distillation,bn,514,-0.078359,0.95159316
distillation,bn,515,0.310581,0.99882299
distillation,bn,516,0.014683,0.88769686
distillation,bn,517,0.128106,0.90502965
distillation,bn,518,-0.015629,0.85058284
distillation,bn,519,0.040003,0.87795079
distillation,bn,520,0.035052,0.93370908
distillation,bn,521,0.079498,0.86795795
distillation,bn,522,0.080561,0.83544648
distillation,bn,523,-0.043423,0.84158123
distillation,bn,524,-0.021031,0.8409633
distillation,bn,525,-0.110228,0.95115656
distillation,bn,526,-0.086412,0.88880032
distillation,bn,527,-0.053626,1.07464123
distillation,bn,528,0.031613,0.95266765
distillation,bn,529,-0.158994,0.97356522
distillation,bn,530,-0.013241,0.99212605
distillation,bn,531,0.079931,0.93544745
distillation,bn,532,0.045188,0.9842124
distillation,bn,533,-0.072098,0.85612923
distillation,bn,534,0.008599,0.80105871
distillation,bn,535,-0.032987,0.86245453
distillation,bn,536,-0.131659,0.99506277
distillation,bn,537,0.099709,0.98664623
distillation,bn,538,0.052675,0.83279067
distillation,bn,539,0.109366,1.0494231
distillation,bn,540,0.157519,0.95167571
distillation,bn,541,-0.045042,0.87857962
distillation,bn,542,0.05337,0.86933011
distillation,bn,543,-0.128345,1.01108754
distillation,bn,544,0.195056,0.88128966
distillation,bn,545,-0.097638,0.92392719
distillation,bn,546,0.053668,0.90340149
distillation,bn,547,0.190752,0.94484758
distillation,bn,548,0.191146,0.7638675
distillation,bn,549,-0.042926,0.88449919
distillation,bn,550,-0.082989,0.95105976
distillation,bn,551,0.105047,0.98436838
distillation,bn,552,0.144687,0.91779792
distillation,bn,553,0.25606,0.95920706
distillation,bn,554,-0.043308,1.13983202
distillation,bn,555,-0.069201,1.07264173
distillation,bn,556,0.089301,0.96137047
distillation,bn,557,0.010673,1.04588568
distillation,bn,558,-0.087629,0.88295978
distillation,bn,559,0.092306,0.82785559
distillation,bn,560,0.051589,0.9746471
distillation,bn,561,0.05707,0.92756367
distillation,bn,562,0.130323,0.99339098
distillation,bn,563,0.087521,0.93728083
distillation,bn,564,0.077631,0.89596671
distillation,bn,565,0.096962,0.8751353
distillation,bn,566,-0.216282,0.78731501
distillation,bn,567,-0.045576,0.93646061
distillation,bn,568,0.112756,0.88223416
distillation,bn,569,-0.012181,0.92310798
distillation,bn,570,-0.013216,0.81870514
distillation,bn,571,-0.129921,0.88681972
distillation,bn,572,-0.020047,0.8935461
distillation,bn,573,0.103265,0.83760756
distillation,bn,574,0.101853,1.03055549
distillation,bn,575,-0.086565,1.07821345
distillation,bn,576,-0.106799,0.91869187
distillation,bn,577,0.039228,0.8507334
distillation,bn,578,-0.066576,0.98500776
distillation,bn,579,0.16902,1.00863743
distillation,bn,580,0.069865,1.00157142
distillation,bn,581,-0.185371,0.81318766
distillation,bn,582,0.058372,0.97892565
distillation,bn,583,-0.096745,0.80263203
distillation,bn,584,-0.088447,0.98842192
distillation,bn,585,0.055027,0.88708788
distillation,bn,586,-0.128913,1.09128547
distillation,bn,587,0.081607,0.86095303
distillation,bn,588,-0.01464,0.92091346
distillation,bn,589,-0.211169,0.91356182
distillation,bn,590,0.084554,0.87580991
distillation,bn,591,-0.083301,1.01656997
distillation,bn,592,-0.009167,0.88768739
distillation,bn,593,-0.172079,0.89653575
distillation,bn,594,-0.050401,0.87747842
distillation,bn,595,0.004063,0.95205176
distillation,bn,596,-0.173332,0.82400131
distillation,bn,597,-0.022691,0.86764425
distillation,bn,598,-0.048601,0.77176648
distillation,bn,599,-0.043841,0.85129797
distillation,bn,600,0.076159,0.93285251
distillation,bn,601,-0.054334,0.9826352
distillation,bn,602,0.173149,0.89826053
distillation,bn,603,-0.179659,0.83235854
distillation,bn,604,-0.016684,0.86894429
distillation,bn,605,0.02673,0.8226456
distillation,bn,606,-0.026951,0.88454938
distillation,bn,607,0.007596,1.06502402
distillation,bn,608,0.115865,1.05801952
distillation,bn,609,-0.123699,0.91161907
distillation,bn,610,0.040256,0.82315528
distillation,bn,611,0.11345,1.05971408
distillation,bn,612,-0.076321,0.84169453
distillation,bn,613,-0.087376,0.85606343
distillation,bn,614,0.016169,0.84758824
distillation,bn,615,-0.044985,0.99446958
distillation,bn,616,-0.113069,0.86390853
distillation,bn,617,0.023342,1.02451491
distillation,bn,618,-0.008369,0.87417042
distillation,bn,619,-0.004819,1.05559623
distillation,bn,620,-0.163842,1.0209111
distillation,bn,621,0.071783,0.99564373
distillation,bn,622,0.072808,0.94777167
distillation,bn,623,-0.024726,0.86606807
distillation,bn,624,0.124764,0.89510363
distillation,bn,625,0.029666,0.91257179
distillation,bn,626,0.018796,1.10776544
distillation,bn,627,0.06544,0.85460812
distillation,bn,628,-0.084873,1.04716504
distillation,bn,629,-0.052886,0.91255039
distillation,bn,630,0.157359,0.82683307
distillation,bn,631,-0.083647,0.87348503
distillation,bn,632,-0.188662,0.93709046
distillation,bn,633,-0.144019,0.96620661
distillation,bn,634,0.096665,0.95095229
distillation,bn,635,0.002776,0.88747269
distillation,bn,636,0.003266,0.87501955
distillation,bn,637,-0.128132,0.8408584
distillation,bn,638,-0.032357,0.95306289
distillation,bn,639,-0.038695,0.99747813
distillation,bn,640,-0.015147,1.00845969
distillation,bn,641,-0.024624,0.83554965
distillation,bn,642,-0.150135,0.93370646
distillation,bn,643,0.089373,0.87922895
distillation,bn,644,-0.016689,1.10564172
distillation,bn,645,-0.057332,0.87405419
distillation,bn,646,-0.07642,0.90237617
distillation,bn,647,0.05635,0.88527781
distillation,bn,648,0.005465,0.85306913
distillation,bn,649,0.018285,0.90818894
distillation,bn,650,-0.050663,0.92806637
distillation,bn,651,0.061976,0.9463622
distillation,bn,652,0.016792,1.09800088
distillation,bn,653,-0.101354,0.77665931
distillation,bn,654,0.00468,0.96080154
distillation,bn,655,0.045705,0.91079289
distillation,bn,656,0.159033,0.92310816
distillation,bn,657,0.165966,0.96722746
distillation,bn,658,-0.186594,0.86420625
distillation,bn,659,-0.166149,1.03544056
distillation,bn,660,-0.077427,0.86997616
distillation,bn,661,-0.046769,1.00805819
distillation,bn,662,-0.047925,0.96334982
distillation,bn,663,0.003347,1.02470374
distillation,bn,664,-0.027261,0.92496085
distillation,bn,665,0.091195,1.00266075
distillation,bn,666,0.175379,0.83873552
distillation,bn,667,0.011322,0.91829723
distillation,bn,668,0.10363,0.89619118
distillation,bn,669,-0.170376,0.81326944
distillation,bn,670,0.066262,0.79641145
distillation,bn,671,0.000697,0.8420738
distillation,bn,672,0.157302,0.77724278
distillation,bn,673,-0.017599,0.89923239
distillation,bn,674,-0.041534,0.95225871
distillation,bn,675,0.076564,0.98455346
distillation,bn,676,-0.029817,0.90672326
distillation,bn,677,0.00954,0.89877361
distillation,bn,678,0.127448,0.98672056
distillation,bn,679,-0.06312,0.92195511
distillation,bn,680,0.110134,1.02017474
distillation,bn,681,-0.053963,0.99990308
distillation,bn,682,0.038141,0.91257882
distillation,bn,683,0.063328,1.03158414
distillation,bn,684,-0.064722,0.84174043
distillation,bn,685,-0.0734,0.92149377
distillation,bn,686,0.012245,1.00308394
distillation,bn,687,-0.127564,0.88450354
distillation,bn,688,0.193553,0.91713941
distillation,bn,689,-3.5e-05,0.93446374
distillation,bn,690,0.13633,0.84927571
distillation,bn,691,-0.017365,0.86519396
distillation,bn,692,-0.006372,0.89329857
distillation,bn,693,-0.021592,1.05513418
distillation,bn,694,-0.072699,0.87584341
distillation,bn,695,-0.126882,0.92023373
distillation,bn,696,-0.12717,1.06533909
distillation,bn,697,0.159748,1.02936637
distillation,bn,698,0.019961,0.97754031
distillation,bn,699,0.072518,0.88767248
distillation,bn,700,0.138719,0.83276069
distillation,bn,701,0.075293,0.82618517
distillation,bn,702,-0.000683,0.94218475
distillation,bn,703,-0.009316,1.04724789
distillation,bn,704,0.189797,0.90412503
distillation,bn,705,-0.118556,0.93522906
distillation,bn,706,-0.133409,0.86025876
distillation,bn,707,0.171384,0.92661923
distillation,bn,708,-0.185025,1.10539651
distillation,bn,709,-0.06013,1.00905967
distillation,bn,710,-0.208294,0.98855221
distillation,bn,711,0.028356,0.85983253
distillation,bn,712,0.078625,0.87095249
distillation,bn,713,-0.165711,0.92453176
distillation,bn,714,-0.106213,0.82594919
distillation,bn,715,0.047627,0.84351361
distillation,bn,716,-0.037559,1.03240669
distillation,bn,717,0.02049,0.92997712
distillation,bn,718,0.033921,0.90104681
distillation,bn,719,-0.034591,1.08893585
distillation,bn,720,-0.19164,1.00617325
distillation,bn,721,-0.061646,0.80948651
distillation,bn,722,0.000357,1.07383549
distillation,bn,723,0.016783,0.85226041
distillation,bn,724,0.118679,0.94204015
distillation,bn,725,-0.100278,0.94656819
distillation,bn,726,0.008355,0.83432174
distillation,bn,727,-0.010207,0.92502457
distillation,bn,728,0.034029,1.0026046
distillation,bn,729,-0.123381,1.00145793
distillation,bn,730,0.162349,0.99143034
distillation,bn,731,-0.120101,0.89119065
distillation,bn,732,-0.035089,0.74116027
distillation,bn,733,0.06309,0.87631196
distillation,bn,734,-0.076795,0.94007456
distillation,bn,735,0.017029,0.94275153
distillation,bn,736,0.012934,1.00925148
distillation,bn,737,-0.030075,0.83543867
distillation,bn,738,-0.082946,0.95145601
distillation,bn,739,0.242973,0.75139707
distillation,bn,740,-0.006326,0.90898734
distillation,bn,741,-0.097722,0.86112368
distillation,bn,742,-0.104149,0.89090472
distillation,bn,743,-0.05162,0.86046255
distillation,bn,744,-0.029552,0.8115477
distillation,bn,745,-0.219989,0.92105061
distillation,bn,746,0.02094,0.92509985
distillation,bn,747,0.093647,0.92530197
distillation,bn,748,-0.148772,0.99572647
distillation,bn,749,0.121637,0.93857646
distillation,bn,750,0.085186,0.92441118
distillation,bn,751,0.049522,0.89472985
distillation,bn,752,-0.004438,0.95278013
distillation,bn,753,0.109777,0.84530747
distillation,bn,754,-0.041508,0.8673718
distillation,bn,755,-0.080181,0.95423216
distillation,bn,756,0.213774,1.01748836
distillation,bn,757,0.204776,0.97351092
distillation,bn,758,0.090171,0.90953565
distillation,bn,759,-0.031473,0.84173679
distillation,bn,760,-0.052257,0.97224677
distillation,bn,761,-0.037985,0.7846728
distillation,bn,762,-0.01624,1.07380915
distillation,bn,763,-0.283689,0.87878191
distillation,bn,764,0.082326,0.95023537
distillation,bn,765,-0.077855,0.97520471
distillation,bn,766,-0.09694,0.86127794
distillation,bn,767,0.075596,0.95400214
distillation,bn,768,0.017134,0.86737651
distillation,bn,769,-0.152342,0.89332682
distillation,bn,770,-0.133096,0.93429214
distillation,bn,771,0.088937,0.90370113
distillation,bn,772,0.105843,0.94208354
distillation,bn,773,0.042525,0.86139637
distillation,bn,774,-0.092621,0.87645459
distillation,bn,775,0.057827,0.86638546
distillation,bn,776,0.003215,1.08639419
distillation,bn,777,0.114814,0.8201229
distillation,bn,778,-0.043626,0.7964769
distillation,bn,779,-0.032815,0.90407026
distillation,bn,780,0.122664,0.91934246
distillation,bn,781,-0.008743,0.9618696
distillation,bn,782,0.190346,1.03044891
distillation,bn,783,0.024497,0.80686378
distillation,bn,784,-0.148558,0.90838629
distillation,bn,785,-0.083107,0.95848268
distillation,bn,786,0.086997,0.83701283
distillation,bn,787,-0.024807,0.94621718
distillation,bn,788,0.000376,0.93750745
distillation,bn,789,0.050279,0.80013025
distillation,bn,790,-0.039355,0.78495944
distillation,bn,791,-0.185226,0.99676538
distillation,bn,792,0.015231,0.86502427
distillation,bn,793,0.047918,0.88404632
distillation,bn,794,-0.001783,0.78392458
distillation,bn,795,-0.024094,0.96359897
distillation,bn,796,-0.091874,0.95209426
distillation,bn,797,-0.065959,0.961106
distillation,bn,798,-0.082657,0.89240658
distillation,bn,799,-0.239198,0.93649358
distillation,bn,800,0.090472,0.85348982
distillation,bn,801,0.067475,0.84825617
distillation,bn,802,0.127643,0.80172431
distillation,bn,803,0.194533,0.91782928
distillation,bn,804,-0.061697,0.9632026
distillation,bn,805,-0.067731,1.15515566
distillation,bn,806,0.03167,0.92452759
distillation,bn,807,-0.161925,0.88713878
distillation,bn,808,0.116093,0.97486961
distillation,bn,809,-0.016722,0.9123112
distillation,bn,810,0.022174,0.99550581
distillation,bn,811,0.025619,0.85993671
distillation,bn,812,0.094454,0.86361772
distillation,bn,813,-0.003578,0.86207718
distillation,bn,814,0.124982,0.83358741
distillation,bn,815,-0.059577,1.11648989
distillation,bn,816,0.044539,0.96534914
distillation,bn,817,0.102905,1.01968837
distillation,bn,818,-0.009076,0.92240775
distillation,bn,819,-0.053393,0.92979199
distillation,bn,820,-0.100533,1.15200365
distillation,bn,821,0.197169,1.04512131
distillation,bn,822,0.043307,0.8938064
distillation,bn,823,-0.133339,0.82224792
distillation,bn,824,-0.090982,0.98613787
distillation,bn,825,0.049629,0.94035137
distillation,bn,826,0.127041,1.06306672
distillation,bn,827,-0.066032,0.86761248
distillation,bn,828,0.084884,0.89211434
distillation,bn,829,0.118583,1.03343344
distillation,bn,830,0.014848,1.09858334
distillation,bn,831,-0.139219,0.99522007
distillation,bn,832,0.090063,0.82967454
distillation,bn,833,-0.044676,0.88388002
distillation,bn,834,0.104904,0.9799276
distillation,bn,835,0.11972,0.77026969
distillation,bn,836,0.031429,0.90237361
distillation,bn,837,-0.072562,0.87098652
distillation,bn,838,0.038885,0.92846733
distillation,bn,839,-0.08909,0.86656237
distillation,bn,840,-0.049489,0.85059142
distillation,bn,841,-0.01288,1.09829402
distillation,bn,842,0.145979,1.05812192
distillation,bn,843,-0.168119,0.95607889
distillation,bn,844,0.058772,0.89253443
distillation,bn,845,0.054566,0.82587504
distillation,bn,846,0.115997,0.9629299
distillation,bn,847,0.083166,1.04618514
distillation,bn,848,0.150698,1.08267188
distillation,bn,849,0.256682,0.8959524
distillation,bn,850,-0.168771,1.01185381
distillation,bn,851,-0.023971,0.98096788
distillation,bn,852,-0.053986,0.88474727
distillation,bn,853,0.150145,0.83040893
distillation,bn,854,-0.180724,0.91895527
distillation,bn,855,0.110198,0.87040925
distillation,bn,856,-0.06998,0.95601052
distillation,bn,857,-0.009908,0.91321164
distillation,bn,858,0.073947,0.98891622
distillation,bn,859,0.025881,0.95018446
distillation,bn,860,-0.014356,1.02028346
distillation,bn,861,-0.105835,0.9320209
distillation,bn,862,-0.13213,0.90720749
distillation,bn,863,-0.154817,0.95121348
distillation,bn,864,0.12848,0.85630125
distillation,bn,865,0.07705,0.92666346
distillation,bn,866,0.299275,1.00816596
distillation,bn,867,-0.202009,1.07154405
distillation,bn,868,-0.133542,0.96229762
distillation,bn,869,-0.000864,0.92111379
distillation,bn,870,0.056572,1.15733469
distillation,bn,871,0.287463,0.87316358
distillation,bn,872,-0.028603,1.07717681
distillation,bn,873,-0.179504,0.89487612
distillation,bn,874,0.098482,0.92392612
distillation,bn,875,0.112528,1.01269424
distillation,bn,876,0.102249,0.98577535
distillation,bn,877,-0.15941,0.93214601
distillation,bn,878,0.040061,0.84012127
distillation,bn,879,0.133482,0.98284942
distillation,bn,880,-0.02899,0.87211281
distillation,bn,881,0.003201,0.91616291
distillation,bn,882,-0.017303,1.0932548
distillation,bn,883,0.060165,0.87890214
distillation,bn,884,-0.072444,0.79369479
distillation,bn,885,0.026478,0.90768778
distillation,bn,886,-0.018989,0.88830763
distillation,bn,887,-0.139398,0.9338429
distillation,bn,888,-0.107192,1.09730327
distillation,bn,889,-0.088947,0.7265715
distillation,bn,890,0.001633,0.88132119
distillation,bn,891,-0.051054,1.0177319
distillation,bn,892,-0.268275,0.91713667
distillation,bn,893,0.018522,0.97717851
distillation,bn,894,-0.126645,0.96853358
distillation,bn,895,0.096649,0.93571144
distillation,bn,896,0.181035,0.94043195
distillation,bn,897,-0.025378,0.7702989
distillation,bn,898,-0.015689,0.9980675
distillation,bn,899,0.077657,1.04396307
distillation,bn,900,-0.128817,0.91455311
distillation,bn,901,0.038036,0.85089374
distillation,bn,902,-0.049918,0.83932424
distillation,bn,903,0.106707,0.93604678
distillation,bn,904,-0.008118,0.89157677
distillation,bn,905,0.076342,0.95637369
distillation,bn,906,-0.041779,0.92327839
distillation,bn,907,-0.101172,1.05592048
distillation,bn,908,0.148412,0.8544327
distillation,bn,909,0.019341,0.85876578
distillation,bn,910,-0.144786,0.92570007
distillation,bn,911,0.018662,0.95165706
distillation,bn,912,-0.087378,0.82249272
distillation,bn,913,0.016143,0.92948866
distillation,bn,914,0.005643,0.99740154
distillation,bn,915,-0.029966,0.7941063
distillation,bn,916,-0.069076,0.82332778
distillation,bn,917,0.158555,0.8780942
distillation,bn,918,0.06798,1.05024076
distillation,bn,919,0.045966,0.93774265
distillation,bn,920,0.085432,0.92760932
distillation,bn,921,0.156803,0.90947634
distillation,bn,922,0.084691,0.89687145
distillation,bn,923,-0.047002,0.96362543
distillation,bn,924,0.287843,0.90802985
distillation,bn,925,-0.082598,0.91101402
distillation,bn,926,0.081372,0.86036009
distillation,bn,927,-0.115563,1.0725317
distillation,bn,928,0.010373,1.06168711
distillation,bn,929,-0.123704,0.87544435
distillation,bn,930,-0.092078,0.82943034
distillation,bn,931,0.0965,1.03463292
distillation,bn,932,0.001104,0.77035469
distillation,bn,933,0.084588,0.85679889
distillation,bn,934,0.018751,0.84753406
distillation,bn,935,-0.051739,0.97906673
distillation,bn,936,-0.004209,1.0178225
distillation,bn,937,-0.170887,0.93129593
distillation,bn,938,-0.15729,0.85856009
distillation,bn,939,-0.20895,0.84689087
distillation,bn,940,0.006556,0.96528584
distillation,bn,941,0.09859,0.92848355
distillation,bn,942,-0.020118,0.92051518
distillation,bn,943,0.13087,0.8836329
distillation,bn,944,-0.023371,0.90989977
distillation,bn,945,0.002064,0.81842464
distillation,bn,946,0.051378,0.85158914
distillation,bn,947,0.001832,0.87685192
distillation,bn,948,-0.086506,0.95014405
distillation,bn,949,0.058081,0.76542956
distillation,bn,950,0.005627,0.8641988
distillation,bn,951,-0.148612,0.92942047
distillation,bn,952,-0.18262,0.90164948
distillation,bn,953,0.065463,0.87063009
distillation,bn,954,-0.162494,1.02553821
distillation,bn,955,-0.219314,0.92344505
distillation,bn,956,0.076215,1.01492608
distillation,bn,957,-0.085116,0.90628499
distillation,bn,958,-0.067473,1.1801455
distillation,bn,959,-0.010544,0.8945719
distillation,bn,960,0.003155,0.87539101
distillation,bn,961,0.069859,0.97554314
distillation,bn,962,-0.112897,0.94346684
distillation,bn,963,0.091145,0.86386818
distillation,bn,964,0.182974,0.89571214
distillation,bn,965,0.102468,0.70258409
distillation,bn,966,-0.239896,0.86689758
distillation,bn,967,0.056646,0.86378372
distillation,bn,968,0.066697,0.93831217
distillation,bn,969,-0.042311,0.89318293
distillation,bn,970,0.08139,0.8872878
distillation,bn,971,0.116128,1.16187537
distillation,bn,972,0.137655,0.85021788
distillation,bn,973,-0.017251,1.13987815
distillation,bn,974,-0.065488,0.96619111
distillation,bn,975,-0.001361,0.9921326
distillation,bn,976,0.094487,0.79754359
distillation,bn,977,0.063002,0.84805429
distillation,bn,978,0.229505,1.05701041
distillation,bn,979,0.086662,0.8922841
distillation,bn,980,0.036204,0.88076788
distillation,bn,981,-0.098648,0.79626375
distillation,bn,982,0.116135,1.04441774
distillation,bn,983,-0.150601,0.86972386
distillation,bn,984,0.032431,0.88591254
distillation,bn,985,0.110901,0.95765138
distillation,bn,986,0.019798,0.85788161
distillation,bn,987,0.113806,0.81688154
distillation,bn,988,0.275703,1.01196575
distillation,bn,989,0.233942,0.89815915
distillation,bn,990,0.014171,1.10742116
distillation,bn,991,-0.099158,0.96250266
distillation,bn,992,0.028863,1.03811336
distillation,bn,993,0.082057,0.8950088
distillation,bn,994,0.061425,0.88553149
distillation,bn,995,0.016659,1.04863131
distillation,bn,996,0.101933,0.81609124
distillation,bn,997,-0.00177,0.88366812
distillation,bn,998,-0.192178,0.84549165
distillation,bn,999,0.079852,0.83522397
distillation,bn,1000,0.040084,0.83953333
distillation,bn,1001,0.083775,0.84281951
distillation,bn,1002,-0.010547,0.84139729
distillation,bn,1003,-0.06708,1.0901432
distillation,bn,1004,0.118379,0.88182497
distillation,bn,1005,0.06668,0.89034235
distillation,bn,1006,0.178736,1.00338042
distillation,bn,1007,0.033722,1.11121786
distillation,bn,1008,-0.207393,0.95460421
distillation,bn,1009,0.053477,1.10600841
distillation,bn,1010,0.073822,0.81818837
distillation,bn,1011,-0.078811,0.81363606
distillation,bn,1012,0.066595,0.75836569
distillation,bn,1013,-0.063464,1.13068116
distillation,bn,1014,0.008602,1.01646018
distillation,bn,1015,-0.027317,0.85836065
distillation,bn,1016,-0.026651,0.93143719
distillation,bn,1017,0.186195,0.9739148
distillation,bn,1018,0.120259,1.02700853
distillation,bn,1019,-0.028891,1.05683768
distillation,bn,1020,-0.152642,0.99086714
distillation,bn,1021,-0.021236,0.86161423
distillation,bn,1022,0.10666,0.87372708
distillation,bn,1023,0.234242,0.92902929
distillation,z,0,-0.001537,0.00114713
distillation,z,1,0.003466,0.00143085
distillation,z,2,0.000694,0.00117045
distillation,z,3,0.002459,0.00122512
distillation,z,4,0.004844,0.00117956
distillation,z,5,-0.003557,0.00118521
distillation,z,6,0.001154,0.00121734
distillation,z,7,0.002572,0.00136371
distillation,z,8,0.00248,0.00115555
distillation,z,9,-0.005488,0.00106074
distillation,z,10,-0.003902,0.00110043
distillation,z,11,0.003831,0.00114231
distillation,z,12,0.001542,0.00103363
distillation,z,13,0.001255,0.00113807
distillation,z,14,0.005858,0.0011357
distillation,z,15,-0.001024,0.00109533
distillation,z,16,-0.000174,0.00101304
distillation,z,17,-0.001333,0.00097895
distillation,z,18,0.000726,0.00086653
distillation,z,19,-0.004862,0.00096354
distillation,z,20,0.00453,0.00100815
distillation,z,21,-0.005249,0.00094223
distillation,z,22,0.002629,0.00090638
distillation,z,23,-0.000547,0.0009524
distillation,z,24,0.002109,0.00094569
distillation,z,25,0.001069,0.00098325
distillation,z,26,0.00152,0.00104736
distillation,z,27,0.003536,0.0008831
distillation,z,28,0.001951,0.00105977
distillation,z,29,0.003161,0.001061
distillation,z,30,0.002602,0.00097076
distillation,z,31,-0.002107,0.00100477
distillation,z,32,0.001551,0.00107054
distillation,z,33,0.004815,0.00099808
distillation,z,34,0.00834,0.00102881
distillation,z,35,0.000502,0.0008911
distillation,z,36,-0.000831,0.00094891
distillation,z,37,0.000623,0.00089292
distillation,z,38,-0.000934,0.00097171
distillation,z,39,0.003618,0.00097866
distillation,z,40,-0.004641,0.00087092
distillation,z,41,0.003169,0.00088433
distillation,z,42,0.009834,0.00088029
distillation,z,43,-0.001395,0.00088905
distillation,z,44,0.001644,0.00081967
distillation,z,45,1.2e-05,0.00092277
distillation,z,46,-0.002344,0.00096498
distillation,z,47,0.000687,0.00093962
distillation,z,48,-0.00071,0.00102552
distillation,z,49,-0.001232,0.00099232
distillation,z,50,-0.003791,0.00093375
distillation,z,51,0.00022,0.00091085
distillation,z,52,-0.000316,0.00093247
distillation,z,53,0.000898,0.00089689
distillation,z,54,-0.003832,0.00100539
distillation,z,55,-0.005258,0.00089035
distillation,z,56,0.004086,0.00096043
distillation,z,57,-0.008066,0.00087943
distillation,z,58,0.001513,0.00092865
distillation,z,59,0.003133,0.00095733
distillation,z,60,0.000152,0.00095351
distillation,z,61,-0.003828,0.00083975
distillation,z,62,-0.001154,0.00116199
distillation,z,63,-0.001092,0.00093013
distillation,z,64,-0.001979,0.00099923
distillation,z,65,0.003234,0.00098307
distillation,z,66,0.002745,0.00094269
distillation,z,67,0.002747,0.00087298
distillation,z,68,-0.003553,0.00086305
distillation,z,69,-7.7e-05,0.00089188
distillation,z,70,-0.001712,0.0010202
distillation,z,71,-0.000628,0.00093642
distillation,z,72,0.004069,0.00138708
distillation,z,73,0.001673,0.00107424
distillation,z,74,0.007674,0.00089219
distillation,z,75,-0.003681,0.0009504
distillation,z,76,0.005484,0.00101775
distillation,z,77,0.000695,0.00099293
distillation,z,78,-0.003361,0.00105018
distillation,z,79,-0.001536,0.00106589
distillation,z,80,-0.001067,0.00090782
distillation,z,81,-0.003237,0.00089116
distillation,z,82,-0.003733,0.00105174
distillation,z,83,0.000129,0.00101997
distillation,z,84,0.000809,0.001
distillation,z,85,-0.001877,0.00109256
distillation,z,86,-0.000865,0.00092928
distillation,z,87,0.00247,0.00100715
distillation,z,88,-0.000595,0.00096872
distillation,z,89,0.003512,0.00099081
distillation,z,90,-0.003718,0.00102495
distillation,z,91,0.000829,0.00082776
distillation,z,92,-0.005547,0.00087383
distillation,z,93,-0.001643,0.00103986
distillation,z,94,0.002077,0.00094117
distillation,z,95,0.00092,0.00092648
distillation,z,96,0.003972,0.00101153
distillation,z,97,-0.000647,0.00096631
distillation,z,98,0.005352,0.00093268
distillation,z,99,0.00094,0.0008862
distillation,z,100,0.001731,0.00088898
distillation,z,101,0.000876,0.00091263
distillation,z,102,-0.008453,0.00093938
distillation,z,103,-0.00234,0.00098167
distillation,z,104,0.001409,0.00105621
distillation,z,105,0.002282,0.00087533
distillation,z,106,0.00027,0.00099458
distillation,z,107,-0.002997,0.00097416
distillation,z,108,0.001006,0.00095486
distillation,z,109,0.000613,0.00106217
distillation,z,110,-0.001829,0.0010562
distillation,z,111,0.003628,0.00095132
distillation,z,112,-0.005477,0.00099176
distillation,z,113,0.004427,0.00107217
distillation,z,114,-0.000237,0.00107712
distillation,z,115,0.003207,0.00096024
distillation,z,116,-0.003755,0.00104347
distillation,z,117,-0.00176,0.00081157
distillation,z,118,-0.009148,0.00091813
distillation,z,119,0.000394,0.00091153
distillation,z,120,-0.001864,0.00093186
distillation,z,121,-0.004953,0.00087319
distillation,z,122,-0.00235,0.00094107
distillation,z,123,-0.003641,0.00101475
distillation,z,124,0.000441,0.00090634
distillation,z,125,-0.002846,0.00100563
distillation,z,126,0.001979,0.00099649
distillation,z,127,-0.000176,0.00093732
distillation,z,128,0.001909,0.00096594
distillation,z,129,0.002582,0.00088328
distillation,z,130,-0.000948,0.00090314
distillation,z,131,-0.003906,0.00097626
distillation,z,132,0.003475,0.00095477
distillation,z,133,-0.001519,0.00094417
distillation,z,134,0.003746,0.00087558
distillation,z,135,-0.00425,0.00125683
distillation,z,136,0.004678,0.00100046
distillation,z,137,0.008482,0.00108941
distillation,z,138,0.005664,0.00096184
distillation,z,139,-0.002696,0.00097371
distillation,z,140,0.002829,0.00099844
distillation,z,141,-0.00354,0.00106857
distillation,z,142,0.003108,0.00116848
distillation,z,143,-0.003731,0.00105751
distillation,z,144,-0.0039,0.0009518
distillation,z,145,-0.003883,0.00103476
distillation,z,146,0.003568,0.00111755
distillation,z,147,-0.000336,0.00094375
distillation,z,148,0.002552,0.00102181
distillation,z,149,-0.001394,0.0009826
distillation,z,150,0.000947,0.00119618
distillation,z,151,0.006311,0.00097126
distillation,z,152,-0.003186,0.00127759
distillation,z,153,0.001835,0.00083119
distillation,z,154,0.006011,0.00101443
distillation,z,155,-0.002022,0.00098235
distillation,z,156,-3.7e-05,0.00103673
distillation,z,157,-0.001183,0.00110043
distillation,z,158,0.001722,0.00102224
distillation,z,159,-0.000963,0.00094633
distillation,z,160,0.002102,0.00103523
distillation,z,161,0.001267,0.00095049
distillation,z,162,0.002593,0.00094301
distillation,z,163,0.00182,0.0010696
distillation,z,164,0.002895,0.00086391
distillation,z,165,-0.005242,0.00121101
distillation,z,166,0.001856,0.00093439
distillation,z,167,-0.001132,0.00101864
distillation,z,168,-0.001877,0.0010373
distillation,z,169,0.000281,0.00087519
distillation,z,170,0.005076,0.00122043
distillation,z,171,-0.004633,0.00095796
distillation,z,172,0.002847,0.00117746
distillation,z,173,0.000187,0.00102664
distillation,z,174,-0.00359,0.00097426
distillation,z,175,0.005149,0.00095163
distillation,z,176,0.000435,0.00107163
distillation,z,177,-0.001127,0.00098564
distillation,z,178,-0.002843,0.00113211
distillation,z,179,-0.002813,0.00099272
distillation,z,180,-0.002571,0.00102287
distillation,z,181,-0.000415,0.00109998
distillation,z,182,-0.000371,0.00101561
distillation,z,183,0.003453,0.00102003
distillation,z,184,0.001442,0.00105253
distillation,z,185,-1.2e-05,0.00103788
distillation,z,186,0.002876,0.00107626
distillation,z,187,0.000396,0.00092645
distillation,z,188,0.001347,0.00108535
distillation,z,189,-4.7e-05,0.00100408
distillation,z,190,-0.001437,0.00099982
distillation,z,191,-0.002177,0.00097599
distillation,z,192,0.006132,0.00094478
distillation,z,193,-0.005797,0.00098998
distillation,z,194,0.002282,0.00110677
distillation,z,195,-0.007296,0.00106473
distillation,z,196,-0.001795,0.0009459
distillation,z,197,0.004871,0.0008262
distillation,z,198,0.000522,0.00101844
distillation,z,199,0.000346,0.00106401
distillation,z,200,-0.003845,0.00098758
distillation,z,201,0.00741,0.00100023
distillation,z,202,-0.000184,0.000851
distillation,z,203,-0.006538,0.00090383
distillation,z,204,-0.001968,0.00099896
distillation,z,205,-0.001352,0.00093677
distillation,z,206,-0.00393,0.00108777
distillation,z,207,-0.000478,0.00106917
distillation,z,208,0.001491,0.00090972
distillation,z,209,0.002538,0.00105393
distillation,z,210,0.001364,0.00098896
distillation,z,211,0.003269,0.0009103
distillation,z,212,-0.001857,0.00090234
distillation,z,213,-0.000645,0.00108873
distillation,z,214,-0.002877,0.00112481
distillation,z,215,0.003476,0.00101867
distillation,z,216,0.001742,0.00091347
distillation,z,217,0.001356,0.00113612
distillation,z,218,0.000841,0.00092373
distillation,z,219,-0.002379,0.0010424
distillation,z,220,0.001122,0.00098278
distillation,z,221,0.003605,0.00099649
distillation,z,222,0.001779,0.00106023
distillation,z,223,-0.00017,0.00091282
distillation,z,224,-0.001092,0.00091664
distillation,z,225,0.009308,0.00112236
distillation,z,226,-0.000797,0.00119001
distillation,z,227,0.006203,0.00099669
distillation,z,228,0.000428,0.00097029
distillation,z,229,-0.004348,0.00105185
distillation,z,230,-0.00223,0.0011189
distillation,z,231,0.000976,0.00109005
distillation,z,232,-0.000494,0.00113629
distillation,z,233,-0.002654,0.00099095
distillation,z,234,-0.00157,0.00097251
distillation,z,235,-0.00836,0.00092944
distillation,z,236,0.00728,0.00108184
distillation,z,237,-0.001299,0.00091871
distillation,z,238,-0.003727,0.00102607
distillation,z,239,0.005523,0.0009917
distillation,z,240,-0.004264,0.00091361
distillation,z,241,-0.002623,0.00097238
distillation,z,242,-0.003351,0.00097228
distillation,z,243,-0.001875,0.00114723
distillation,z,244,-0.004561,0.00099505
distillation,z,245,0.001996,0.00089286
distillation,z,246,0.002859,0.00094368
distillation,z,247,-0.002007,0.00099493
distillation,z,248,-0.000812,0.00083642
distillation,z,249,-0.002393,0.00095836
distillation,z,250,-4.7e-05,0.00085128
distillation,z,251,0.004231,0.00109143
distillation,z,252,0.005131,0.00118252
distillation,z,253,-0.005806,0.00090802
distillation,z,254,0.001416,0.00083065
distillation,z,255,-0.002505,0.00101927
distillation,z,256,0.001408,0.00118146
distillation,z,257,0.001076,0.00102375
distillation,z,258,0.005413,0.00102578
distillation,z,259,-0.002648,0.00112489
distillation,z,260,0.003412,0.00097172
distillation,z,261,-0.003834,0.00107702
distillation,z,262,0.002035,0.00115423
distillation,z,263,-0.000629,0.00109742
distillation,z,264,-0.000857,0.00114246
distillation,z,265,0.005383,0.00102437
distillation,z,266,-0.002827,0.00121655
distillation,z,267,-0.006033,0.00095231
distillation,z,268,-0.000557,0.00105115
distillation,z,269,0.000698,0.00101073
distillation,z,270,-0.000487,0.00121082
distillation,z,271,0.003484,0.00102354
distillation,z,272,-0.001254,0.00106552
distillation,z,273,-0.000358,0.00124961
distillation,z,274,0.002872,0.00117259
distillation,z,275,-0.00296,0.0009848
distillation,z,276,0.003848,0.00129948
distillation,z,277,0.003204,0.00135599
distillation,z,278,-0.003278,0.00102776
distillation,z,279,0.001379,0.0009946
distillation,z,280,0.002956,0.00118865
distillation,z,281,-0.004508,0.00101177
distillation,z,282,-0.005927,0.00116668
distillation,z,283,0.004344,0.00112115
distillation,z,284,0.002492,0.00105572
distillation,z,285,-0.002843,0.00120489
distillation,z,286,0.002743,0.00103301
distillation,z,287,-0.000381,0.00132054
distillation,z,288,0.000848,0.00113769
distillation,z,289,0.002665,0.0011496
distillation,z,290,-0.005326,0.00115511
distillation,z,291,0.003437,0.00119546
distillation,z,292,-0.004894,0.00103909
distillation,z,293,0.006435,0.00109824
distillation,z,294,-0.001426,0.00099416
distillation,z,295,-0.004518,0.00127637
distillation,z,296,-0.00448,0.0010492
distillation,z,297,-0.001973,0.00112058
distillation,z,298,-0.000139,0.00104108
distillation,z,299,0.000267,0.00096516
distillation,z,300,0.005178,0.00106032
distillation,z,301,-0.00037,0.00104284
distillation,z,302,-0.004311,0.00119138
distillation,z,303,0.002032,0.00115482
distillation,z,304,0.000191,0.0011247
distillation,z,305,0.00085,0.00115032
distillation,z,306,0.00252,0.00116474
distillation,z,307,-0.012861,0.00132844
distillation,z,308,-0.003701,0.00099057
distillation,z,309,0.000136,0.00118604
distillation,z,310,-0.00386,0.0011417
distillation,z,311,0.001239,0.0010219
distillation,z,312,0.003476,0.00098543
distillation,z,313,0.003713,0.00087987
distillation,z,314,-0.002957,0.00100943
distillation,z,315,-0.001473,0.00115883
distillation,z,316,-0.002733,0.0012912
distillation,z,317,0.011656,0.00126422
distillation,z,318,0.005385,0.00114367
distillation,z,319,-0.004114,0.00119241
distillation,z,320,-0.002118,0.00101853
distillation,z,321,-0.003491,0.0009936
distillation,z,322,0.001149,0.00119189
distillation,z,323,0.002611,0.00108974
distillation,z,324,-0.000206,0.00101586
distillation,z,325,0.002549,0.00100602
distillation,z,326,4.2e-05,0.0011219
distillation,z,327,-0.008436,0.00109683
distillation,z,328,-0.005264,0.00105467
distillation,z,329,0.00401,0.00098197
distillation,z,330,-0.001734,0.00100216
distillation,z,331,0.002346,0.00114335
distillation,z,332,0.0019,0.00107073
distillation,z,333,0.003027,0.00114687
distillation,z,334,-0.000608,0.00102024
distillation,z,335,0.00669,0.00107395
distillation,z,336,-0.002475,0.00114352
distillation,z,337,-0.007884,0.00106071
distillation,z,338,-0.002137,0.00110572
distillation,z,339,0.002209,0.00113606
distillation,z,340,-0.002317,0.00103102
distillation,z,341,-0.004169,0.00103438
distillation,z,342,0.001073,0.00100018
distillation,z,343,0.000956,0.00112031
distillation,z,344,0.000146,0.00121608
distillation,z,345,0.004342,0.00127766
distillation,z,346,-0.002631,0.00100264
distillation,z,347,0.000576,0.00107359
distillation,z,348,-0.006807,0.00105794
distillation,z,349,-0.000109,0.00100731
distillation,z,350,0.002827,0.00116394
distillation,z,351,-0.00194,0.00107455
distillation,z,352,-0.005149,0.00111875
distillation,z,353,-0.000183,0.00112823
distillation,z,354,0.003903,0.00108351
distillation,z,355,0.00176,0.00093111
distillation,z,356,-0.00286,0.0011908
distillation,z,357,-0.001967,0.00102476
distillation,z,358,0.002034,0.00093843
distillation,z,359,-0.001305,0.00095056
distillation,z,360,-0.000326,0.00109063
distillation,z,361,-0.004296,0.00127564
distillation,z,362,-0.001157,0.00101934
distillation,z,363,-0.004249,0.00116789
distillation,z,364,0.002818,0.00112423
distillation,z,365,-0.001615,0.00107023
distillation,z,366,-0.002008,0.00118685
distillation,z,367,-0.008046,0.00112822
distillation,z,368,0.006257,0.0010767
distillation,z,369,-0.005658,0.00102326
distillation,z,370,-0.000723,0.00103218
distillation,z,371,-0.000738,0.00106488
distillation,z,372,-0.001066,0.00094463
distillation,z,373,0.002349,0.00096274
distillation,z,374,0.000911,0.00121108
distillation,z,375,0.001857,0.00103323
distillation,z,376,0.00273,0.00132479
distillation,z,377,-0.000211,0.00108475
distillation,z,378,0.001189,0.00106419
distillation,z,379,0.001111,0.00127999
distillation,z,380,-0.006476,0.00105921
distillation,z,381,0.001263,0.00099897
distillation,z,382,-0.001294,0.00112015
distillation,z,383,-0.002549,0.0010862
distillation,z,384,0.002377,0.00097751
distillation,z,385,0.004598,0.00113332
distillation,z,386,0.002889,0.00109343
distillation,z,387,-0.002167,0.00135427
distillation,z,388,0.004462,0.00101824
distillation,z,389,0.002919,0.00109875
distillation,z,390,0.000797,0.00106252
distillation,z,391,0.0022,0.00100893
distillation,z,392,0.000778,0.00104291
distillation,z,393,0.001751,0.00101717
distillation,z,394,8.7e-05,0.00111111
distillation,z,395,0.000159,0.00118294
distillation,z,396,-0.008138,0.00113292
distillation,z,397,-0.001919,0.00113886
distillation,z,398,0.00319,0.00118951
distillation,z,399,-0.003515,0.00105285
distillation,z,400,0.000189,0.00105282
distillation,z,401,-0.004984,0.00113044
distillation,z,402,-0.004056,0.00105713
distillation,z,403,-0.000185,0.00099312
distillation,z,404,-0.002527,0.00098449
distillation,z,405,0.002361,0.00111194
distillation,z,406,-0.000561,0.00097602
distillation,z,407,-0.000459,0.00110208
distillation,z,408,0.00428,0.00110985
distillation,z,409,0.001,0.00115673
distillation,z,410,-0.000333,0.00101077
distillation,z,411,-0.000561,0.00085638
distillation,z,412,0.000501,0.00100992
distillation,z,413,-0.005656,0.00119938
distillation,z,414,-0.000593,0.00087587
distillation,z,415,-0.006339,0.00100072
distillation,z,416,0.001053,0.00116558
distillation,z,417,-0.000405,0.00107531
distillation,z,418,-0.000355,0.00110144
distillation,z,419,-0.000254,0.00104959
distillation,z,420,0.003651,0.00106318
distillation,z,421,0.004042,0.00091727
distillation,z,422,0.003526,0.00125308
distillation,z,423,0.002947,0.00109202
distillation,z,424,-0.001522,0.00102893
distillation,z,425,-0.00633,0.00101076
distillation,z,426,0.002991,0.00115993
distillation,z,427,0.004535,0.00102099
distillation,z,428,-0.004033,0.00105978
distillation,z,429,0.004169,0.00102606
distillation,z,430,0.003271,0.00110607
distillation,z,431,0.001865,0.00108163
distillation,z,432,-0.003152,0.00102272
distillation,z,433,-0.001415,0.00121244
distillation,z,434,0.001318,0.00113328
distillation,z,435,0.001364,0.00118029
distillation,z,436,-0.005141,0.00102025
distillation,z,437,0.001429,0.00092786
distillation,z,438,-0.00625,0.00113726
distillation,z,439,0.004817,0.00123201
distillation,z,440,-3e-05,0.00107056
distillation,z,441,-0.002847,0.00079552
distillation,z,442,-0.001165,0.00131165
distillation,z,443,0.00434,0.00107042
distillation,z,444,-9.4e-05,0.00099914
distillation,z,445,-0.001147,0.00107648
distillation,z,446,0.004048,0.00103212
distillation,z,447,-0.004778,0.00091231
distillation,z,448,0.00305,0.00089313
distillation,z,449,0.003957,0.00107726
distillation,z,450,-0.004804,0.00087441
distillation,z,451,-0.000683,0.00130288
distillation,z,452,0.001915,0.00118079
distillation,z,453,0.004881,0.00110552
distillation,z,454,0.000335,0.00103713
distillation,z,455,0.006707,0.00112145
distillation,z,456,0.003124,0.00100089
distillation,z,457,0.005725,0.00106083
distillation,z,458,0.001305,0.00108383
distillation,z,459,0.000917,0.00110423
distillation,z,460,-0.006153,0.00098224
distillation,z,461,0.001872,0.00110019
distillation,z,462,0.007555,0.00104373
distillation,z,463,0.00186,0.00100551
distillation,z,464,0.00015,0.00128457
distillation,z,465,-0.00111,0.0009852
distillation,z,466,0.00367,0.00109476
distillation,z,467,0.000851,0.00113358
distillation,z,468,0.009879,0.00102713
distillation,z,469,0.005174,0.00126827
distillation,z,470,-0.000611,0.00106013
distillation,z,471,-0.00113,0.00117703
distillation,z,472,0.001594,0.00102745
distillation,z,473,0.006203,0.00106001
distillation,z,474,-0.004909,0.00102618
distillation,z,475,-0.004294,0.00094996
distillation,z,476,0.003688,0.00108683
distillation,z,477,-0.005705,0.00104421
distillation,z,478,0.002601,0.00105449
distillation,z,479,-0.001476,0.00124075
distillation,z,480,-0.001058,0.00101889
distillation,z,481,-0.002114,0.00094509
distillation,z,482,-0.003639,0.00112344
distillation,z,483,0.00195,0.00110028
distillation,z,484,-0.004886,0.00097171
distillation,z,485,0.00053,0.00116912
distillation,z,486,0.000333,0.00094914
distillation,z,487,-0.001438,0.00104207
distillation,z,488,0.000152,0.00103851
distillation,z,489,-0.002397,0.00101314
distillation,z,490,-0.001791,0.00124986
distillation,z,491,-0.000454,0.00112299
distillation,z,492,-0.007286,0.00111388
distillation,z,493,-0.004838,0.00096373
distillation,z,494,-0.003066,0.00091734
distillation,z,495,-0.000943,0.00099793
distillation,z,496,4.5e-05,0.00118171
distillation,z,497,-0.001339,0.00114429
distillation,z,498,0.002126,0.00101239
distillation,z,499,0.004296,0.00136516
distillation,z,500,0.000782,0.00109347
distillation,z,501,0.00032,0.00108732
distillation,z,502,0.000297,0.00089626
distillation,z,503,-5.9e-05,0.00098674
distillation,z,504,5.1e-05,0.00100107
distillation,z,505,-0.00055,0.00124218
distillation,z,506,-0.001501,0.00113797
distillation,z,507,-0.005244,0.00116924
distillation,z,508,0.003188,0.00119538
distillation,z,509,7.9e-05,0.00125939
distillation,z,510,0.005223,0.00126485
distillation,z,511,-0.003223,0.00108714
distillation,z,512,-0.007589,0.00087945
distillation,z,513,0.004735,0.0011041
distillation,z,514,-0.002225,0.00091695
distillation,z,515,0.009412,0.00095353
distillation,z,516,0.001157,0.00090114
distillation,z,517,0.004517,0.00086736
distillation,z,518,-0.000469,0.00081305
distillation,z,519,0.000803,0.00082377
distillation,z,520,0.000755,0.00090155
distillation,z,521,0.002804,0.00085133
distillation,z,522,0.002791,0.000807
distillation,z,523,-0.00138,0.00080878
distillation,z,524,-0.000865,0.00079348
distillation,z,525,-0.003294,0.0009004
distillation,z,526,-0.00232,0.00087533
distillation,z,527,-0.002013,0.0010433
distillation,z,528,0.001218,0.00092358
distillation,z,529,-0.005073,0.00094479
distillation,z,530,-0.000641,0.00095304
distillation,z,531,0.002683,0.00092235
distillation,z,532,0.001384,0.00097277
distillation,z,533,-0.001728,0.0007996
distillation,z,534,9.9e-05,0.00076553
distillation,z,535,-0.000952,0.00083113
distillation,z,536,-0.003926,0.00094692
distillation,z,537,0.003122,0.00093435
distillation,z,538,0.001905,0.00080595
distillation,z,539,0.003147,0.00099916
distillation,z,540,0.004798,0.00091164
distillation,z,541,-0.001157,0.00086998
distillation,z,542,0.00106,0.00083336
distillation,z,543,-0.00373,0.00095347
distillation,z,544,0.006386,0.0008293
distillation,z,545,-0.00258,0.00087129
distillation,z,546,0.002075,0.00088061
distillation,z,547,0.005501,0.00090636
distillation,z,548,0.006099,0.00073186
distillation,z,549,-0.001533,0.00082572
distillation,z,550,-0.002624,0.00091868
distillation,z,551,0.003166,0.00096048
distillation,z,552,0.004137,0.00087306
distillation,z,553,0.007855,0.00093086
distillation,z,554,-0.001984,0.00107816
distillation,z,555,-0.0022,0.00100904
distillation,z,556,0.002802,0.00089555
distillation,z,557,0.000544,0.00106127
distillation,z,558,-0.00278,0.00083472
distillation,z,559,0.002866,0.00078912
distillation,z,560,0.001551,0.00091477
distillation,z,561,0.00185,0.00087742
distillation,z,562,0.004,0.0009321
distillation,z,563,0.003067,0.00089343
distillation,z,564,0.002311,0.00086763
distillation,z,565,0.00298,0.00083182
distillation,z,566,-0.007189,0.00076181
distillation,z,567,-0.001257,0.00090148
distillation,z,568,0.003518,0.00084807
distillation,z,569,-0.001153,0.00087699
distillation,z,570,-0.000787,0.00080028
distillation,z,571,-0.004173,0.00086491
distillation,z,572,-0.000866,0.00087506
distillation,z,573,0.003066,0.00080611
distillation,z,574,0.003033,0.00095665
distillation,z,575,-0.002872,0.00104762
distillation,z,576,-0.003088,0.00087379
distillation,z,577,0.000594,0.00079634
distillation,z,578,-0.002158,0.00095403
distillation,z,579,0.004878,0.00093807
distillation,z,580,0.002701,0.00094043
distillation,z,581,-0.005808,0.00077378
distillation,z,582,0.001644,0.0009431
distillation,z,583,-0.003526,0.00075421
distillation,z,584,-0.003346,0.00093625
distillation,z,585,0.001629,0.0008523
distillation,z,586,-0.003541,0.00102353
distillation,z,587,0.00215,0.00077577
distillation,z,588,-0.000702,0.00087742
distillation,z,589,-0.006506,0.00085902
distillation,z,590,0.002688,0.00084845
distillation,z,591,-0.002594,0.00098131
distillation,z,592,-9.1e-05,0.00085006
distillation,z,593,-0.005074,0.00084124
distillation,z,594,-0.000732,0.000846
distillation,z,595,0.000434,0.0009057
distillation,z,596,-0.005728,0.00079646
distillation,z,597,-0.000974,0.00083557
distillation,z,598,-0.001564,0.00073301
distillation,z,599,-0.001295,0.00081173
distillation,z,600,0.002253,0.00089386
distillation,z,601,-0.002175,0.0008961
distillation,z,602,0.004916,0.00087764
distillation,z,603,-0.005641,0.00078218
distillation,z,604,-0.000587,0.00083125
distillation,z,605,0.000993,0.00080144
distillation,z,606,-0.001296,0.00085279
distillation,z,607,-0.000327,0.00105547
distillation,z,608,0.003379,0.00102119
distillation,z,609,-0.004169,0.00088715
distillation,z,610,0.001628,0.00078521
distillation,z,611,0.003079,0.00099555
distillation,z,612,-0.002162,0.00082997
distillation,z,613,-0.002437,0.00081726
distillation,z,614,0.000779,0.00082621
distillation,z,615,-0.001357,0.00094883
distillation,z,616,-0.003861,0.00084357
distillation,z,617,0.001369,0.00095702
distillation,z,618,-0.000329,0.00083313
distillation,z,619,-0.000147,0.00100573
distillation,z,620,-0.004778,0.00093801
distillation,z,621,0.002044,0.00094501
distillation,z,622,0.002307,0.00091069
distillation,z,623,-0.001024,0.00083373
distillation,z,624,0.003945,0.00085275
distillation,z,625,0.000452,0.00086852
distillation,z,626,0.000362,0.00107408
distillation,z,627,0.001972,0.00081373
distillation,z,628,-0.002341,0.00102111
distillation,z,629,-0.001835,0.00087229
distillation,z,630,0.004463,0.00078262
distillation,z,631,-0.002639,0.00084688
distillation,z,632,-0.006147,0.00089756
distillation,z,633,-0.003627,0.00093599
distillation,z,634,0.003321,0.00091179
distillation,z,635,0.000182,0.00085671
distillation,z,636,-0.000202,0.0008472
distillation,z,637,-0.003386,0.00079068
distillation,z,638,-0.00082,0.00087046
distillation,z,639,-0.000887,0.00093288
distillation,z,640,-0.000612,0.0009598
distillation,z,641,-0.000441,0.00085097
distillation,z,642,-0.004716,0.00090524
distillation,z,643,0.001778,0.00083314
distillation,z,644,-0.00066,0.00108832
distillation,z,645,-0.001808,0.0008159
distillation,z,646,-0.002323,0.00086527
distillation,z,647,0.001405,0.00083705
distillation,z,648,0.000253,0.00084775
distillation,z,649,-0.000215,0.00089655
distillation,z,650,-0.001428,0.00089993
distillation,z,651,0.001802,0.00088213
distillation,z,652,8e-06,0.00103366
distillation,z,653,-0.003004,0.00075318
distillation,z,654,0.000901,0.00092081
distillation,z,655,0.001103,0.00088966
distillation,z,656,0.005254,0.0008996
distillation,z,657,0.004932,0.00089416
distillation,z,658,-0.005281,0.00082735
distillation,z,659,-0.005288,0.00099499
distillation,z,660,-0.0023,0.00082472
distillation,z,661,-0.001603,0.00097096
distillation,z,662,-0.00147,0.00092284
distillation,z,663,0.000514,0.00094688
distillation,z,664,-0.001549,0.00085652
distillation,z,665,0.003125,0.00098543
distillation,z,666,0.006262,0.00083521
distillation,z,667,0.0002,0.00089147
distillation,z,668,0.002969,0.00084502
distillation,z,669,-0.005042,0.0007976
distillation,z,670,0.002515,0.00075705
distillation,z,671,-4.5e-05,0.00081551
distillation,z,672,0.004736,0.0007294
distillation,z,673,-0.000555,0.00085142
distillation,z,674,-0.001008,0.00091503
distillation,z,675,0.002578,0.00098402
distillation,z,676,-0.001084,0.0008637
distillation,z,677,0.000184,0.00085966
distillation,z,678,0.003984,0.00094149
distillation,z,679,-0.002267,0.00090104
distillation,z,680,0.003432,0.00097923
distillation,z,681,-0.001988,0.00095165
distillation,z,682,0.000906,0.00087579
distillation,z,683,0.001721,0.00099515
distillation,z,684,-0.002093,0.0008318
distillation,z,685,-0.001723,0.00087809
distillation,z,686,0.000168,0.00097323
distillation,z,687,-0.004006,0.00084482
distillation,z,688,0.005913,0.00087473
distillation,z,689,-0.000244,0.00087865
distillation,z,690,0.004015,0.00084088
distillation,z,691,-0.000886,0.00083763
distillation,z,692,-0.000374,0.00083269
distillation,z,693,-0.000801,0.00099473
distillation,z,694,-0.002468,0.00087429
distillation,z,695,-0.004797,0.00091934
distillation,z,696,-0.003771,0.00099872
distillation,z,697,0.004939,0.00097844
distillation,z,698,0.000256,0.00094554
distillation,z,699,0.002278,0.00080853
distillation,z,700,0.004131,0.00078091
distillation,z,701,0.00201,0.0007949
distillation,z,702,-3.8e-05,0.00091118
distillation,z,703,-0.000579,0.00101855
distillation,z,704,0.005992,0.00085609
distillation,z,705,-0.004159,0.00091348
distillation,z,706,-0.003923,0.00081835
distillation,z,707,0.005189,0.00086539
distillation,z,708,-0.00602,0.00103887
distillation,z,709,-0.001704,0.00097064
distillation,z,710,-0.006552,0.00091134
distillation,z,711,0.000128,0.00082845
distillation,z,712,0.002582,0.00082062
distillation,z,713,-0.00488,0.0009084
distillation,z,714,-0.002946,0.00079379
distillation,z,715,0.001636,0.00081363
distillation,z,716,-0.001498,0.00104194
distillation,z,717,0.000707,0.00089618
distillation,z,718,0.001003,0.00089025
distillation,z,719,-0.001096,0.00101316
distillation,z,720,-0.00613,0.00095354
distillation,z,721,-0.002236,0.00079424
distillation,z,722,-4.7e-05,0.00101665
distillation,z,723,0.000739,0.00079587
distillation,z,724,0.003243,0.00091079
distillation,z,725,-0.002927,0.00091766
distillation,z,726,0.000249,0.00081209
distillation,z,727,-0.00045,0.00091023
distillation,z,728,0.001148,0.00095001
distillation,z,729,-0.003579,0.00094422
distillation,z,730,0.005109,0.00097404
distillation,z,731,-0.003665,0.00084678
distillation,z,732,-0.000501,0.00071505
distillation,z,733,0.001927,0.00084176
distillation,z,734,-0.00228,0.0009119
distillation,z,735,0.000636,0.00090449
distillation,z,736,0.000159,0.0009436
distillation,z,737,-0.000917,0.00081683
distillation,z,738,-0.002949,0.0009452
distillation,z,739,0.00734,0.00073514
distillation,z,740,-2.5e-05,0.00087158
distillation,z,741,-0.003292,0.00082598
distillation,z,742,-0.00354,0.00083156
distillation,z,743,-0.001645,0.00081864
distillation,z,744,-0.000755,0.00077835
distillation,z,745,-0.007072,0.00089092
distillation,z,746,0.001011,0.0008873
distillation,z,747,0.00303,0.00089916
distillation,z,748,-0.004598,0.00095884
distillation,z,749,0.003983,0.00089928
distillation,z,750,0.003164,0.00090086
distillation,z,751,0.001596,0.00086258
distillation,z,752,-0.000392,0.00090542
distillation,z,753,0.003774,0.00080062
distillation,z,754,-0.001211,0.00082054
distillation,z,755,-0.002294,0.00090571
distillation,z,756,0.00692,0.00097966
distillation,z,757,0.006424,0.0009318
distillation,z,758,0.003223,0.00087216
distillation,z,759,-0.001085,0.0008221
distillation,z,760,-0.001953,0.00094904
distillation,z,761,-0.000878,0.00075648
distillation,z,762,-0.000396,0.00102237
distillation,z,763,-0.008647,0.00084679
distillation,z,764,0.003121,0.00092279
distillation,z,765,-0.002175,0.0009047
distillation,z,766,-0.003453,0.00082827
distillation,z,767,0.002643,0.0009082
distillation,z,768,0.00085,0.00083382
distillation,z,769,-0.005227,0.00087452
distillation,z,770,-0.003996,0.00087091
distillation,z,771,0.002363,0.00084797
distillation,z,772,0.003361,0.000912
distillation,z,773,0.001996,0.00081885
distillation,z,774,-0.002556,0.0008464
distillation,z,775,0.001746,0.00084877
distillation,z,776,0.000334,0.00105499
distillation,z,777,0.003836,0.00076765
distillation,z,778,-0.001216,0.00076515
distillation,z,779,-0.001043,0.00089595
distillation,z,780,0.003887,0.00089503
distillation,z,781,-0.000699,0.00094718
distillation,z,782,0.006169,0.00100728
distillation,z,783,0.000888,0.00078169
distillation,z,784,-0.004164,0.00085648
distillation,z,785,-0.001975,0.00092654
distillation,z,786,0.002368,0.00079177
distillation,z,787,-0.00052,0.00093464
distillation,z,788,5.4e-05,0.00089184
distillation,z,789,0.001186,0.00077263
distillation,z,790,-0.001803,0.00077523
distillation,z,791,-0.006144,0.00094869
distillation,z,792,8.4e-05,0.00083796
distillation,z,793,0.001123,0.00084241
distillation,z,794,0.000429,0.00073258
distillation,z,795,-0.001096,0.00093846
distillation,z,796,-0.00276,0.00093593
distillation,z,797,-0.002259,0.00090829
distillation,z,798,-0.002799,0.00088423
distillation,z,799,-0.007675,0.0009053
distillation,z,800,0.002821,0.00080952
distillation,z,801,0.002003,0.00081186
distillation,z,802,0.003335,0.00076215
distillation,z,803,0.00589,0.00088488
distillation,z,804,-0.001944,0.00090966
distillation,z,805,-0.002556,0.00110731
distillation,z,806,0.000518,0.00087965
distillation,z,807,-0.004765,0.00084445
distillation,z,808,0.003696,0.00096417
distillation,z,809,8.6e-05,0.00085184
distillation,z,810,0.000911,0.00097112
distillation,z,811,0.00101,0.00083461
distillation,z,812,0.002865,0.00084892
distillation,z,813,-0.000202,0.00081752
distillation,z,814,0.004202,0.00079241
distillation,z,815,-0.001468,0.00109526
distillation,z,816,0.001612,0.00091491
distillation,z,817,0.002855,0.00094791
distillation,z,818,-0.000629,0.00087499
distillation,z,819,-0.001212,0.00087325
distillation,z,820,-0.003125,0.00114495
distillation,z,821,0.006116,0.00099766
distillation,z,822,0.001006,0.00087766
distillation,z,823,-0.003869,0.00078467
distillation,z,824,-0.002717,0.00093959
distillation,z,825,0.00175,0.00089905
distillation,z,826,0.004113,0.00102733
distillation,z,827,-0.001995,0.00082485
distillation,z,828,0.003101,0.00083502
distillation,z,829,0.003232,0.00095897
distillation,z,830,0.001468,0.00105165
distillation,z,831,-0.004558,0.00097211
distillation,z,832,0.00281,0.00079738
distillation,z,833,-0.001829,0.00085819
distillation,z,834,0.002936,0.000949
distillation,z,835,0.003763,0.00073402
distillation,z,836,0.001227,0.0008668
distillation,z,837,-0.001984,0.00082598
distillation,z,838,0.001014,0.00091337
distillation,z,839,-0.002765,0.00083205
distillation,z,840,-0.001836,0.00080234
distillation,z,841,-0.000772,0.00107066
distillation,z,842,0.0052,0.0010134
distillation,z,843,-0.005204,0.00088937
distillation,z,844,0.00166,0.0008518
distillation,z,845,0.00174,0.0007863
distillation,z,846,0.003714,0.0009238
distillation,z,847,0.002586,0.00098238
distillation,z,848,0.004699,0.00102266
distillation,z,849,0.0072,0.00085483
distillation,z,850,-0.005462,0.0009458
distillation,z,851,-0.000652,0.00091544
distillation,z,852,-0.000882,0.00084011
distillation,z,853,0.005018,0.00079746
distillation,z,854,-0.005955,0.00086801
distillation,z,855,0.00322,0.00083438
distillation,z,856,-0.002389,0.00091196
distillation,z,857,-0.000433,0.00086252
distillation,z,858,0.002932,0.00094034
distillation,z,859,0.000663,0.00089942
distillation,z,860,0.000114,0.00097951
distillation,z,861,-0.002982,0.00090326
distillation,z,862,-0.003849,0.00087835
distillation,z,863,-0.004882,0.00089812
distillation,z,864,0.004297,0.00083194
distillation,z,865,0.002154,0.0008804
distillation,z,866,0.009584,0.00098034
distillation,z,867,-0.006079,0.00101941
distillation,z,868,-0.004241,0.0009283
distillation,z,869,0.000327,0.00087608
distillation,z,870,0.001868,0.00108019
distillation,z,871,0.009109,0.00084584
distillation,z,872,-0.000865,0.0010301
distillation,z,873,-0.006247,0.0008768
distillation,z,874,0.002647,0.00089909
distillation,z,875,0.003262,0.00097533
distillation,z,876,0.003586,0.00094097
distillation,z,877,-0.004527,0.00089574
distillation,z,878,0.001002,0.00082119
distillation,z,879,0.004378,0.00092118
distillation,z,880,-0.001175,0.00082848
distillation,z,881,-5.9e-05,0.00088019
distillation,z,882,-0.000282,0.00101859
distillation,z,883,0.002229,0.00084825
distillation,z,884,-0.002347,0.00076515
distillation,z,885,0.000988,0.00087238
distillation,z,886,-0.000319,0.00084193
distillation,z,887,-0.004629,0.00091113
distillation,z,888,-0.003646,0.0010794
distillation,z,889,-0.002315,0.00069163
distillation,z,890,-0.000367,0.00084599
distillation,z,891,-0.00178,0.00101675
distillation,z,892,-0.008435,0.00088126
distillation,z,893,0.000876,0.00097319
distillation,z,894,-0.003341,0.00092541
distillation,z,895,0.003146,0.00090184
distillation,z,896,0.005924,0.00089425
distillation,z,897,-0.00089,0.0007519
distillation,z,898,-0.000301,0.00091628
distillation,z,899,0.002651,0.00096276
distillation,z,900,-0.004596,0.0008734
distillation,z,901,0.001165,0.00082425
distillation,z,902,-0.001542,0.00079823
distillation,z,903,0.003485,0.00090025
distillation,z,904,-0.000661,0.00084799
distillation,z,905,0.002287,0.00091498
distillation,z,906,-0.001437,0.00087851
distillation,z,907,-0.003842,0.00101585
distillation,z,908,0.004636,0.00081502
distillation,z,909,0.000347,0.00081519
distillation,z,910,-0.004512,0.0008774
distillation,z,911,0.000518,0.00092332
distillation,z,912,-0.002588,0.00076584
distillation,z,913,0.00063,0.00090002
distillation,z,914,-0.000268,0.00099905
distillation,z,915,-0.001405,0.00075625
distillation,z,916,-0.002063,0.00079177
distillation,z,917,0.005013,0.00082925
distillation,z,918,0.002743,0.00099623
distillation,z,919,0.001351,0.0009155
distillation,z,920,0.001761,0.00086742
distillation,z,921,0.005168,0.00084786
distillation,z,922,0.002846,0.00088071
distillation,z,923,-0.001498,0.00091036
distillation,z,924,0.009151,0.00087655
distillation,z,925,-0.002366,0.00088491
distillation,z,926,0.002177,0.00082485
distillation,z,927,-0.003378,0.00107303
distillation,z,928,0.000292,0.00098928
distillation,z,929,-0.003843,0.000852
distillation,z,930,-0.003187,0.00080765
distillation,z,931,0.002936,0.00096732
distillation,z,932,-7e-06,0.00074254
distillation,z,933,0.002501,0.0008171
distillation,z,934,0.000717,0.00080771
distillation,z,935,-0.00169,0.00091574
distillation,z,936,-0.000165,0.00095213
distillation,z,937,-0.005362,0.00086002
distillation,z,938,-0.004532,0.00082892
distillation,z,939,-0.006233,0.00084123
distillation,z,940,0.000744,0.00092548
distillation,z,941,0.003319,0.00088794
distillation,z,942,-0.000422,0.00086985
distillation,z,943,0.003614,0.00083999
distillation,z,944,-0.001114,0.00086796
distillation,z,945,-8e-06,0.00076236
distillation,z,946,0.001723,0.00083839
distillation,z,947,0.00014,0.00084038
distillation,z,948,-0.003067,0.00094209
distillation,z,949,0.001615,0.00074849
distillation,z,950,-0.000114,0.00085064
distillation,z,951,-0.004243,0.0009183
distillation,z,952,-0.005585,0.00085358
distillation,z,953,0.001528,0.00081997
distillation,z,954,-0.004817,0.00096785
distillation,z,955,-0.006636,0.00088566
distillation,z,956,0.002883,0.00098231
distillation,z,957,-0.002321,0.00085895
distillation,z,958,-0.002371,0.00118165
distillation,z,959,-0.000315,0.00083882
distillation,z,960,-0.000153,0.00084157
distillation,z,961,0.002011,0.0008984
distillation,z,962,-0.003703,0.00090042
distillation,z,963,0.003183,0.00083496
distillation,z,964,0.005869,0.00084748
distillation,z,965,0.003109,0.00068456
distillation,z,966,-0.007612,0.00082819
distillation,z,967,0.002424,0.00084805
distillation,z,968,0.001946,0.00089357
distillation,z,969,-0.001047,0.00087064
distillation,z,970,0.002069,0.00084189
distillation,z,971,0.003829,0.00111703
distillation,z,972,0.004303,0.00083936
distillation,z,973,-0.000107,0.00104627
distillation,z,974,-0.001403,0.00093261
distillation,z,975,-0.00011,0.00097843
distillation,z,976,0.00289,0.00077135
distillation,z,977,0.002169,0.00079007
distillation,z,978,0.007508,0.00102335
distillation,z,979,0.002758,0.00085383
distillation,z,980,0.000819,0.0008176
distillation,z,981,-0.002914,0.00075221
distillation,z,982,0.003355,0.00101924
distillation,z,983,-0.004534,0.00083565
distillation,z,984,0.00076,0.00084922
distillation,z,985,0.003616,0.00087778
distillation,z,986,0.000304,0.00083886
distillation,z,987,0.003288,0.00078721
distillation,z,988,0.008497,0.00097468
distillation,z,989,0.006308,0.00084317
distillation,z,990,0.000433,0.00103896
distillation,z,991,-0.003104,0.00091422
distillation,z,992,0.001215,0.00101663
distillation,z,993,0.00246,0.0008625
distillation,z,994,0.002325,0.00083044
distillation,z,995,0.000402,0.00099436
distillation,z,996,0.003514,0.00079418
distillation,z,997,0.000306,0.00084535
distillation,z,998,-0.005933,0.00080747
distillation,z,999,0.002605,0.00078812
distillation,z,1000,0.001726,0.00081525
distillation,z,1001,0.002091,0.00080631
distillation,z,1002,-0.000119,0.00080066
distillation,z,1003,-0.002623,0.0010498
distillation,z,1004,0.0038,0.00085722
distillation,z,1005,0.001871,0.0008589
distillation,z,1006,0.006137,0.00096841
distillation,z,1007,0.001248,0.0010594
distillation,z,1008,-0.006626,0.00088785
distillation,z,1009,0.00192,0.00104954
distillation,z,1010,0.002109,0.00078644
distillation,z,1011,-0.002457,0.00077824
distillation,z,1012,0.001699,0.00071451
distillation,z,1013,-0.001485,0.00108512
distillation,z,1014,0.000282,0.00097149
distillation,z,1015,-0.000803,0.0008441
distillation,z,1016,-0.000744,0.00087992
distillation,z,1017,0.005212,0.00094737
distillation,z,1018,0.002993,0.00090768
distillation,z,1019,-0.00101,0.00102439
distillation,z,1020,-0.004267,0.00093146
distillation,z,1021,-0.000614,0.00081209
distillation,z,1022,0.003569,0.00083591
distillation,z,1023,0.007344,0.00089031
head-adapt,sliced,0,0.005896,0.04088032
head-adapt,sliced,1,-0.012406,0.0392335
head-adapt,sliced,2,0.027174,0.04075836
head-adapt,sliced,3,0.032661,0.03836285
head-adapt,sliced,4,0.004787,0.03493327
head-adapt,sliced,5,0.016451,0.0376539
head-adapt,sliced,6,-0.002652,0.03958924
head-adapt,sliced,7,-0.011616,0.04315758
head-adapt,sliced,8,0.001114,0.0207271
head-adapt,sliced,9,0.028618,0.01900078
head-adapt,sliced,10,0.003929,0.0227004
head-adapt,sliced,11,0.01204,0.02325495
head-adapt,sliced,12,-0.021811,0.0210612
head-adapt,sliced,13,-0.015495,0.02148347
head-adapt,sliced,14,0.029301,0.02037314
head-adapt,sliced,15,-0.011741,0.02207104
head-adapt,sliced,16,-0.015731,0.01573618
head-adapt,sliced,17,-0.005552,0.01775332
head-adapt,sliced,18,-0.014156,0.01694404
head-adapt,sliced,19,0.012679,0.01592253
head-adapt,sliced,20,0.012771,0.01580128
head-adapt,sliced,21,0.015512,0.01572091
head-adapt,sliced,22,-0.003655,0.01758439
head-adapt,sliced,23,0.024655,0.01651798
head-adapt,sliced,24,-0.015712,0.01636811
head-adapt,sliced,25,0.002012,0.0170368
head-adapt,sliced,26,-0.001464,0.01598143
head-adapt,sliced,27,-0.000971,0.01665069
head-adapt,sliced,28,0.010797,0.01563695
head-adapt,sliced,29,-0.023154,0.01749448
head-adapt,sliced,30,-0.006498,0.01469939
head-adapt,sliced,31,0.006445,0.01507059
head-adapt,sliced,32,0.001958,0.01725892
head-adapt,sliced,33,-0.001064,0.02021483
head-adapt,sliced,34,-0.021329,0.01796369
head-adapt,sliced,35,0.011898,0.01782306
head-adapt,sliced,36,-0.02232,0.02190798
head-adapt,sliced,37,0.024493,0.02061304
head-adapt,sliced,38,0.004938,0.01727685
head-adapt,sliced,39,-0.00112,0.01937846
head-adapt,sliced,40,-0.002653,0.01740471
head-adapt,sliced,41,-0.011903,0.01737419
head-adapt,sliced,42,-0.002684,0.02089535
head-adapt,sliced,43,0.022398,0.01893485
head-adapt,sliced,44,0.01647,0.0147175
head-adapt,sliced,45,-0.005939,0.01829369
head-adapt,sliced,46,-0.003602,0.01893956
head-adapt,sliced,47,0.007317,0.01689088
head-adapt,sliced,48,0.003481,0.0168132
head-adapt,sliced,49,0.015124,0.01651452
head-adapt,sliced,50,0.013048,0.01677892
head-adapt,sliced,51,-0.002915,0.01919454
head-adapt,sliced,52,-0.011806,0.01849235
head-adapt,sliced,53,0.01019,0.01666279
head-adapt,sliced,54,0.014326,0.02135204
head-adapt,sliced,55,0.024548,0.01599312
head-adapt,sliced,56,-0.001029,0.01800549
head-adapt,sliced,57,0.017061,0.01552919
head-adapt,sliced,58,0.0088,0.01758692
head-adapt,sliced,59,-0.01275,0.01888852
head-adapt,sliced,60,0.008499,0.01698857
head-adapt,sliced,61,-0.026802,0.01582808
head-adapt,sliced,62,-0.024321,0.021528
head-adapt,sliced,63,-0.006875,0.01542888
head-adapt,sliced,64,-0.018944,0.01819761
head-adapt,sliced,65,-0.006105,0.02000092
head-adapt,sliced,66,-0.002519,0.02321587
head-adapt,sliced,67,-0.006332,0.02059635
head-adapt,sliced,68,-0.013281,0.0181281
head-adapt,sliced,69,0.004101,0.01722628
head-adapt,sliced,70,0.01628,0.02009066
head-adapt,sliced,71,0.011453,0.01607185
head-adapt,sliced,72,-0.015587,0.01806688
head-adapt,sliced,73,0.004195,0.01752059
head-adapt,sliced,74,-0.001223,0.0184149
head-adapt,sliced,75,0.020583,0.01503723
head-adapt,sliced,76,0.006844,0.01782824
head-adapt,sliced,77,0.013377,0.01816563
head-adapt,sliced,78,-0.009397,0.01806768
head-adapt,sliced,79,0.021329,0.01761984
head-adapt,sliced,80,-0.02584,0.01785452
head-adapt,sliced,81,-0.006577,0.01796385
head-adapt,sliced,82,0.0069,0.0166638
head-adapt,sliced,83,-0.004562,0.01833723
head-adapt,sliced,84,0.00867,0.02015346
head-adapt,sliced,85,0.014259,0.02302818
head-adapt,sliced,86,-0.000711,0.01863241
head-adapt,sliced,87,-0.003069,0.01825084
head-adapt,sliced,88,-0.021531,0.0187278
head-adapt,sliced,89,-0.012731,0.01715361
head-adapt,sliced,90,-0.005268,0.01824783
head-adapt,sliced,91,0.023203,0.01813181
head-adapt,sliced,92,0.001528,0.01787451
head-adapt,sliced,93,-0.02049,0.02149306
head-adapt,sliced,94,0.002278,0.02208274
head-adapt,sliced,95,0.023471,0.02022968
head-adapt,sliced,96,-0.011372,0.0164654
head-adapt,sliced,97,-0.004851,0.02180833
head-adapt,sliced,98,-0.015661,0.01866443
head-adapt,sliced,99,-0.007721,0.01919208
head-adapt,sliced,100,0.001887,0.01703427
head-adapt,sliced,101,-0.011544,0.01689145
head-adapt,sliced,102,-0.000807,0.01636263
head-adapt,sliced,103,0.003073,0.02268161
head-adapt,sliced,104,-0.005714,0.02117911
head-adapt,sliced,105,-0.001116,0.0167946
head-adapt,sliced,106,0.00176,0.02046558
head-adapt,sliced,107,-0.012833,0.01344094
head-adapt,sliced,108,-0.0166,0.01812779
head-adapt,sliced,109,0.024899,0.01809068
head-adapt,sliced,110,-0.018156,0.01868556
head-adapt,sliced,111,-0.017242,0.01587586
head-adapt,sliced,112,0.004362,0.01608365
head-adapt,sliced,113,-0.001236,0.01727643
head-adapt,sliced,114,0.000678,0.01942939
head-adapt,sliced,115,-0.021125,0.0170424
head-adapt,sliced,116,0.024383,0.0202261
head-adapt,sliced,117,0.012629,0.01540828
head-adapt,sliced,118,0.013217,0.02055123
head-adapt,sliced,119,-0.006441,0.0163913
head-adapt,sliced,120,0.00685,0.01969498
head-adapt,sliced,121,0.013116,0.01777458
head-adapt,sliced,122,0.014183,0.02149587
head-adapt,sliced,123,-0.004918,0.02001263
head-adapt,sliced,124,-0.007943,0.01845526
head-adapt,sliced,125,0.009826,0.01899835
head-adapt,sliced,126,-0.028498,0.02035629
head-adapt,sliced,127,0.012193,0.01929552
head-adapt,sliced,128,0.020792,0.01874394
head-adapt,sliced,129,-0.010287,0.01754284
head-adapt,sliced,130,-0.002172,0.01940176
head-adapt,sliced,131,-0.014142,0.01795657
head-adapt,sliced,132,0.009007,0.02056554
head-adapt,sliced,133,-0.003735,0.01849215
head-adapt,sliced,134,-0.024815,0.01667357
head-adapt,sliced,135,-0.014332,0.02146519
head-adapt,sliced,136,-0.028723,0.01812644
head-adapt,sliced,137,0.00333,0.01999446
head-adapt,sliced,138,-0.043483,0.01760772
head-adapt,sliced,139,0.011706,0.02005687
head-adapt,sliced,140,0.01186,0.0193672
head-adapt,sliced,141,0.007447,0.02171754
head-adapt,sliced,142,-0.016679,0.02007615
head-adapt,sliced,143,0.007222,0.017795
head-adapt,sliced,144,0.004732,0.01768121
head-adapt,sliced,145,0.011956,0.01781894
head-adapt,sliced,146,0.014634,0.0226025
head-adapt,sliced,147,-0.009887,0.01350704
head-adapt,sliced,148,-0.012127,0.01895275
head-adapt,sliced,149,-0.0055,0.01966696
head-adapt,sliced,150,-0.001278,0.02143537
head-adapt,sliced,151,-0.004199,0.01634144
head-adapt,sliced,152,0.013782,0.0209082
head-adapt,sliced,153,-0.009947,0.01484349
head-adapt,sliced,154,0.004352,0.01818796
head-adapt,sliced,155,0.012022,0.01720829
head-adapt,sliced,156,-0.007682,0.01878899
head-adapt,sliced,157,-0.00653,0.01949473
head-adapt,sliced,158,-9e-05,0.02091327
head-adapt,sliced,159,0.004423,0.01850609
head-adapt,sliced,160,-0.01538,0.01922256
head-adapt,sliced,161,-0.008554,0.02249609
head-adapt,sliced,162,-0.017409,0.01605644
head-adapt,sliced,163,-0.020771,0.01927629
head-adapt,sliced,164,0.017362,0.01648444
head-adapt,sliced,165,0.027953,0.0186209
head-adapt,sliced,166,-0.000358,0.01647372
head-adapt,sliced,167,-0.013543,0.02036894
head-adapt,sliced,168,0.013781,0.02014846
head-adapt,sliced,169,0.003007,0.0170996
head-adapt,sliced,170,0.002789,0.02078918
head-adapt,sliced,171,-0.021528,0.02108032
head-adapt,sliced,172,0.001431,0.01964188
head-adapt,sliced,173,-0.006731,0.01947609
head-adapt,sliced,174,0.014015,0.01974179
head-adapt,sliced,175,0.015899,0.01656839
head-adapt,sliced,176,0.010495,0.01723285
head-adapt,sliced,177,0.008191,0.01798046
head-adapt,sliced,178,-0.005665,0.0193034
head-adapt,sliced,179,0.002257,0.0187164
head-adapt,sliced,180,-0.026103,0.02067932
head-adapt,sliced,181,-0.006588,0.02075635
head-adapt,sliced,182,-0.019338,0.01758704
head-adapt,sliced,183,0.006036,0.01830742
head-adapt,sliced,184,0.016961,0.020978
head-adapt,sliced,185,-0.010029,0.01713072
head-adapt,sliced,186,0.009049,0.02167336
head-adapt,sliced,187,0.013375,0.0174676
head-adapt,sliced,188,-0.021334,0.01902642
head-adapt,sliced,189,0.005691,0.01995207
head-adapt,sliced,190,0.007639,0.01891072
head-adapt,sliced,191,0.006326,0.01679555
head-adapt,sliced,192,0.033161,0.01743055
head-adapt,sliced,193,0.009861,0.01640647
head-adapt,sliced,194,-0.013828,0.01914625
head-adapt,sliced,195,0.024708,0.02066115
head-adapt,sliced,196,-0.000298,0.01788763
head-adapt,sliced,197,-0.026475,0.01763802
head-adapt,sliced,198,-0.0061,0.02071265
head-adapt,sliced,199,-8.9e-05,0.01752905
head-adapt,sliced,200,0.017172,0.01518233
head-adapt,sliced,201,-0.015058,0.01984734
head-adapt,sliced,202,0.009989,0.01653921
head-adapt,sliced,203,-0.009094,0.01525891
head-adapt,sliced,204,0.01902,0.02024741
head-adapt,sliced,205,0.011556,0.02011368
head-adapt,sliced,206,0.000125,0.01685137
head-adapt,sliced,207,0.004945,0.0258238
head-adapt,sliced,208,-0.003651,0.01873295
head-adapt,sliced,209,-0.004147,0.02155033
head-adapt,sliced,210,0.019242,0.01929572
head-adapt,sliced,211,0.011699,0.0169171
head-adapt,sliced,212,-0.007843,0.01567384
head-adapt,sliced,213,0.004425,0.02458305
head-adapt,sliced,214,-0.000818,0.01872259
head-adapt,sliced,215,0.006451,0.02063939
head-adapt,sliced,216,0.021071,0.01726554
head-adapt,sliced,217,0.009589,0.01716129
head-adapt,sliced,218,-0.007479,0.02047694
head-adapt,sliced,219,0.000566,0.01726077
head-adapt,sliced,220,-0.011838,0.02203666
head-adapt,sliced,221,0.000346,0.01957845
head-adapt,sliced,222,-0.028904,0.01846475
head-adapt,sliced,223,-0.014997,0.01816525
head-adapt,sliced,224,-0.001094,0.01636127
head-adapt,sliced,225,-0.029542,0.0186249
head-adapt,sliced,226,0.009771,0.02120869
head-adapt,sliced,227,0.004004,0.02224518
head-adapt,sliced,228,-0.000476,0.01744296
head-adapt,sliced,229,0.016861,0.01924839
head-adapt,sliced,230,0.00085,0.01679206
head-adapt,sliced,231,0.023238,0.02059318
head-adapt,sliced,232,-0.005791,0.01611302
head-adapt,sliced,233,0.002765,0.01816058
head-adapt,sliced,234,0.00506,0.01539709
head-adapt,sliced,235,-0.002888,0.01794555
head-adapt,sliced,236,0.003263,0.0162076
head-adapt,sliced,237,0.003788,0.01654577
head-adapt,sliced,238,0.002748,0.01725072
head-adapt,sliced,239,-0.00835,0.01848584
head-adapt,sliced,240,0.015596,0.02088745
head-adapt,sliced,241,0.018595,0.01649953
head-adapt,sliced,242,0.011663,0.01993138
head-adapt,sliced,243,0.002568,0.02209619
head-adapt,sliced,244,0.022153,0.02093411
head-adapt,sliced,245,-0.004097,0.01732822
head-adapt,sliced,246,0.009262,0.01562006
head-adapt,sliced,247,0.008228,0.02216083
head-adapt,sliced,248,0.007684,0.01749037
head-adapt,sliced,249,0.008595,0.01971789
head-adapt,sliced,250,-0.002044,0.01624501
head-adapt,sliced,251,-0.0079,0.01909344
head-adapt,sliced,252,0.003127,0.02018138
head-adapt,sliced,253,0.008535,0.01936421
head-adapt,sliced,254,-0.006641,0.01534673
head-adapt,sliced,255,-0.003293,0.02057968
head-adapt,sliced,256,-0.010775,0.01682999
head-adapt,sliced,257,0.001177,0.02353859
head-adapt,sliced,258,-0.018827,0.01855612
head-adapt,sliced,259,-0.014791,0.01979342
head-adapt,sliced,260,-0.001781,0.01535596
head-adapt,sliced,261,-0.001154,0.0206437
head-adapt,sliced,262,-0.007531,0.02281323
head-adapt,sliced,263,0.018057,0.01950642
head-adapt,sliced,264,-0.004189,0.01947087
head-adapt,sliced,265,-0.004624,0.01827652
head-adapt,sliced,266,-0.006228,0.01924567
head-adapt,sliced,267,0.007286,0.01731003
head-adapt,sliced,268,-0.035261,0.0168537
head-adapt,sliced,269,0.004253,0.01761929
head-adapt,sliced,270,-0.019461,0.021275
head-adapt,sliced,271,-0.009439,0.01760842
head-adapt,sliced,272,0.013856,0.01804663
head-adapt,sliced,273,0.008159,0.01894595
head-adapt,sliced,274,-0.017126,0.01948274
head-adapt,sliced,275,0.017536,0.01765691
head-adapt,sliced,276,-9.7e-05,0.02473691
head-adapt,sliced,277,-0.014117,0.02595801
head-adapt,sliced,278,0.021082,0.01994307
head-adapt,sliced,279,-0.015559,0.01627713
head-adapt,sliced,280,0.017553,0.02266557
head-adapt,sliced,281,0.004433,0.01452046
head-adapt,sliced,282,-0.010086,0.01750755
head-adapt,sliced,283,-0.011802,0.02122816
head-adapt,sliced,284,-0.001855,0.01688589
head-adapt,sliced,285,0.005204,0.01996353
head-adapt,sliced,286,-0.011096,0.017901
head-adapt,sliced,287,0.001235,0.02261277
head-adapt,sliced,288,0.01472,0.01884902
head-adapt,sliced,289,-0.00504,0.01809318
head-adapt,sliced,290,0.007782,0.0180008
head-adapt,sliced,291,0.000405,0.01976627
head-adapt,sliced,292,0.012066,0.0169086
head-adapt,sliced,293,0.010129,0.01802661
head-adapt,sliced,294,-0.016169,0.01515251
head-adapt,sliced,295,0.010207,0.02499696
head-adapt,sliced,296,0.008469,0.01398927
head-adapt,sliced,297,-0.022756,0.01930116
head-adapt,sliced,298,-0.018385,0.01939856
head-adapt,sliced,299,0.004072,0.01620189
head-adapt,sliced,300,-0.016342,0.01694223
head-adapt,sliced,301,-0.017625,0.01731296
head-adapt,sliced,302,0.010553,0.01903758
head-adapt,sliced,303,-0.00924,0.02201399
head-adapt,sliced,304,0.007735,0.02064828
head-adapt,sliced,305,0.019099,0.01901321
head-adapt,sliced,306,-0.013787,0.01917496
head-adapt,sliced,307,0.024721,0.01716786
head-adapt,sliced,308,-0.004585,0.01733247
head-adapt,sliced,309,-0.025383,0.02007896
head-adapt,sliced,310,-0.00266,0.0193906
head-adapt,sliced,311,-0.005486,0.02027675
head-adapt,sliced,312,0.003989,0.01545503
head-adapt,sliced,313,-0.02706,0.01649134
head-adapt,sliced,314,0.011124,0.01777931
head-adapt,sliced,315,0.001042,0.01909539
head-adapt,sliced,316,0.004755,0.0228795
head-adapt,sliced,317,-0.021424,0.02043136
head-adapt,sliced,318,-0.012359,0.01626417
head-adapt,sliced,319,-0.000427,0.01777577
head-adapt,sliced,320,-0.012862,0.02311109
head-adapt,sliced,321,0.012814,0.01737969
head-adapt,sliced,322,-0.019233,0.01734073
head-adapt,sliced,323,-0.005655,0.01785614
head-adapt,sliced,324,-0.006241,0.01674203
head-adapt,sliced,325,0.009729,0.01943311
head-adapt,sliced,326,-0.003329,0.02007682
head-adapt,sliced,327,0.023544,0.01519478
head-adapt,sliced,328,-0.012629,0.02336232
head-adapt,sliced,329,-0.012534,0.01729885
head-adapt,sliced,330,0.025456,0.01788423
head-adapt,sliced,331,-0.01847,0.02012116
head-adapt,sliced,332,-0.008986,0.01501791
head-adapt,sliced,333,-0.03424,0.02024359
head-adapt,sliced,334,-0.0091,0.01336194
head-adapt,sliced,335,0.010315,0.01773107
head-adapt,sliced,336,-0.003181,0.02120232
head-adapt,sliced,337,0.015563,0.01787221
head-adapt,sliced,338,0.010569,0.0232927
head-adapt,sliced,339,0.003559,0.01897597
head-adapt,sliced,340,0.006085,0.02269442
head-adapt,sliced,341,-0.013441,0.01937658
head-adapt,sliced,342,-0.00621,0.01754174
head-adapt,sliced,343,0.012442,0.01883518
head-adapt,sliced,344,-0.007585,0.0216639
head-adapt,sliced,345,-0.041694,0.02062612
head-adapt,sliced,346,0.003447,0.01702228
head-adapt,sliced,347,0.003252,0.01424465
head-adapt,sliced,348,-0.00403,0.01927875
head-adapt,sliced,349,-0.001609,0.0167456
head-adapt,sliced,350,-0.00816,0.02370814
head-adapt,sliced,351,-0.018777,0.01838974
head-adapt,sliced,352,-0.005831,0.01993411
head-adapt,sliced,353,-0.001533,0.02141184
head-adapt,sliced,354,-0.016912,0.01886209
head-adapt,sliced,355,-0.016692,0.014863
head-adapt,sliced,356,0.009495,0.01662211
head-adapt,sliced,357,-0.019006,0.01748567
head-adapt,sliced,358,0.002897,0.01858464
head-adapt,sliced,359,-0.009628,0.01495369
head-adapt,sliced,360,0.018477,0.01661342
head-adapt,sliced,361,0.00646,0.02265889
head-adapt,sliced,362,0.003733,0.02061337
head-adapt,sliced,363,0.011758,0.02272242
head-adapt,sliced,364,0.014974,0.01637518
head-adapt,sliced,365,-0.009964,0.01647721
head-adapt,sliced,366,-0.033094,0.01873781
head-adapt,sliced,367,0.034086,0.02019855
head-adapt,sliced,368,-0.01823,0.01876762
head-adapt,sliced,369,0.01445,0.0174149
head-adapt,sliced,370,-0.001166,0.0172259
head-adapt,sliced,371,0.007365,0.01819601
head-adapt,sliced,372,-0.01312,0.01895024
head-adapt,sliced,373,-0.003655,0.01677873
head-adapt,sliced,374,-0.010425,0.0204745
head-adapt,sliced,375,0.013261,0.01623483
head-adapt,sliced,376,-0.007582,0.02111066
head-adapt,sliced,377,0.02194,0.02228086
head-adapt,sliced,378,0.004418,0.01469248
head-adapt,sliced,379,-0.009327,0.02295699
head-adapt,sliced,380,-0.019284,0.01585615
head-adapt,sliced,381,-0.006517,0.01400051
head-adapt,sliced,382,0.010666,0.0232788
head-adapt,sliced,383,-0.015738,0.01838907
head-adapt,sliced,384,-0.00823,0.01638824
head-adapt,sliced,385,-0.012636,0.01697027
head-adapt,sliced,386,0.010274,0.01780428
head-adapt,sliced,387,0.024267,0.02566356
head-adapt,sliced,388,0.010065,0.01996747
head-adapt,sliced,389,-0.005564,0.02024211
head-adapt,sliced,390,0.006951,0.01814631
head-adapt,sliced,391,-0.004021,0.016299
head-adapt,sliced,392,0.011127,0.01717475
head-adapt,sliced,393,-0.024332,0.01462868
head-adapt,sliced,394,5.5e-05,0.02289183
head-adapt,sliced,395,-0.011039,0.02469456
head-adapt,sliced,396,0.003103,0.0198471
head-adapt,sliced,397,0.010485,0.02297739
head-adapt,sliced,398,-0.000619,0.0182352
head-adapt,sliced,399,0.017683,0.01634607
head-adapt,sliced,400,0.018135,0.02019743
head-adapt,sliced,401,-0.010916,0.01694293
head-adapt,sliced,402,0.010691,0.02112458
head-adapt,sliced,403,0.008759,0.01988399
head-adapt,sliced,404,-0.027007,0.0162992
head-adapt,sliced,405,-0.005576,0.0188366
head-adapt,sliced,406,0.007922,0.02103732
head-adapt,sliced,407,0.015122,0.01734333
head-adapt,sliced,408,0.000524,0.01811674
head-adapt,sliced,409,0.025969,0.01781984
head-adapt,sliced,410,-0.010402,0.01837769
head-adapt,sliced,411,0.019033,0.01358912
head-adapt,sliced,412,0.007107,0.01601323
head-adapt,sliced,413,0.005594,0.02416614
head-adapt,sliced,414,0.002428,0.0136489
head-adapt,sliced,415,0.008477,0.0160698
head-adapt,sliced,416,-0.006353,0.0203783
head-adapt,sliced,417,-0.006019,0.02001107
head-adapt,sliced,418,-0.018131,0.01564446
head-adapt,sliced,419,0.021318,0.01831602
head-adapt,sliced,420,0.0137,0.01781694
head-adapt,sliced,421,0.022799,0.01642873
head-adapt,sliced,422,0.003807,0.0231204
head-adapt,sliced,423,0.008376,0.01487883
head-adapt,sliced,424,-0.017628,0.01784983
head-adapt,sliced,425,-0.014487,0.01842663
head-adapt,sliced,426,0.00087,0.01887633
head-adapt,sliced,427,0.002387,0.01703954
head-adapt,sliced,428,-0.02001,0.01763995
head-adapt,sliced,429,-0.005707,0.02072512
head-adapt,sliced,430,-0.004585,0.02357938
head-adapt,sliced,431,-0.001894,0.02114884
head-adapt,sliced,432,0.0059,0.01497713
head-adapt,sliced,433,-0.001933,0.02067576
head-adapt,sliced,434,0.006893,0.02427776
head-adapt,sliced,435,-0.018541,0.02012607
head-adapt,sliced,436,-0.000606,0.01921404
head-adapt,sliced,437,0.010862,0.01633811
head-adapt,sliced,438,0.004932,0.02169254
head-adapt,sliced,439,-0.003695,0.01998549
head-adapt,sliced,440,-0.002067,0.01794855
head-adapt,sliced,441,-0.010062,0.01492048
head-adapt,sliced,442,0.017632,0.02418897
head-adapt,sliced,443,-0.020364,0.01725209
head-adapt,sliced,444,-0.011213,0.02133405
head-adapt,sliced,445,-0.010994,0.01805592
head-adapt,sliced,446,-0.00356,0.01379063
head-adapt,sliced,447,-0.009476,0.0152227
head-adapt,sliced,448,-0.014855,0.01515572
head-adapt,sliced,449,0.000488,0.0191276
head-adapt,sliced,450,0.02354,0.01820177
head-adapt,sliced,451,0.003979,0.0223406
head-adapt,sliced,452,-0.002194,0.02122972
head-adapt,sliced,453,-0.010075,0.01915406
head-adapt,sliced,454,-0.005941,0.01783052
head-adapt,sliced,455,-0.002111,0.02034979
head-adapt,sliced,456,-0.007351,0.01678346
head-adapt,sliced,457,-0.006304,0.01591166
head-adapt,sliced,458,-0.000239,0.02107798
head-adapt,sliced,459,-0.014303,0.01774381
head-adapt,sliced,460,0.018775,0.01602771
head-adapt,sliced,461,-0.023925,0.01925112
head-adapt,sliced,462,-0.002066,0.0177306
head-adapt,sliced,463,0.005937,0.01878111
head-adapt,sliced,464,-0.009683,0.02134829
head-adapt,sliced,465,0.000578,0.0155505
head-adapt,sliced,466,-0.02218,0.01845628
head-adapt,sliced,467,0.011296,0.0212128
head-adapt,sliced,468,-0.022479,0.01794539
head-adapt,sliced,469,-0.031645,0.02160696
head-adapt,sliced,470,0.008397,0.02313655
head-adapt,sliced,471,0.001554,0.02014804
head-adapt,sliced,472,0.000404,0.02494936
head-adapt,sliced,473,-0.002103,0.01735914
head-adapt,sliced,474,0.000677,0.01658115
head-adapt,sliced,475,-0.011961,0.01411766
head-adapt,sliced,476,0.009895,0.02061834
head-adapt,sliced,477,0.015059,0.0158566
head-adapt,sliced,478,0.003438,0.01962904
head-adapt,sliced,479,-0.000598,0.01683375
head-adapt,sliced,480,0.013485,0.01678632
head-adapt,sliced,481,-0.014361,0.02054268
head-adapt,sliced,482,0.00096,0.01984542
head-adapt,sliced,483,-0.002883,0.01753517
head-adapt,sliced,484,-0.002718,0.01643575
head-adapt,sliced,485,-0.010533,0.01751767
head-adapt,sliced,486,0.021851,0.01415442
head-adapt,sliced,487,0.000218,0.01852701
head-adapt,sliced,488,0.001849,0.01833941
head-adapt,sliced,489,-0.014601,0.01880787
head-adapt,sliced,490,0.004558,0.02265199
head-adapt,sliced,491,0.004397,0.01975059
head-adapt,sliced,492,0.000645,0.01861482
head-adapt,sliced,493,0.01116,0.01709254
head-adapt,sliced,494,0.006002,0.01429755
head-adapt,sliced,495,-0.01123,0.02367508
head-adapt,sliced,496,-0.018138,0.01957921
head-adapt,sliced,497,0.006291,0.02125905
head-adapt,sliced,498,0.005677,0.01628694
head-adapt,sliced,499,0.01063,0.02260447
head-adapt,sliced,500,-0.0014,0.01837571
head-adapt,sliced,501,-0.017765,0.01685119
head-adapt,sliced,502,-0.00164,0.01423004
head-adapt,sliced,503,0.009417,0.01533977
head-adapt,sliced,504,0.013988,0.0167692
head-adapt,sliced,505,0.012934,0.0220712
head-adapt,sliced,506,0.001331,0.02079763
head-adapt,sliced,507,0.001231,0.02483387
head-adapt,sliced,508,-0.02355,0.01651622
head-adapt,sliced,509,0.011048,0.02288982
head-adapt,sliced,510,-0.00691,0.01789175
head-adapt,sliced,511,0.014769,0.01883344
head-adapt,sliced,512,-0.006275,0.01703797
head-adapt,sliced,513,-0.030076,0.02268854
head-adapt,sliced,514,0.003197,0.01713138
head-adapt,sliced,515,-0.012386,0.01830146
head-adapt,sliced,516,-0.002895,0.02063452
head-adapt,sliced,517,-0.011651,0.01517898
head-adapt,sliced,518,-0.002259,0.01486822
head-adapt,sliced,519,0.011603,0.01890162
head-adapt,sliced,520,0.024335,0.01820627
head-adapt,sliced,521,-0.011401,0.0156801
head-adapt,sliced,522,0.001905,0.01907695
head-adapt,sliced,523,0.013241,0.01532209
head-adapt,sliced,524,0.008857,0.01343225
head-adapt,sliced,525,-0.033726,0.01613628
head-adapt,sliced,526,0.018259,0.01643635
head-adapt,sliced,527,0.008954,0.02231664
head-adapt,sliced,528,-0.011902,0.01502281
head-adapt,sliced,529,0.009247,0.01433195
head-adapt,sliced,530,0.001744,0.01841109
head-adapt,sliced,531,0.003512,0.01807461
head-adapt,sliced,532,-0.014474,0.01776052
head-adapt,sliced,533,-0.033831,0.02179074
head-adapt,sliced,534,0.006633,0.02068164
head-adapt,sliced,535,0.001704,0.01810036
head-adapt,sliced,536,0.025974,0.01519512
head-adapt,sliced,537,0.000221,0.0194627
head-adapt,sliced,538,0.010569,0.02143789
head-adapt,sliced,539,-0.017255,0.02102139
head-adapt,sliced,540,0.003901,0.01727399
head-adapt,sliced,541,0.009187,0.01864474
head-adapt,sliced,542,-0.011245,0.02173069
head-adapt,sliced,543,0.008891,0.01688472
head-adapt,sliced,544,0.001394,0.01636626
head-adapt,sliced,545,-0.012213,0.01741292
head-adapt,sliced,546,0.018462,0.01684448
head-adapt,sliced,547,0.00148,0.01931116
head-adapt,sliced,548,0.014643,0.01514945
head-adapt,sliced,549,0.001361,0.01606698
head-adapt,sliced,550,-0.007684,0.01825949
head-adapt,sliced,551,-0.003045,0.01842221
head-adapt,sliced,552,0.007032,0.01742142
head-adapt,sliced,553,0.003266,0.01557764
head-adapt,sliced,554,0.000538,0.02296171
head-adapt,sliced,555,0.00516,0.01528956
head-adapt,sliced,556,-0.004679,0.01576041
head-adapt,sliced,557,0.016343,0.02127195
head-adapt,sliced,558,-0.004704,0.01569837
head-adapt,sliced,559,0.012897,0.01464106
head-adapt,sliced,560,0.026425,0.01677433
head-adapt,sliced,561,-0.017926,0.0118311
head-adapt,sliced,562,-0.007315,0.01735813
head-adapt,sliced,563,-0.011773,0.01803113
head-adapt,sliced,564,0.002934,0.01452134
head-adapt,sliced,565,-0.022846,0.01623517
head-adapt,sliced,566,0.005584,0.01707815
head-adapt,sliced,567,0.010384,0.01592143
head-adapt,sliced,568,0.017949,0.02065621
head-adapt,sliced,569,-0.020374,0.01770772
head-adapt,sliced,570,-0.014658,0.02025337
head-adapt,sliced,571,0.010821,0.01702556
head-adapt,sliced,572,-0.005791,0.02047361
head-adapt,sliced,573,-0.006511,0.01417852
head-adapt,sliced,574,-0.011776,0.01594074
head-adapt,sliced,575,-0.012561,0.02313959
head-adapt,sliced,576,-0.004441,0.01744257
head-adapt,sliced,577,0.023039,0.01677818
head-adapt,sliced,578,0.004093,0.02048033
head-adapt,sliced,579,-0.009999,0.01814347
head-adapt,sliced,580,-0.001947,0.01764552
head-adapt,sliced,581,-0.002023,0.01825259
head-adapt,sliced,582,-0.02299,0.01443684
head-adapt,sliced,583,0.011936,0.01557338
head-adapt,sliced,584,0.015637,0.01774786
head-adapt,sliced,585,0.004567,0.01666921
head-adapt,sliced,586,-0.009427,0.01851025
head-adapt,sliced,587,0.00843,0.01865882
head-adapt,sliced,588,-0.011373,0.01519201
head-adapt,sliced,589,0.006305,0.01495198
head-adapt,sliced,590,-0.01497,0.01948261
head-adapt,sliced,591,0.002646,0.01858686
head-adapt,sliced,592,0.002124,0.01735391
head-adapt,sliced,593,0.005097,0.01807503
head-adapt,sliced,594,0.000577,0.02080753
head-adapt,sliced,595,-0.012315,0.01900457
head-adapt,sliced,596,0.017932,0.0177382
head-adapt,sliced,597,-0.006744,0.01683956
head-adapt,sliced,598,-0.007229,0.01649623
head-adapt,sliced,599,-0.018214,0.01890385
head-adapt,sliced,600,-0.022359,0.01692484
head-adapt,sliced,601,-0.018658,0.01536499
head-adapt,sliced,602,-0.019705,0.01799898
head-adapt,sliced,603,-0.007337,0.01703488
head-adapt,sliced,604,-0.010966,0.01530525
head-adapt,sliced,605,-0.000868,0.01917629
head-adapt,sliced,606,0.003162,0.01627732
head-adapt,sliced,607,-0.008627,0.01821534
head-adapt,sliced,608,-0.021669,0.01937929
head-adapt,sliced,609,0.022054,0.01837188
head-adapt,sliced,610,0.012742,0.01504331
head-adapt,sliced,611,-0.014656,0.01899737
head-adapt,sliced,612,0.015243,0.01479094
head-adapt,sliced,613,0.007513,0.01670962
head-adapt,sliced,614,-0.010288,0.01979456
head-adapt,sliced,615,-0.025265,0.02037499
head-adapt,sliced,616,0.006468,0.0205601
head-adapt,sliced,617,0.00876,0.01848077
head-adapt,sliced,618,-8.1e-05,0.0146221
head-adapt,sliced,619,0.006042,0.01825207
head-adapt,sliced,620,0.004267,0.01929043
head-adapt,sliced,621,-0.015055,0.01642336
head-adapt,sliced,622,0.011714,0.02147321
head-adapt,sliced,623,0.0073,0.01543164
head-adapt,sliced,624,0.007597,0.02018461
head-adapt,sliced,625,-0.010343,0.01896321
head-adapt,sliced,626,-0.010868,0.02143688
head-adapt,sliced,627,-0.007537,0.0164084
head-adapt,sliced,628,-0.004118,0.02168655
head-adapt,sliced,629,-0.005155,0.01891805
head-adapt,sliced,630,-0.019816,0.01812091
head-adapt,sliced,631,-0.019687,0.01774645
head-adapt,sliced,632,0.019997,0.01538084
head-adapt,sliced,633,0.005787,0.02293171
head-adapt,sliced,634,0.016124,0.01572174
head-adapt,sliced,635,0.012791,0.01400162
head-adapt,sliced,636,-0.009731,0.01455866
head-adapt,sliced,637,0.011292,0.01972297
head-adapt,sliced,638,-0.005947,0.01827137
head-adapt,sliced,639,0.015428,0.01864203
head-adapt,sliced,640,0.016443,0.0159617
head-adapt,sliced,641,-0.003537,0.02086442
head-adapt,sliced,642,0.001449,0.01289771
head-adapt,sliced,643,-0.009016,0.0186233
head-adapt,sliced,644,-0.012611,0.01870164
head-adapt,sliced,645,0.003755,0.01523566
head-adapt,sliced,646,-0.016796,0.01989723
head-adapt,sliced,647,-0.025222,0.01747386
head-adapt,sliced,648,0.010123,0.01634464
head-adapt,sliced,649,-0.008108,0.02349228
head-adapt,sliced,650,0.004085,0.01656971
head-adapt,sliced,651,0.012412,0.01770796
head-adapt,sliced,652,0.006653,0.01902303
head-adapt,sliced,653,-0.001319,0.01661666
head-adapt,sliced,654,0.001524,0.01689555
head-adapt,sliced,655,-0.00266,0.016711
head-adapt,sliced,656,0.01761,0.01579615
head-adapt,sliced,657,-0.016313,0.01554573
head-adapt,sliced,658,0.009152,0.01860739
head-adapt,sliced,659,-0.017689,0.0154927
head-adapt,sliced,660,0.021079,0.01731742
head-adapt,sliced,661,-0.004209,0.01861706
head-adapt,sliced,662,0.009123,0.01777869
head-adapt,sliced,663,0.002579,0.0174115
head-adapt,sliced,664,0.000966,0.02270779
head-adapt,sliced,665,-0.019666,0.01895116
head-adapt,sliced,666,0.005201,0.01772557
head-adapt,sliced,667,-0.001754,0.01503586
head-adapt,sliced,668,0.026246,0.01608278
head-adapt,sliced,669,-0.016381,0.0166097
head-adapt,sliced,670,0.006164,0.01467977
head-adapt,sliced,671,0.012394,0.01342883
head-adapt,sliced,672,0.001238,0.01798219
head-adapt,sliced,673,0.000499,0.01760444
head-adapt,sliced,674,0.008258,0.0175268
head-adapt,sliced,675,0.014617,0.01980915
head-adapt,sliced,676,-0.021239,0.01839206
head-adapt,sliced,677,0.001992,0.01586889
head-adapt,sliced,678,-0.011923,0.01918236
head-adapt,sliced,679,-0.017608,0.01943756
head-adapt,sliced,680,-0.006691,0.01863018
head-adapt,sliced,681,-0.011504,0.01695638
head-adapt,sliced,682,-0.026833,0.01874618
head-adapt,sliced,683,0.000897,0.02020294
head-adapt,sliced,684,0.005065,0.01774379
head-adapt,sliced,685,-0.003426,0.0184551
head-adapt,sliced,686,-0.023464,0.01442003
head-adapt,sliced,687,0.01806,0.01690923
head-adapt,sliced,688,0.01216,0.017723
head-adapt,sliced,689,0.017477,0.01689611
head-adapt,sliced,690,-0.007271,0.02089119
head-adapt,sliced,691,0.016651,0.01703511
head-adapt,sliced,692,0.022594,0.01630489
head-adapt,sliced,693,0.018051,0.01698137
head-adapt,sliced,694,0.008434,0.01881057
head-adapt,sliced,695,0.006229,0.01862617
head-adapt,sliced,696,-0.002061,0.01544623
head-adapt,sliced,697,-0.005415,0.02048689
head-adapt,sliced,698,0.005266,0.01667695
head-adapt,sliced,699,-0.002228,0.01802182
head-adapt,sliced,700,0.01996,0.01480654
head-adapt,sliced,701,-0.020155,0.01622416
head-adapt,sliced,702,0.011661,0.01707903
head-adapt,sliced,703,0.007021,0.01938668
head-adapt,sliced,704,-0.005342,0.01857155
head-adapt,sliced,705,0.015766,0.02075902
head-adapt,sliced,706,0.014317,0.01495647
head-adapt,sliced,707,0.014719,0.01457472
head-adapt,sliced,708,-0.008301,0.01796119
head-adapt,sliced,709,0.005587,0.01953328
head-adapt,sliced,710,0.026155,0.01853746
head-adapt,sliced,711,-0.011039,0.01527632
head-adapt,sliced,712,0.017558,0.01807343
head-adapt,sliced,713,0.013031,0.01652057
head-adapt,sliced,714,-0.002705,0.01747333
head-adapt,sliced,715,0.021356,0.02164626
head-adapt,sliced,716,-0.007995,0.02181698
head-adapt,sliced,717,-0.010652,0.01596164
head-adapt,sliced,718,-0.016265,0.01679096
head-adapt,sliced,719,-0.000619,0.01646627
head-adapt,sliced,720,0.013163,0.0178078
head-adapt,sliced,721,-0.019319,0.01687409
head-adapt,sliced,722,-0.009957,0.01944842
head-adapt,sliced,723,-0.009383,0.01709883
head-adapt,sliced,724,-0.020785,0.0174129
head-adapt,sliced,725,0.016184,0.01692581
head-adapt,sliced,726,-0.004043,0.01698483
head-adapt,sliced,727,0.010981,0.01872615
head-adapt,sliced,728,0.004737,0.0147342
head-adapt,sliced,729,0.015183,0.01548153
head-adapt,sliced,730,-0.001175,0.01690435
head-adapt,sliced,731,-0.014089,0.01796587
head-adapt,sliced,732,-0.011912,0.02326214
head-adapt,sliced,733,-0.004258,0.01428047
head-adapt,sliced,734,0.001111,0.01542519
head-adapt,sliced,735,-0.003974,0.01967306
head-adapt,sliced,736,-0.006599,0.01785472
head-adapt,sliced,737,0.011011,0.01596971
head-adapt,sliced,738,0.003541,0.01631241
head-adapt,sliced,739,-0.017687,0.01387961
head-adapt,sliced,740,0.00772,0.01536266
head-adapt,sliced,741,0.004627,0.01640013
head-adapt,sliced,742,0.010374,0.01860618
head-adapt,sliced,743,-0.006499,0.01488796
head-adapt,sliced,744,0.024277,0.02059656
head-adapt,sliced,745,0.002158,0.01806763
head-adapt,sliced,746,-0.010962,0.01596694
head-adapt,sliced,747,0.023569,0.01478018
head-adapt,sliced,748,-0.005188,0.01768421
head-adapt,sliced,749,-0.031011,0.01604896
head-adapt,sliced,750,-0.011154,0.01843567
head-adapt,sliced,751,-0.003695,0.01766712
head-adapt,sliced,752,-0.007859,0.0134618
head-adapt,sliced,753,-0.0084,0.01568835
head-adapt,sliced,754,-0.04079,0.01701653
head-adapt,sliced,755,0.006108,0.0176887
head-adapt,sliced,756,-0.003238,0.01918693
head-adapt,sliced,757,0.001595,0.01640923
head-adapt,sliced,758,0.030241,0.01608614
head-adapt,sliced,759,0.016588,0.01711011
head-adapt,sliced,760,-0.025359,0.01903105
head-adapt,sliced,761,0.024132,0.01840976
head-adapt,sliced,762,-0.01326,0.01863461
head-adapt,sliced,763,0.004536,0.01594387
head-adapt,sliced,764,-0.001964,0.01600857
head-adapt,sliced,765,-0.024371,0.01498001
head-adapt,sliced,766,0.000954,0.01311063
head-adapt,sliced,767,0.007595,0.01826509
head-adapt,sliced,768,-0.017528,0.01905102
head-adapt,sliced,769,-0.01516,0.01580431
head-adapt,sliced,770,-0.019044,0.01681607
head-adapt,sliced,771,-0.020226,0.01880698
head-adapt,sliced,772,0.004842,0.02108579
head-adapt,sliced,773,0.021693,0.01494584
head-adapt,sliced,774,0.001383,0.01769777
head-adapt,sliced,775,-0.013117,0.0174213
head-adapt,sliced,776,0.012231,0.01651007
head-adapt,sliced,777,-0.005023,0.0150969
head-adapt,sliced,778,-0.007078,0.01648149
head-adapt,sliced,779,0.0036,0.01853031
head-adapt,sliced,780,-0.012182,0.01611043
head-adapt,sliced,781,-0.009675,0.01715912
head-adapt,sliced,782,0.002461,0.02053745
head-adapt,sliced,783,-0.009118,0.01701783
head-adapt,sliced,784,0.024167,0.01578143
head-adapt,sliced,785,0.007441,0.02002367
head-adapt,sliced,786,0.014164,0.01379961
head-adapt,sliced,787,-0.013676,0.01874822
head-adapt,sliced,788,-0.021953,0.0160534
head-adapt,sliced,789,0.004105,0.01726528
head-adapt,sliced,790,-0.002709,0.01719925
head-adapt,sliced,791,0.020621,0.01864059
head-adapt,sliced,792,-1e-06,0.01782126
head-adapt,sliced,793,0.008809,0.01501216
head-adapt,sliced,794,0.017084,0.01534012
head-adapt,sliced,795,0.003,0.02206737
head-adapt,sliced,796,0.021281,0.01828074
head-adapt,sliced,797,0.010908,0.01772073
head-adapt,sliced,798,0.012067,0.01745815
head-adapt,sliced,799,-0.004119,0.01623219
head-adapt,sliced,800,-0.007071,0.01647577
head-adapt,sliced,801,-0.002991,0.01794779
head-adapt,sliced,802,-0.024531,0.01603375
head-adapt,sliced,803,-0.008528,0.02189484
head-adapt,sliced,804,0.003178,0.01717555
head-adapt,sliced,805,-0.024735,0.01794939
head-adapt,sliced,806,0.011917,0.01389175
head-adapt,sliced,807,-0.004604,0.01753207
head-adapt,sliced,808,-0.014491,0.01854107
head-adapt,sliced,809,-0.010969,0.02002945
head-adapt,sliced,810,0.005447,0.01588866
head-adapt,sliced,811,0.019476,0.01685942
head-adapt,sliced,812,-0.001235,0.02228037
head-adapt,sliced,813,-0.021806,0.01353957
head-adapt,sliced,814,-0.003095,0.01601866
head-adapt,sliced,815,0.014611,0.02012896
head-adapt,sliced,816,0.005442,0.01905426
head-adapt,sliced,817,-0.020215,0.01617806
head-adapt,sliced,818,-0.012743,0.01338862
head-adapt,sliced,819,-0.014103,0.01449381
head-adapt,sliced,820,-0.008688,0.02275178
head-adapt,sliced,821,0.009763,0.0163154
head-adapt,sliced,822,0.007649,0.0211535
head-adapt,sliced,823,0.001508,0.01706222
head-adapt,sliced,824,0.019013,0.01944634
head-adapt,sliced,825,0.017345,0.02303066
head-adapt,sliced,826,-0.025756,0.02132315
head-adapt,sliced,827,0.01481,0.01385347
head-adapt,sliced,828,-0.011158,0.01762406
head-adapt,sliced,829,0.012934,0.02102845
head-adapt,sliced,830,-0.007861,0.02245607
head-adapt,sliced,831,-0.008038,0.01850508
head-adapt,sliced,832,0.004855,0.01847545
head-adapt,sliced,833,0.015446,0.01892128
head-adapt,sliced,834,-0.017503,0.01632157
head-adapt,sliced,835,-0.000393,0.01914901
head-adapt,sliced,836,0.017033,0.01813727
head-adapt,sliced,837,-0.004876,0.01808017
head-adapt,sliced,838,-0.003865,0.01576677
head-adapt,sliced,839,-0.01726,0.01682718
head-adapt,sliced,840,0.014963,0.01601433
head-adapt,sliced,841,0.010223,0.01964864
head-adapt,sliced,842,-0.006522,0.02184808
head-adapt,sliced,843,0.020866,0.0172475
head-adapt,sliced,844,0.016616,0.01744562
head-adapt,sliced,845,0.005806,0.01536989
head-adapt,sliced,846,-0.014958,0.01866453
head-adapt,sliced,847,-0.002003,0.01927109
head-adapt,sliced,848,0.004038,0.02031043
head-adapt,sliced,849,0.013149,0.01695076
head-adapt,sliced,850,0.022682,0.01499518
head-adapt,sliced,851,0.004094,0.01838124
head-adapt,sliced,852,0.007858,0.01518633
head-adapt,sliced,853,-0.008107,0.01589539
head-adapt,sliced,854,-0.015941,0.01702445
head-adapt,sliced,855,-0.009873,0.01670703
head-adapt,sliced,856,0.023263,0.01756048
head-adapt,sliced,857,-0.031331,0.01628915
head-adapt,sliced,858,-0.001953,0.01794291
head-adapt,sliced,859,0.011575,0.01641311
head-adapt,sliced,860,0.018697,0.0194453
head-adapt,sliced,861,0.014607,0.02445195
head-adapt,sliced,862,0.003569,0.01853766
head-adapt,sliced,863,-0.02934,0.01459774
head-adapt,sliced,864,-0.006133,0.017201
head-adapt,sliced,865,-0.017667,0.01883171
head-adapt,sliced,866,0.007327,0.0138961
head-adapt,sliced,867,0.018383,0.01739037
head-adapt,sliced,868,0.006043,0.01829277
head-adapt,sliced,869,0.002109,0.01782191
head-adapt,sliced,870,0.000731,0.0174696
head-adapt,sliced,871,0.011152,0.01620665
head-adapt,sliced,872,0.01124,0.01550981
head-adapt,sliced,873,0.024366,0.01470933
head-adapt,sliced,874,0.009462,0.01688262
head-adapt,sliced,875,-0.009107,0.01998052
head-adapt,sliced,876,0.015252,0.01625101
head-adapt,sliced,877,0.004128,0.01806458
head-adapt,sliced,878,0.008854,0.0187858
head-adapt,sliced,879,0.008227,0.02059983
head-adapt,sliced,880,0.005361,0.01873024
head-adapt,sliced,881,-0.027283,0.01574494
head-adapt,sliced,882,0.014615,0.02170846
head-adapt,sliced,883,0.000212,0.02149256
head-adapt,sliced,884,0.027644,0.01822915
head-adapt,sliced,885,0.013131,0.01632202
head-adapt,sliced,886,0.0007,0.01363549
head-adapt,sliced,887,-0.012159,0.01895348
head-adapt,sliced,888,-0.000375,0.01874385
head-adapt,sliced,889,0.004549,0.01752444
head-adapt,sliced,890,-0.002928,0.01682132
head-adapt,sliced,891,0.000257,0.01935883
head-adapt,sliced,892,0.005427,0.01881937
head-adapt,sliced,893,-0.001101,0.020325
head-adapt,sliced,894,0.002819,0.01872325
head-adapt,sliced,895,-0.023142,0.01698919
head-adapt,sliced,896,-0.022651,0.01605086
head-adapt,sliced,897,0.002982,0.01521121
head-adapt,sliced,898,-0.013941,0.0208746
head-adapt,sliced,899,0.008346,0.01709075
head-adapt,sliced,900,-0.02366,0.01677742
head-adapt,sliced,901,-0.00706,0.01705664
head-adapt,sliced,902,0.017114,0.01919038
head-adapt,sliced,903,0.000493,0.01768921
head-adapt,sliced,904,0.004391,0.01577142
head-adapt,sliced,905,-0.000332,0.01780088
head-adapt,sliced,906,0.011911,0.01812913
head-adapt,sliced,907,0.005927,0.02083179
head-adapt,sliced,908,-0.002975,0.01402331
head-adapt,sliced,909,-0.012176,0.0158461
head-adapt,sliced,910,-0.007847,0.01750842
head-adapt,sliced,911,-0.009724,0.01621655
head-adapt,sliced,912,0.020889,0.01518071
head-adapt,sliced,913,-0.00825,0.0191375
head-adapt,sliced,914,-0.021373,0.02308687
head-adapt,sliced,915,-0.006889,0.01522245
head-adapt,sliced,916,-0.012228,0.01730064
head-adapt,sliced,917,-0.01144,0.01788048
head-adapt,sliced,918,-0.00566,0.01823024
head-adapt,sliced,919,-0.01171,0.01818438
head-adapt,sliced,920,0.005462,0.0236695
head-adapt,sliced,921,-0.00523,0.01677351
head-adapt,sliced,922,0.018907,0.01616203
head-adapt,sliced,923,0.01275,0.02011794
head-adapt,sliced,924,-0.0269,0.01800373
head-adapt,sliced,925,0.009559,0.01726597
head-adapt,sliced,926,-0.001346,0.0166262
head-adapt,sliced,927,0.010596,0.02397629
head-adapt,sliced,928,0.008803,0.01789044
head-adapt,sliced,929,0.004597,0.01800492
head-adapt,sliced,930,0.00347,0.01542228
head-adapt,sliced,931,-0.001002,0.01654474
head-adapt,sliced,932,-0.014311,0.01490385
head-adapt,sliced,933,-0.021212,0.01644171
head-adapt,sliced,934,-0.015495,0.01803497
head-adapt,sliced,935,0.021669,0.01808793
head-adapt,sliced,936,-0.000286,0.01655464
head-adapt,sliced,937,0.005419,0.01959011
head-adapt,sliced,938,-0.012157,0.01732418
head-adapt,sliced,939,-0.001012,0.01836409
head-adapt,sliced,940,-0.02108,0.01604831
head-adapt,sliced,941,-0.007796,0.01602582
head-adapt,sliced,942,0.006059,0.01844534
head-adapt,sliced,943,0.005299,0.02031615
head-adapt,sliced,944,-0.009914,0.01451362
head-adapt,sliced,945,-0.008591,0.02014854
head-adapt,sliced,946,0.004049,0.01906039
head-adapt,sliced,947,0.017704,0.01643097
head-adapt,sliced,948,-0.002546,0.01771857
head-adapt,sliced,949,-0.015838,0.02172593
head-adapt,sliced,950,-0.003487,0.02128679
head-adapt,sliced,951,-0.015138,0.02205574
head-adapt,sliced,952,0.003734,0.01790703
head-adapt,sliced,953,0.010154,0.01917407
head-adapt,sliced,954,0.006198,0.01713176
head-adapt,sliced,955,-0.006545,0.0162906
head-adapt,sliced,956,0.006215,0.01854941
head-adapt,sliced,957,0.022543,0.01622334
head-adapt,sliced,958,-0.008558,0.02620516
head-adapt,sliced,959,-0.019492,0.01916219
head-adapt,sliced,960,0.002727,0.0151455
head-adapt,sliced,961,-0.010787,0.0164345
head-adapt,sliced,962,-0.006355,0.01890311
head-adapt,sliced,963,-0.02559,0.01592055
head-adapt,sliced,964,0.000575,0.0152492
head-adapt,sliced,965,-0.002748,0.01367756
head-adapt,sliced,966,0.013444,0.01595054
head-adapt,sliced,967,-0.00013,0.01645573
head-adapt,sliced,968,-0.013492,0.01877929
head-adapt,sliced,969,0.010352,0.01802097
head-adapt,sliced,970,0.003049,0.01527653
head-adapt,sliced,971,0.017388,0.01954723
head-adapt,sliced,972,0.012909,0.01603621
head-adapt,sliced,973,0.03072,0.01697867
head-adapt,sliced,974,0.02333,0.0159472
head-adapt,sliced,975,0.001859,0.01951354
head-adapt,sliced,976,0.007082,0.01655626
head-adapt,sliced,977,0.011069,0.01531477
head-adapt,sliced,978,-0.003263,0.01771193
head-adapt,sliced,979,0.000976,0.02058119
head-adapt,sliced,980,0.017892,0.01453911
head-adapt,sliced,981,0.01239,0.01614089
head-adapt,sliced,982,-0.017574,0.02141825
head-adapt,sliced,983,0.008003,0.01848828
head-adapt,sliced,984,0.004966,0.01677138
head-adapt,sliced,985,-0.001225,0.01199071
head-adapt,sliced,986,0.012528,0.01854275
head-adapt,sliced,987,-0.009574,0.01714762
head-adapt,sliced,988,-0.009422,0.01890538
head-adapt,sliced,989,-0.002438,0.01834349
head-adapt,sliced,990,-0.0118,0.01537742
head-adapt,sliced,991,0.002803,0.01922951
head-adapt,sliced,992,-0.005564,0.01949666
head-adapt,sliced,993,-0.022769,0.02008352
head-adapt,sliced,994,0.00609,0.01379479
head-adapt,sliced,995,-0.019419,0.02023205
head-adapt,sliced,996,-0.000754,0.02010443
head-adapt,sliced,997,-0.009942,0.01809301
head-adapt,sliced,998,0.020122,0.01674854
head-adapt,sliced,999,-0.006452,0.01932078
head-adapt,sliced,1000,-0.000468,0.01655786
head-adapt,sliced,1001,-0.005802,0.01846368
head-adapt,sliced,1002,0.013285,0.01652073
head-adapt,sliced,1003,-0.030703,0.02026422
head-adapt,sliced,1004,-0.016781,0.01973343
head-adapt,sliced,1005,0.017646,0.01752622
head-adapt,sliced,1006,0.009221,0.01832727
head-adapt,sliced,1007,-0.017818,0.01825174
head-adapt,sliced,1008,0.012534,0.01494701
head-adapt,sliced,1009,-0.00311,0.01834339
head-adapt,sliced,1010,0.008375,0.01684625
head-adapt,sliced,1011,-0.015665,0.01489697
head-adapt,sliced,1012,-0.009272,0.01686615
head-adapt,sliced,1013,0.012621,0.0150901
head-adapt,sliced,1014,0.002586,0.01853677
head-adapt,sliced,1015,0.00184,0.02229325
head-adapt,sliced,1016,0.008433,0.01705136
head-adapt,sliced,1017,-0.017899,0.01772148
head-adapt,sliced,1018,-0.019374,0.01653561
head-adapt,sliced,1019,-0.005008,0.01764076
head-adapt,sliced,1020,0.027704,0.01657568
head-adapt,sliced,1021,-0.024654,0.01733804
head-adapt,sliced,1022,0.0253,0.01754661
head-adapt,sliced,1023,0.023481,0.01607654
head-adapt,bn,0,-0.012653,0.92105132
head-adapt,bn,1,-0.019693,0.94989049
head-adapt,bn,2,0.031402,0.89006132
head-adapt,bn,3,-0.034656,0.88977289
head-adapt,bn,4,0.019631,0.92426825
head-adapt,bn,5,-0.056669,0.91501814
head-adapt,bn,6,0.015035,0.99552369
head-adapt,bn,7,0.018974,1.00273287
head-adapt,bn,8,-0.050397,1.00880146
head-adapt,bn,9,0.014358,0.92671305
head-adapt,bn,10,0.004709,0.9345665
head-adapt,bn,11,0.048026,0.93504333
head-adapt,bn,12,-0.003371,0.90810829
head-adapt,bn,13,0.03821,0.91717541
head-adapt,bn,14,0.053353,0.91903293
head-adapt,bn,15,-0.029303,0.89052534
head-adapt,bn,16,-0.020297,0.85084772
head-adapt,bn,17,-0.071238,0.86794811
head-adapt,bn,18,0.037291,0.75536007
head-adapt,bn,19,-0.038481,0.75833887
head-adapt,bn,20,0.014396,0.85234243
head-adapt,bn,21,0.043117,0.8102746
head-adapt,bn,22,-0.011976,0.77742594
head-adapt,bn,23,0.016316,0.81111717
head-adapt,bn,24,0.038177,0.74297661
head-adapt,bn,25,0.012888,0.78386945
head-adapt,bn,26,0.026225,0.8376947
head-adapt,bn,27,0.065481,0.74451476
head-adapt,bn,28,0.017156,0.85805333
head-adapt,bn,29,-0.006353,0.81932253
head-adapt,bn,30,0.033748,0.77624291
head-adapt,bn,31,-0.025225,0.84480137
head-adapt,bn,32,-0.043732,0.76194972
head-adapt,bn,33,0.020335,0.79472554
head-adapt,bn,34,-0.003059,0.78433686
head-adapt,bn,35,0.020812,0.81603873
head-adapt,bn,36,-0.009954,0.82201731
head-adapt,bn,37,0.026159,0.74139112
head-adapt,bn,38,0.005293,0.73708785
head-adapt,bn,39,-0.043606,0.72825217
head-adapt,bn,40,-0.046806,0.71416408
head-adapt,bn,41,0.020195,0.75173777
head-adapt,bn,42,0.051531,0.75736809
head-adapt,bn,43,-0.05131,0.76163238
head-adapt,bn,44,0.06236,0.7107358
head-adapt,bn,45,-0.035167,0.7603392
head-adapt,bn,46,0.034986,0.71611458
head-adapt,bn,47,0.061828,0.73847824
head-adapt,bn,48,0.000561,0.77781498
head-adapt,bn,49,-0.023269,0.8043797
head-adapt,bn,50,0.018303,0.75797957
head-adapt,bn,51,-0.010835,0.75444871
head-adapt,bn,52,-0.06315,0.79324007
head-adapt,bn,53,-0.003102,0.73472494
head-adapt,bn,54,-0.082177,0.77539235
head-adapt,bn,55,-0.055257,0.7247563
head-adapt,bn,56,0.106016,0.7362144
head-adapt,bn,57,0.001779,0.7474907
head-adapt,bn,58,0.014921,0.72348446
head-adapt,bn,59,0.028123,0.77394539
head-adapt,bn,60,0.013871,0.76806223
head-adapt,bn,61,-0.012582,0.72903502
head-adapt,bn,62,0.019114,0.81676811
head-adapt,bn,63,-0.01442,0.76814109
head-adapt,bn,64,0.005469,0.81355131
head-adapt,bn,65,-0.033247,0.78477973
head-adapt,bn,66,-0.026247,0.76485538
head-adapt,bn,67,-0.039265,0.78184396
head-adapt,bn,68,-0.077082,0.69947356
head-adapt,bn,69,0.033202,0.84167808
head-adapt,bn,70,-0.01988,0.79444033
head-adapt,bn,71,0.023022,0.77379614
head-adapt,bn,72,0.021956,1.06121075
head-adapt,bn,73,0.011771,0.86290324
head-adapt,bn,74,-0.019654,0.74741781
head-adapt,bn,75,-0.003559,0.77022445
head-adapt,bn,76,-0.047331,0.75570405
head-adapt,bn,77,0.073147,0.79323238
head-adapt,bn,78,-0.036624,0.87286413
head-adapt,bn,79,-0.052435,0.83678836
head-adapt,bn,80,-0.057726,0.72180033
head-adapt,bn,81,0.034384,0.74033362
head-adapt,bn,82,-0.111845,0.81847012
head-adapt,bn,83,-0.000152,0.75367826
head-adapt,bn,84,0.054466,0.77212739
head-adapt,bn,85,-0.031,0.79234242
head-adapt,bn,86,-0.044463,0.76037455
head-adapt,bn,87,-0.006515,0.77258295
head-adapt,bn,88,0.017814,0.81667978
head-adapt,bn,89,0.00961,0.8021884
head-adapt,bn,90,-0.061408,0.79244047
head-adapt,bn,91,-0.011616,0.74465096
head-adapt,bn,92,-0.058955,0.73299927
head-adapt,bn,93,-0.0186,0.86249781
head-adapt,bn,94,0.0245,0.85549289
head-adapt,bn,95,0.048253,0.75438464
head-adapt,bn,96,0.018134,0.81304991
head-adapt,bn,97,-0.027569,0.74912757
head-adapt,bn,98,0.037021,0.73572743
head-adapt,bn,99,-0.035472,0.71759516
head-adapt,bn,100,0.052436,0.77050412
head-adapt,bn,101,0.010168,0.75551319
head-adapt,bn,102,0.021963,0.75846177
head-adapt,bn,103,0.000106,0.76359916
head-adapt,bn,104,0.008992,0.79574746
head-adapt,bn,105,0.045182,0.71489257
head-adapt,bn,106,0.047463,0.79754537
head-adapt,bn,107,-0.012259,0.7026965
head-adapt,bn,108,0.03625,0.82216758
head-adapt,bn,109,-0.012791,0.79042715
head-adapt,bn,110,-0.001283,0.86153901
head-adapt,bn,111,0.007458,0.7955097
head-adapt,bn,112,-0.025762,0.78954279
head-adapt,bn,113,-0.022686,0.7840941
head-adapt,bn,114,-0.017777,0.79131991
head-adapt,bn,115,0.017247,0.75691408
head-adapt,bn,116,-0.038845,0.79241484
head-adapt,bn,117,0.059766,0.72920209
head-adapt,bn,118,-0.109884,0.79669517
head-adapt,bn,119,0.028856,0.75748104
head-adapt,bn,120,0.015102,0.843539
head-adapt,bn,121,-0.044829,0.74538958
head-adapt,bn,122,0.003587,0.78025478
head-adapt,bn,123,-0.060502,0.85124731
head-adapt,bn,124,-0.001946,0.84162587
head-adapt,bn,125,-0.005918,0.81798178
head-adapt,bn,126,0.021065,0.83844316
head-adapt,bn,127,0.008398,0.79193014
head-adapt,bn,128,0.024612,0.79125947
head-adapt,bn,129,0.01959,0.77869475
head-adapt,bn,130,0.020767,0.75738376
head-adapt,bn,131,-0.076812,0.8051585
head-adapt,bn,132,0.039492,0.83671772
head-adapt,bn,133,-0.026169,0.86107534
head-adapt,bn,134,0.033076,0.76060808
head-adapt,bn,135,0.029992,0.91689497
head-adapt,bn,136,0.049585,0.7419259
head-adapt,bn,137,-0.009472,0.87492794
head-adapt,bn,138,-0.057436,0.73999345
head-adapt,bn,139,-0.049902,0.87982255
head-adapt,bn,140,0.010756,0.80544674
head-adapt,bn,141,-0.011491,0.81411904
head-adapt,bn,142,0.062209,0.92395508
head-adapt,bn,143,-0.053535,0.83880216
head-adapt,bn,144,-0.0127,0.7556169
head-adapt,bn,145,0.035153,0.91441268
head-adapt,bn,146,-0.010752,0.82329267
head-adapt,bn,147,-0.047888,0.75417191
head-adapt,bn,148,0.027513,0.81546664
head-adapt,bn,149,-0.016978,0.79398412
head-adapt,bn,150,0.016414,0.84137493
head-adapt,bn,151,0.130853,0.80949354
head-adapt,bn,152,-0.019468,0.88023669
head-adapt,bn,153,0.033989,0.71293724
head-adapt,bn,154,0.05257,0.80745375
head-adapt,bn,155,-0.006953,0.71943927
head-adapt,bn,156,0.045194,0.86607695
head-adapt,bn,157,-0.018251,0.9113484
head-adapt,bn,158,0.048661,0.84968954
head-adapt,bn,159,0.027488,0.74902928
head-adapt,bn,160,0.048744,0.75308961
head-adapt,bn,161,0.013234,0.82005453
head-adapt,bn,162,0.006261,0.77298898
head-adapt,bn,163,0.037377,0.79930168
head-adapt,bn,164,-0.030599,0.75922239
head-adapt,bn,165,-0.02336,0.90903682
head-adapt,bn,166,0.092253,0.78162372
head-adapt,bn,167,-0.035047,0.79119045
head-adapt,bn,168,-0.011505,0.80165982
head-adapt,bn,169,-0.03703,0.73077589
head-adapt,bn,170,-0.014138,0.98558205
head-adapt,bn,171,-0.062732,0.80031502
head-adapt,bn,172,0.000632,0.86899775
head-adapt,bn,173,-0.02331,0.81904942
head-adapt,bn,174,-0.017418,0.7934286
head-adapt,bn,175,0.023703,0.80383462
head-adapt,bn,176,0.049529,0.77120918
head-adapt,bn,177,-0.035543,0.89272463
head-adapt,bn,178,0.023196,0.88506353
head-adapt,bn,179,-0.050308,0.88688546
head-adapt,bn,180,0.016453,0.77668244
head-adapt,bn,181,0.006809,0.82347095
head-adapt,bn,182,-0.022455,0.77270824
head-adapt,bn,183,0.051693,0.78239214
head-adapt,bn,184,0.00697,0.86964953
head-adapt,bn,185,-0.016735,0.88338685
head-adapt,bn,186,0.007956,0.82555652
head-adapt,bn,187,-0.036781,0.75717324
head-adapt,bn,188,-0.015759,0.83965087
head-adapt,bn,189,0.007436,0.78525764
head-adapt,bn,190,-0.021297,0.84463829
head-adapt,bn,191,-0.063923,0.75350815
head-adapt,bn,192,0.015988,0.82582062
head-adapt,bn,193,-0.067249,0.80607677
head-adapt,bn,194,0.061009,0.93268955
head-adapt,bn,195,0.012042,0.84961301
head-adapt,bn,196,-0.009746,0.75545943
head-adapt,bn,197,-0.024036,0.76910102
head-adapt,bn,198,0.019891,0.8675791
head-adapt,bn,199,0.014992,0.88954371
head-adapt,bn,200,0.075017,0.81144691
head-adapt,bn,201,0.053277,0.82920051
head-adapt,bn,202,0.074829,0.74141431
head-adapt,bn,203,-0.022559,0.75674307
head-adapt,bn,204,0.039972,0.76922345
head-adapt,bn,205,-0.008756,0.81715125
head-adapt,bn,206,-0.051778,0.84291291
head-adapt,bn,207,-0.080062,0.81417298
head-adapt,bn,208,0.004165,0.76633406
head-adapt,bn,209,0.016624,0.83672661
head-adapt,bn,210,-0.026078,0.8312422
head-adapt,bn,211,0.065726,0.8499369
head-adapt,bn,212,-0.037742,0.82752508
head-adapt,bn,213,-0.025245,0.92625147
head-adapt,bn,214,0.00745,0.88226366
head-adapt,bn,215,0.037744,0.82535452
head-adapt,bn,216,-0.019806,0.80710524
head-adapt,bn,217,-0.006374,0.92273974
head-adapt,bn,218,0.028997,0.7910825
head-adapt,bn,219,-0.037366,0.88583684
head-adapt,bn,220,0.03979,0.8215937
head-adapt,bn,221,0.040084,0.77636981
head-adapt,bn,222,-0.079043,0.77786165
head-adapt,bn,223,-0.022075,0.75908571
head-adapt,bn,224,0.02017,0.72193003
head-adapt,bn,225,0.068745,1.01259828
head-adapt,bn,226,-0.054431,0.96540129
head-adapt,bn,227,0.000572,0.86616564
head-adapt,bn,228,-0.010371,0.84129608
head-adapt,bn,229,-0.030461,0.9432655
head-adapt,bn,230,0.008758,0.88193935
head-adapt,bn,231,-0.019041,0.81053501
head-adapt,bn,232,0.041444,0.81285352
head-adapt,bn,233,-0.021663,0.73385185
head-adapt,bn,234,-0.005857,0.74594522
head-adapt,bn,235,-0.039743,0.80734736
head-adapt,bn,236,0.017861,0.87252527
head-adapt,bn,237,-0.037115,0.82431489
head-adapt,bn,238,-0.098025,0.90781879
head-adapt,bn,239,0.039713,0.80879045
head-adapt,bn,240,-0.038688,0.83592898
head-adapt,bn,241,0.021271,0.78875881
head-adapt,bn,242,-0.004909,0.77756357
head-adapt,bn,243,-0.030801,0.78512555
head-adapt,bn,244,0.015617,0.80372393
head-adapt,bn,245,-0.000234,0.77140617
head-adapt,bn,246,0.085583,0.78634161
head-adapt,bn,247,0.060187,0.80925411
head-adapt,bn,248,-0.02027,0.70747983
head-adapt,bn,249,0.016493,0.85370892
head-adapt,bn,250,-0.014839,0.71563148
head-adapt,bn,251,-0.019747,0.78173977
head-adapt,bn,252,0.029771,0.91889727
head-adapt,bn,253,-0.022494,0.72193235
head-adapt,bn,254,0.035726,0.67610824
head-adapt,bn,255,0.003293,0.84231126
head-adapt,bn,256,0.014094,0.92290658
head-adapt,bn,257,0.038308,0.90583372
head-adapt,bn,258,-0.001328,0.86457878
head-adapt,bn,259,0.050808,0.90514344
head-adapt,bn,260,0.046503,0.81901354
head-adapt,bn,261,0.007457,0.98557258
head-adapt,bn,262,-0.013814,0.91385365
head-adapt,bn,263,-0.036518,0.96075124
head-adapt,bn,264,-0.069903,0.92235458
head-adapt,bn,265,0.011863,0.83998245
head-adapt,bn,266,-0.009164,0.91126966
head-adapt,bn,267,-0.040813,0.75100827
head-adapt,bn,268,-0.02312,0.84177077
head-adapt,bn,269,0.060374,0.85748625
head-adapt,bn,270,-0.008123,0.93132347
head-adapt,bn,271,-0.023296,0.82948023
head-adapt,bn,272,-0.017504,0.88039964
head-adapt,bn,273,-0.068712,0.89539576
head-adapt,bn,274,0.035561,0.92001957
head-adapt,bn,275,-0.046718,0.85357893
head-adapt,bn,276,0.097687,1.01140976
head-adapt,bn,277,0.03444,1.1267761
head-adapt,bn,278,0.028163,0.78641915
head-adapt,bn,279,0.002735,0.78878725
head-adapt,bn,280,-0.019739,0.90197158
head-adapt,bn,281,0.038723,0.77314806
head-adapt,bn,282,-0.034582,0.90238166
head-adapt,bn,283,0.063884,0.92192727
head-adapt,bn,284,-0.023907,0.85688037
head-adapt,bn,285,-0.069705,0.80518949
head-adapt,bn,286,-0.037351,0.80015612
head-adapt,bn,287,-0.007399,0.93040085
head-adapt,bn,288,-0.041651,0.86836576
head-adapt,bn,289,-0.019883,0.91199833
head-adapt,bn,290,-0.007695,0.96816736
head-adapt,bn,291,0.063408,0.93400145
head-adapt,bn,292,0.025334,0.81361973
head-adapt,bn,293,0.021919,0.88142169
head-adapt,bn,294,0.06908,0.8417868
head-adapt,bn,295,-0.075574,0.9691903
head-adapt,bn,296,0.068016,0.80560148
head-adapt,bn,297,0.027783,0.89778256
head-adapt,bn,298,-0.02146,0.97157329
head-adapt,bn,299,-0.025784,0.87907863
head-adapt,bn,300,0.057747,0.83367473
head-adapt,bn,301,0.002475,0.86910224
head-adapt,bn,302,-0.052896,1.03455722
head-adapt,bn,303,-0.026439,0.88319331
head-adapt,bn,304,0.041619,0.8862071
head-adapt,bn,305,0.03945,0.87805676
head-adapt,bn,306,0.088405,0.90908003
head-adapt,bn,307,-0.097842,1.10870743
head-adapt,bn,308,-0.025578,0.7844696
head-adapt,bn,309,-0.000967,0.92804754
head-adapt,bn,310,-0.105417,0.89902836
head-adapt,bn,311,0.06177,0.92869622
head-adapt,bn,312,0.001496,0.85105711
head-adapt,bn,313,-0.056368,0.80504364
head-adapt,bn,314,0.00819,0.8433212
head-adapt,bn,315,-0.003914,0.9367528
head-adapt,bn,316,-0.01137,0.99841481
head-adapt,bn,317,0.025113,1.07448328
head-adapt,bn,318,0.073294,0.87179762
head-adapt,bn,319,0.027665,0.82096988
head-adapt,bn,320,-0.050367,0.82811785
head-adapt,bn,321,-0.051571,0.83561331
head-adapt,bn,322,-0.043963,0.92085499
head-adapt,bn,323,0.007248,0.84238398
head-adapt,bn,324,0.038134,0.82939321
head-adapt,bn,325,-0.016638,0.82132316
head-adapt,bn,326,0.032526,0.91314375
head-adapt,bn,327,-0.086178,0.92016655
head-adapt,bn,328,-0.05208,0.8821227
head-adapt,bn,329,0.071733,0.78702933
head-adapt,bn,330,0.012153,0.84552974
head-adapt,bn,331,-0.014109,0.85953939
head-adapt,bn,332,-0.062814,0.81958431
head-adapt,bn,333,0.025324,0.9597947
head-adapt,bn,334,0.059824,0.85583043
head-adapt,bn,335,0.041814,0.88982093
head-adapt,bn,336,-0.038028,0.82202631
head-adapt,bn,337,-0.016137,0.85012168
head-adapt,bn,338,-0.023173,0.95476615
head-adapt,bn,339,0.038899,0.9758091
head-adapt,bn,340,0.025758,0.847974
head-adapt,bn,341,0.011938,0.87060976
head-adapt,bn,342,-0.014655,0.84474939
head-adapt,bn,343,0.052724,0.95473516
head-adapt,bn,344,-0.014771,0.99560869
head-adapt,bn,345,0.00518,0.9276703
head-adapt,bn,346,-0.001203,0.87976384
head-adapt,bn,347,-0.040724,0.84972149
head-adapt,bn,348,-0.026077,0.91338259
head-adapt,bn,349,-0.036991,0.81869495
head-adapt,bn,350,0.074356,0.89500976
head-adapt,bn,351,-0.040803,0.9005127
head-adapt,bn,352,-0.022426,0.95046413
head-adapt,bn,353,-0.025568,0.77223551
head-adapt,bn,354,-0.042078,0.88975132
head-adapt,bn,355,-0.016346,0.75738877
head-adapt,bn,356,-0.069414,0.83445168
head-adapt,bn,357,-0.081015,0.7801342
head-adapt,bn,358,-0.033653,0.90436751
head-adapt,bn,359,-0.07135,0.74763244
head-adapt,bn,360,-0.030391,0.8862325
head-adapt,bn,361,-0.103441,0.9841271
head-adapt,bn,362,0.074341,0.84462643
head-adapt,bn,363,0.003127,0.92180324
head-adapt,bn,364,-0.022268,0.89736032
head-adapt,bn,365,0.019492,0.82925278
head-adapt,bn,366,0.016044,0.90634358
head-adapt,bn,367,-0.019209,1.04390681
head-adapt,bn,368,0.001912,0.8959837
head-adapt,bn,369,-0.005506,0.81696016
head-adapt,bn,370,0.012248,0.87560415
head-adapt,bn,371,0.011954,0.84829456
head-adapt,bn,372,-0.043333,0.79928225
head-adapt,bn,373,-0.006546,0.85026675
head-adapt,bn,374,-0.010664,0.90759355
head-adapt,bn,375,-0.041805,0.83614314
head-adapt,bn,376,0.044585,1.03905308
head-adapt,bn,377,0.022871,0.88630909
head-adapt,bn,378,-0.007033,0.8299408
head-adapt,bn,379,-0.015728,1.12938726
head-adapt,bn,380,-0.041142,0.87994212
head-adapt,bn,381,0.015565,0.7576614
head-adapt,bn,382,-0.039089,0.91585356
head-adapt,bn,383,-0.046173,0.92886341
head-adapt,bn,384,0.012077,0.82537651
head-adapt,bn,385,0.044676,0.89063907
head-adapt,bn,386,0.005262,0.8490454
head-adapt,bn,387,-0.025587,0.92149687
head-adapt,bn,388,0.010493,0.87983835
head-adapt,bn,389,-0.038066,0.84649974
head-adapt,bn,390,-0.02455,0.91537154
head-adapt,bn,391,0.042841,0.82575053
head-adapt,bn,392,-0.052138,0.87092525
head-adapt,bn,393,0.008538,0.79082584
head-adapt,bn,394,-0.007368,0.89512753
head-adapt,bn,395,0.010039,0.90804404
head-adapt,bn,396,-0.072756,0.93305588
head-adapt,bn,397,-0.051061,0.86849499
head-adapt,bn,398,0.035039,0.9711383
head-adapt,bn,399,0.028139,0.8315593
head-adapt,bn,400,0.030771,0.84499711
head-adapt,bn,401,-0.037098,0.88352591
head-adapt,bn,402,-0.053017,0.89977163
head-adapt,bn,403,-0.008614,0.85222369
head-adapt,bn,404,-0.062782,0.78798306
head-adapt,bn,405,0.077173,0.97582603
head-adapt,bn,406,-0.018036,0.76694149
head-adapt,bn,407,-0.001171,0.91920972
head-adapt,bn,408,0.023023,0.82628566
head-adapt,bn,409,-0.005824,0.9026413
head-adapt,bn,410,-0.002113,0.81580716
head-adapt,bn,411,0.007629,0.74906981
head-adapt,bn,412,0.017971,0.79289776
head-adapt,bn,413,-0.063077,0.95404851
head-adapt,bn,414,0.021364,0.77159613
head-adapt,bn,415,-0.030208,0.84688354
head-adapt,bn,416,0.044108,0.9382025
head-adapt,bn,417,0.005872,0.83099109
head-adapt,bn,418,-0.029781,0.94707906
head-adapt,bn,419,0.031947,0.78910851
head-adapt,bn,420,0.032063,0.85454667
head-adapt,bn,421,0.048506,0.79946697
head-adapt,bn,422,0.088133,0.93640769
head-adapt,bn,423,-0.019578,0.92221004
head-adapt,bn,424,-0.039909,0.83131194
head-adapt,bn,425,0.017672,0.83570248
head-adapt,bn,426,-0.005919,0.90870422
head-adapt,bn,427,0.078399,0.8743853
head-adapt,bn,428,-0.061472,0.85977721
head-adapt,bn,429,0.047778,0.87523645
head-adapt,bn,430,-0.00506,0.85670877
head-adapt,bn,431,-0.044133,0.84993666
head-adapt,bn,432,-0.087018,0.80577219
head-adapt,bn,433,-0.006362,0.90156037
head-adapt,bn,434,0.044224,0.88615978
head-adapt,bn,435,0.015574,0.89056259
head-adapt,bn,436,-0.013316,0.85457993
head-adapt,bn,437,0.057022,0.7910074
head-adapt,bn,438,-0.028895,0.8760466
head-adapt,bn,439,0.05072,0.92505258
head-adapt,bn,440,0.005985,0.78205311
head-adapt,bn,441,0.006175,0.74300534
head-adapt,bn,442,-0.019734,0.94146299
head-adapt,bn,443,0.030809,0.84639466
head-adapt,bn,444,-0.00768,0.81066662
head-adapt,bn,445,-0.050693,0.8090626
head-adapt,bn,446,-0.020117,0.79014909
head-adapt,bn,447,-0.026813,0.77395207
head-adapt,bn,448,0.050258,0.73260409
head-adapt,bn,449,0.040132,0.86073798
head-adapt,bn,450,-0.071556,0.86457133
head-adapt,bn,451,0.046655,0.8775419
head-adapt,bn,452,0.046398,0.89532459
head-adapt,bn,453,-0.014317,0.8744328
head-adapt,bn,454,-0.041993,0.88376182
head-adapt,bn,455,0.099317,0.9229753
head-adapt,bn,456,0.024267,0.80785108
head-adapt,bn,457,0.022288,0.85865945
head-adapt,bn,458,0.008533,0.84297973
head-adapt,bn,459,0.02326,0.9408232
head-adapt,bn,460,-0.013887,0.90286279
head-adapt,bn,461,-0.002934,0.88812393
head-adapt,bn,462,0.056276,0.8491714
head-adapt,bn,463,-0.026309,0.80984944
head-adapt,bn,464,0.042909,1.03730202
head-adapt,bn,465,-0.00066,0.87591207
head-adapt,bn,466,0.013227,0.86392015
head-adapt,bn,467,0.031775,0.86558378
head-adapt,bn,468,-0.050625,0.9049688
head-adapt,bn,469,0.023239,0.97320861
head-adapt,bn,470,-0.069422,0.92737776
head-adapt,bn,471,0.021256,0.84717745
head-adapt,bn,472,0.024723,0.88471824
head-adapt,bn,473,0.005941,0.82224041
head-adapt,bn,474,-0.010283,0.80333233
head-adapt,bn,475,0.059144,0.79519355
head-adapt,bn,476,-0.010581,0.83499855
head-adapt,bn,477,-0.007018,0.88223243
head-adapt,bn,478,0.052405,0.80985743
head-adapt,bn,479,0.104728,1.00902045
head-adapt,bn,480,0.007887,0.81109327
head-adapt,bn,481,-0.02246,0.82835728
head-adapt,bn,482,-0.028104,0.93836552
head-adapt,bn,483,0.029566,0.82229239
head-adapt,bn,484,-0.026778,0.78643817
head-adapt,bn,485,-0.003648,0.89063078
head-adapt,bn,486,-0.015816,0.75778133
head-adapt,bn,487,-0.034701,0.91558695
head-adapt,bn,488,0.03752,0.82153285
head-adapt,bn,489,-0.050059,0.79279935
head-adapt,bn,490,0.045469,0.98449886
head-adapt,bn,491,-0.027321,1.01703227
head-adapt,bn,492,-0.004812,0.85976279
head-adapt,bn,493,-0.033773,0.82225847
head-adapt,bn,494,0.01418,0.74707705
head-adapt,bn,495,-0.058756,0.85673851
head-adapt,bn,496,-0.029433,0.88490832
head-adapt,bn,497,0.007709,0.96241087
head-adapt,bn,498,0.018978,0.861826
head-adapt,bn,499,0.026434,0.99831343
head-adapt,bn,500,0.07603,0.92591089
head-adapt,bn,501,0.013115,0.87709767
head-adapt,bn,502,0.037421,0.7492159
head-adapt,bn,503,-0.019352,0.80186814
head-adapt,bn,504,0.032035,0.84197414
head-adapt,bn,505,-0.02981,0.97457129
head-adapt,bn,506,-0.009679,0.92755824
head-adapt,bn,507,-0.044554,0.88126296
head-adapt,bn,508,-0.008278,0.93421292
head-adapt,bn,509,0.020762,0.89272857
head-adapt,bn,510,0.001046,1.00264883
head-adapt,bn,511,0.01256,0.91541725
head-adapt,bn,512,0.021826,0.94185197
head-adapt,bn,513,0.081444,1.18700123
head-adapt,bn,514,-0.037618,0.92381465
head-adapt,bn,515,0.117134,0.96160316
head-adapt,bn,516,0.03943,1.05344534
head-adapt,bn,517,-0.007836,0.92663914
head-adapt,bn,518,-0.036336,0.82356209
head-adapt,bn,519,-0.040557,1.01791024
head-adapt,bn,520,-0.014997,0.99566054
head-adapt,bn,521,0.03917,0.99016482
head-adapt,bn,522,0.039418,0.97865874
head-adapt,bn,523,-0.055731,0.95016503
head-adapt,bn,524,-0.138614,0.95790213
head-adapt,bn,525,-0.02458,0.9161756
head-adapt,bn,526,0.003003,0.95674992
head-adapt,bn,527,0.003785,1.05220973
head-adapt,bn,528,-0.046058,0.95226866
head-adapt,bn,529,0.016804,0.92290795
head-adapt,bn,530,-0.054598,1.04658163
head-adapt,bn,531,-0.092162,1.03591752
head-adapt,bn,532,0.06188,1.03724945
head-adapt,bn,533,-0.043714,0.91920716
head-adapt,bn,534,-0.030269,1.06088889
head-adapt,bn,535,-0.052449,0.91275865
head-adapt,bn,536,-0.03433,0.97936851
head-adapt,bn,537,0.029963,0.9617855
head-adapt,bn,538,-0.001456,1.02567911
head-adapt,bn,539,0.020898,1.16623974
head-adapt,bn,540,0.025364,0.95745009
head-adapt,bn,541,0.038291,0.95349765
head-adapt,bn,542,0.028775,0.92972851
head-adapt,bn,543,-0.011969,0.95607078
head-adapt,bn,544,0.074288,0.95694637
head-adapt,bn,545,0.059075,0.949431
head-adapt,bn,546,0.010199,1.01750791
head-adapt,bn,547,0.062125,1.10358214
head-adapt,bn,548,0.084222,0.87872148
head-adapt,bn,549,-0.032724,1.00257957
head-adapt,bn,550,-0.029292,1.05674577
head-adapt,bn,551,0.01404,1.03859723
head-adapt,bn,552,-0.018133,0.94577926
head-adapt,bn,553,0.048735,1.03970814
head-adapt,bn,554,-0.04723,1.07480192
head-adapt,bn,555,0.077572,0.95557666
head-adapt,bn,556,0.021714,0.98528087
head-adapt,bn,557,0.004659,1.03420031
head-adapt,bn,558,0.008478,0.93914801
head-adapt,bn,559,0.076323,0.8814854
head-adapt,bn,560,0.017978,0.97608894
head-adapt,bn,561,-0.061927,0.81288475
head-adapt,bn,562,0.059719,1.02946746
head-adapt,bn,563,0.028414,1.00504184
head-adapt,bn,564,0.032961,0.94330508
head-adapt,bn,565,0.088039,0.9837653
head-adapt,bn,566,-0.112377,1.0269984
head-adapt,bn,567,0.097312,0.94576991
head-adapt,bn,568,0.051921,0.96921796
head-adapt,bn,569,-0.064507,1.04735422
head-adapt,bn,570,-0.014506,0.99540335
head-adapt,bn,571,0.016738,1.0286864
head-adapt,bn,572,-0.037215,1.12334311
head-adapt,bn,573,-0.002729,0.88132995
head-adapt,bn,574,-0.011875,1.00451684
head-adapt,bn,575,-0.129735,1.1371249
head-adapt,bn,576,-0.019762,1.03592467
head-adapt,bn,577,0.026121,0.88569891
head-adapt,bn,578,-0.04359,0.96087545
head-adapt,bn,579,-0.02616,1.0272187
head-adapt,bn,580,-0.04236,0.97217959
head-adapt,bn,581,-0.001509,0.92980254
head-adapt,bn,582,0.020747,1.03562617
head-adapt,bn,583,-0.049843,0.82886899
head-adapt,bn,584,-0.027339,1.05700135
head-adapt,bn,585,-0.009003,0.97706026
head-adapt,bn,586,0.029667,1.03683174
head-adapt,bn,587,-0.059436,0.9189378
head-adapt,bn,588,-0.06294,1.01145697
head-adapt,bn,589,-0.007272,0.94922918
head-adapt,bn,590,0.068075,0.98607486
head-adapt,bn,591,-0.056658,1.01405632
head-adapt,bn,592,0.012333,0.98791343
head-adapt,bn,593,-0.038777,0.98560369
head-adapt,bn,594,0.009102,1.06935787
head-adapt,bn,595,-0.054804,0.99247575
head-adapt,bn,596,0.003405,1.00661397
head-adapt,bn,597,-0.059424,0.91608202
head-adapt,bn,598,-0.033557,0.88977593
head-adapt,bn,599,-0.007422,1.05630159
head-adapt,bn,600,0.079862,1.08744657
head-adapt,bn,601,0.023327,0.92126626
head-adapt,bn,602,-0.003142,1.06743944
head-adapt,bn,603,-0.074318,0.93986541
head-adapt,bn,604,-0.01721,0.9199785
head-adapt,bn,605,0.043043,1.06014681
head-adapt,bn,606,-0.056129,1.02405715
head-adapt,bn,607,-0.086881,1.05527067
head-adapt,bn,608,0.029234,1.02261794
head-adapt,bn,609,0.00504,0.91879213
head-adapt,bn,610,0.006448,0.90878224
head-adapt,bn,611,-0.012355,1.00891531
head-adapt,bn,612,-0.076001,0.91194254
head-adapt,bn,613,-0.005337,0.87763101
head-adapt,bn,614,0.024046,1.07903028
head-adapt,bn,615,-0.022007,1.04906583
head-adapt,bn,616,-0.068139,1.00703788
head-adapt,bn,617,0.039837,0.9147467
head-adapt,bn,618,0.049992,0.90863127
head-adapt,bn,619,-0.025987,0.98194045
head-adapt,bn,620,-0.052057,1.01286376
head-adapt,bn,621,0.004104,0.99640447
head-adapt,bn,622,0.029483,1.03945053
head-adapt,bn,623,0.03405,0.9511494
head-adapt,bn,624,0.047203,0.92227978
head-adapt,bn,625,0.079506,0.89403915
head-adapt,bn,626,0.012348,1.12290871
head-adapt,bn,627,0.001805,1.00870764
head-adapt,bn,628,-0.002683,1.08632565
head-adapt,bn,629,-0.072406,1.02113032
head-adapt,bn,630,-0.035414,0.96129918
head-adapt,bn,631,-0.003429,0.98209542
head-adapt,bn,632,0.057799,0.92901051
head-adapt,bn,633,0.048191,1.12696147
head-adapt,bn,634,0.064195,0.99066573
head-adapt,bn,635,0.01527,0.92927891
head-adapt,bn,636,-0.017372,0.94846457
head-adapt,bn,637,0.030832,1.00869429
head-adapt,bn,638,-0.060458,0.92252326
head-adapt,bn,639,0.024174,1.0709585
head-adapt,bn,640,-0.015772,1.01789963
head-adapt,bn,641,0.011441,1.04249239
head-adapt,bn,642,0.024373,0.93794572
head-adapt,bn,643,-0.013015,0.92229736
head-adapt,bn,644,-0.061247,0.98201507
head-adapt,bn,645,-0.041496,0.98498243
head-adapt,bn,646,0.00118,0.97969645
head-adapt,bn,647,0.068263,1.00271738
head-adapt,bn,648,0.016891,0.95390403
head-adapt,bn,649,-0.039497,0.97445399
head-adapt,bn,650,0.015372,0.92443168
head-adapt,bn,651,-0.002042,0.9595803
head-adapt,bn,652,-0.019974,0.97087085
head-adapt,bn,653,-0.048411,0.91785175
head-adapt,bn,654,0.020165,1.05506527
head-adapt,bn,655,0.03737,1.03029978
head-adapt,bn,656,-0.017577,0.94088632
head-adapt,bn,657,-0.005777,0.99956506
head-adapt,bn,658,-0.002804,1.0025866
head-adapt,bn,659,-0.043413,1.00319541
head-adapt,bn,660,0.02803,0.9610002
head-adapt,bn,661,-0.019843,1.07021677
head-adapt,bn,662,0.005207,1.10839128
head-adapt,bn,663,-0.019462,1.08243966
head-adapt,bn,664,0.013599,0.94422108
head-adapt,bn,665,0.086606,1.12768364
head-adapt,bn,666,-0.02304,0.96114779
head-adapt,bn,667,0.03784,0.85160208
head-adapt,bn,668,-0.019168,0.91578901
head-adapt,bn,669,-0.038089,0.95574361
head-adapt,bn,670,-0.05145,0.97987801
head-adapt,bn,671,0.080247,0.93690729
head-adapt,bn,672,-0.032067,0.91955531
head-adapt,bn,673,0.028094,1.05473614
head-adapt,bn,674,0.005102,0.96598887
head-adapt,bn,675,0.006711,1.04851341
head-adapt,bn,676,-0.045306,0.98353928
head-adapt,bn,677,-0.052373,0.98471469
head-adapt,bn,678,0.032566,1.08066428
head-adapt,bn,679,0.013298,0.93155926
head-adapt,bn,680,0.028875,1.00376177
head-adapt,bn,681,0.05336,1.07015097
head-adapt,bn,682,0.038751,0.89103681
head-adapt,bn,683,-0.077042,1.01883447
head-adapt,bn,684,0.014083,0.96624678
head-adapt,bn,685,-0.047821,1.01822603
head-adapt,bn,686,-0.039057,0.90754801
head-adapt,bn,687,-0.003265,0.97634447
head-adapt,bn,688,0.019149,0.97636938
head-adapt,bn,689,0.080199,0.98360485
head-adapt,bn,690,-0.022823,1.03424823
head-adapt,bn,691,0.04736,1.02578914
head-adapt,bn,692,-0.041837,0.92900932
head-adapt,bn,693,-0.039278,1.03895092
head-adapt,bn,694,-0.101283,1.00737703
head-adapt,bn,695,-0.110725,1.06707025
head-adapt,bn,696,-0.006466,0.98066282
head-adapt,bn,697,0.039275,1.10858536
head-adapt,bn,698,0.045969,1.07280076
head-adapt,bn,699,-0.015434,1.0811801
head-adapt,bn,700,-0.057821,0.92639923
head-adapt,bn,701,-0.049054,0.95706826
head-adapt,bn,702,0.003722,1.01793647
head-adapt,bn,703,0.012054,1.11055887
head-adapt,bn,704,0.056785,0.97661126
head-adapt,bn,705,0.013596,1.09376299
head-adapt,bn,706,0.082915,0.94189638
head-adapt,bn,707,-0.067883,0.89706391
head-adapt,bn,708,-0.074161,0.97585201
head-adapt,bn,709,-0.015018,0.98088497
head-adapt,bn,710,-0.049997,0.98770738
head-adapt,bn,711,-0.087773,0.97192448
head-adapt,bn,712,0.002051,0.9832015
head-adapt,bn,713,-0.052179,0.94533908
head-adapt,bn,714,-0.045847,0.86096567
head-adapt,bn,715,0.008964,0.9817788
head-adapt,bn,716,-0.066728,1.09397686
head-adapt,bn,717,0.126004,1.04125118
head-adapt,bn,718,0.02795,0.96354771
head-adapt,bn,719,-0.101453,1.0237422
head-adapt,bn,720,-0.112929,1.00173688
head-adapt,bn,721,-0.016141,0.99271953
head-adapt,bn,722,0.012921,1.0545094
head-adapt,bn,723,-0.073887,0.91699803
head-adapt,bn,724,-0.055744,1.0286516
head-adapt,bn,725,-0.04206,0.98467869
head-adapt,bn,726,0.037104,1.00350881
head-adapt,bn,727,-0.025943,1.02839041
head-adapt,bn,728,-0.041381,1.02993643
head-adapt,bn,729,0.03582,1.0089283
head-adapt,bn,730,0.022711,0.89551395
head-adapt,bn,731,-0.061395,0.90391749
head-adapt,bn,732,-0.023393,0.87057501
head-adapt,bn,733,-0.024786,0.97442538
head-adapt,bn,734,0.042798,0.91945469
head-adapt,bn,735,0.003041,0.97595048
head-adapt,bn,736,0.015909,0.94216394
head-adapt,bn,737,-0.035107,0.90518564
head-adapt,bn,738,0.025748,0.93766087
head-adapt,bn,739,0.032875,0.89990437
head-adapt,bn,740,0.015168,0.95652068
head-adapt,bn,741,-0.004789,0.89847952
head-adapt,bn,742,-0.055049,1.05207729
head-adapt,bn,743,-0.068679,0.94241297
head-adapt,bn,744,-0.031162,0.93495858
head-adapt,bn,745,0.022828,1.04578245
head-adapt,bn,746,0.085244,1.05083346
head-adapt,bn,747,0.086462,0.93175656
head-adapt,bn,748,0.018281,0.96337694
head-adapt,bn,749,0.061438,0.96001339
head-adapt,bn,750,0.038883,0.93496394
head-adapt,bn,751,-0.006238,0.93758059
head-adapt,bn,752,-0.006535,0.92654049
head-adapt,bn,753,0.033389,0.94909382
head-adapt,bn,754,0.025159,1.06527412
head-adapt,bn,755,-0.024306,0.93178654
head-adapt,bn,756,0.014908,0.98347461
head-adapt,bn,757,0.043698,0.90779847
head-adapt,bn,758,-0.03087,0.92674094
head-adapt,bn,759,-0.009634,0.98519653
head-adapt,bn,760,0.052886,1.05511332
head-adapt,bn,761,0.001439,0.96998
head-adapt,bn,762,0.007511,1.03822613
head-adapt,bn,763,-0.005499,0.90795738
head-adapt,bn,764,0.089467,1.02114785
head-adapt,bn,765,-0.067821,0.89604288
head-adapt,bn,766,-0.01797,0.8974995
head-adapt,bn,767,0.000695,1.05326164
head-adapt,bn,768,-0.005032,0.98129588
head-adapt,bn,769,0.054145,1.0222857
head-adapt,bn,770,-0.0008,0.95741796
head-adapt,bn,771,-0.0396,0.96362644
head-adapt,bn,772,-0.054045,1.04684031
head-adapt,bn,773,-0.00373,0.99105728
head-adapt,bn,774,-0.009948,0.94241416
head-adapt,bn,775,0.004587,0.9562059
head-adapt,bn,776,0.028875,1.02942622
head-adapt,bn,777,0.048033,0.90149963
head-adapt,bn,778,-0.043116,0.84991783
head-adapt,bn,779,0.000206,1.00195825
head-adapt,bn,780,0.040325,0.99296468
head-adapt,bn,781,-0.03962,0.97577816
head-adapt,bn,782,0.053775,0.99179375
head-adapt,bn,783,-0.002803,0.92916161
head-adapt,bn,784,0.101504,0.96375674
head-adapt,bn,785,-0.000494,0.95226508
head-adapt,bn,786,0.068009,0.88065022
head-adapt,bn,787,0.011637,1.04495728
head-adapt,bn,788,0.027115,0.84097952
head-adapt,bn,789,-0.033015,0.93182027
head-adapt,bn,790,-0.083931,1.01460075
head-adapt,bn,791,-0.063504,0.91265285
head-adapt,bn,792,0.032771,0.88205558
head-adapt,bn,793,-0.01626,0.92336053
head-adapt,bn,794,0.086331,0.95012438
head-adapt,bn,795,-0.019181,1.12691307
head-adapt,bn,796,0.006002,0.97814476
head-adapt,bn,797,0.009002,0.99139166
head-adapt,bn,798,-0.024447,1.02982342
head-adapt,bn,799,-0.038813,0.99526811
head-adapt,bn,800,0.08204,0.93718022
head-adapt,bn,801,0.001264,0.95311189
head-adapt,bn,802,0.015824,1.02027607
head-adapt,bn,803,0.020026,0.98650885
head-adapt,bn,804,-0.009655,1.01043439
head-adapt,bn,805,0.057458,1.0755856
head-adapt,bn,806,-0.067341,0.90177578
head-adapt,bn,807,0.006012,0.88983893
head-adapt,bn,808,-0.023768,1.00589311
head-adapt,bn,809,-0.061385,0.93130207
head-adapt,bn,810,-0.003196,0.91880429
head-adapt,bn,811,0.05499,0.94980919
head-adapt,bn,812,0.001635,1.02022409
head-adapt,bn,813,0.011903,0.91922367
head-adapt,bn,814,0.05375,0.92198712
head-adapt,bn,815,-0.025789,1.09455979
head-adapt,bn,816,0.053341,1.02309191
head-adapt,bn,817,0.052088,0.99967307
head-adapt,bn,818,0.047453,0.83169019
head-adapt,bn,819,-0.013963,0.90901762
head-adapt,bn,820,0.014642,1.02458239
head-adapt,bn,821,-0.024566,0.98907954
head-adapt,bn,822,-0.040362,1.10402453
head-adapt,bn,823,-0.114257,0.96632111
head-adapt,bn,824,0.005369,1.01360393
head-adapt,bn,825,0.180057,1.09571362
head-adapt,bn,826,0.081909,1.2484684
head-adapt,bn,827,-0.007425,0.96027154
head-adapt,bn,828,-0.016776,0.91910905
head-adapt,bn,829,0.012302,1.01485085
head-adapt,bn,830,0.082626,1.05663049
head-adapt,bn,831,-0.012284,0.9663623
head-adapt,bn,832,0.001618,1.08317769
head-adapt,bn,833,-0.03214,1.09388316
head-adapt,bn,834,-0.051311,0.90153307
head-adapt,bn,835,0.051608,0.99075431
head-adapt,bn,836,0.00997,0.93481106
head-adapt,bn,837,-0.067875,1.02261519
head-adapt,bn,838,-0.009818,0.98984843
head-adapt,bn,839,-0.093681,0.85246015
head-adapt,bn,840,0.030501,0.9493565
head-adapt,bn,841,-0.037687,0.99778068
head-adapt,bn,842,0.063632,1.03997767
head-adapt,bn,843,-0.054252,1.00218523
head-adapt,bn,844,-0.055259,1.11291623
head-adapt,bn,845,-0.022151,0.97202057
head-adapt,bn,846,0.04478,1.03669345
head-adapt,bn,847,-0.008863,1.01048243
head-adapt,bn,848,0.016024,1.07456219
head-adapt,bn,849,-0.01242,0.97883219
head-adapt,bn,850,-0.013081,0.95849437
head-adapt,bn,851,-0.008017,1.00664115
head-adapt,bn,852,-0.036524,0.96664149
head-adapt,bn,853,0.006226,0.97319746
head-adapt,bn,854,0.002756,1.02831793
head-adapt,bn,855,0.015627,0.95815539
head-adapt,bn,856,-0.010495,1.05650783
head-adapt,bn,857,0.058101,0.98349184
head-adapt,bn,858,0.059154,1.00549996
head-adapt,bn,859,0.077801,1.0211612
head-adapt,bn,860,0.043628,0.92319256
head-adapt,bn,861,0.062397,0.99105895
head-adapt,bn,862,-0.036974,0.97337502
head-adapt,bn,863,-0.026239,0.92980385
head-adapt,bn,864,0.047695,0.9980762
head-adapt,bn,865,-0.060272,1.08973312
head-adapt,bn,866,0.02185,1.0424211
head-adapt,bn,867,0.058124,0.9899348
head-adapt,bn,868,0.036951,1.00314581
head-adapt,bn,869,-0.037652,0.97514492
head-adapt,bn,870,0.011687,0.99694502
head-adapt,bn,871,0.032182,0.98233259
head-adapt,bn,872,0.010374,0.97561038
head-adapt,bn,873,-0.031768,0.95345008
head-adapt,bn,874,-0.034972,1.03503358
head-adapt,bn,875,0.039594,1.05279148
head-adapt,bn,876,0.035737,0.98144853
head-adapt,bn,877,0.006736,0.98938745
head-adapt,bn,878,-0.046592,0.99888432
head-adapt,bn,879,-0.004632,1.00786185
head-adapt,bn,880,0.018613,0.93885416
head-adapt,bn,881,0.048889,1.03311765
head-adapt,bn,882,-0.017191,1.08096552
head-adapt,bn,883,-0.041512,0.95725203
head-adapt,bn,884,0.020985,0.90170425
head-adapt,bn,885,-0.001858,0.93502218
head-adapt,bn,886,-0.051243,0.8968544
head-adapt,bn,887,-0.078223,1.04941034
head-adapt,bn,888,0.017391,1.04188049
head-adapt,bn,889,0.034411,0.97818947
head-adapt,bn,890,-0.048015,0.93174946
head-adapt,bn,891,-0.040253,1.01596212
head-adapt,bn,892,-2.3e-05,1.01450598
head-adapt,bn,893,0.01034,1.04427004
head-adapt,bn,894,-0.019054,1.026142
head-adapt,bn,895,0.016535,1.04080045
head-adapt,bn,896,0.051388,0.96809214
head-adapt,bn,897,-0.003232,0.93351042
head-adapt,bn,898,0.062568,1.06979406
head-adapt,bn,899,0.033008,0.95564681
head-adapt,bn,900,-0.058397,0.94609135
head-adapt,bn,901,0.029175,0.94490969
head-adapt,bn,902,-0.059687,1.0338372
head-adapt,bn,903,0.068314,1.01934314
head-adapt,bn,904,0.010888,0.93971479
head-adapt,bn,905,0.019212,0.94863427
head-adapt,bn,906,0.016663,1.01301658
head-adapt,bn,907,-0.103531,1.05132711
head-adapt,bn,908,-0.036815,0.96875566
head-adapt,bn,909,0.057875,0.90809703
head-adapt,bn,910,0.052616,1.06709886
head-adapt,bn,911,-0.055859,0.94558942
head-adapt,bn,912,-0.007093,0.89114738
head-adapt,bn,913,0.02256,1.03534555
head-adapt,bn,914,-0.055852,0.95709503
head-adapt,bn,915,-0.101089,0.99146783
head-adapt,bn,916,-0.028256,0.9373064
head-adapt,bn,917,-0.030312,0.90183467
head-adapt,bn,918,-0.036346,0.98682249
head-adapt,bn,919,0.007181,0.96949798
head-adapt,bn,920,-0.017649,0.96941245
head-adapt,bn,921,0.038784,1.05015945
head-adapt,bn,922,-0.039998,0.94787002
head-adapt,bn,923,-0.051614,1.02864146
head-adapt,bn,924,0.034632,0.97745478
head-adapt,bn,925,0.039348,0.97877133
head-adapt,bn,926,-0.034824,0.96852064
head-adapt,bn,927,-0.004576,1.15164375
head-adapt,bn,928,0.013896,1.04440677
head-adapt,bn,929,-0.005019,0.91985065
head-adapt,bn,930,-0.016459,0.96191055
head-adapt,bn,931,0.051054,1.04616797
head-adapt,bn,932,0.028568,0.99247682
head-adapt,bn,933,0.010906,1.00564015
head-adapt,bn,934,0.027876,1.01021194
head-adapt,bn,935,-0.012232,0.99925339
head-adapt,bn,936,-0.028903,0.97476566
head-adapt,bn,937,-0.052361,1.01048017
head-adapt,bn,938,0.030499,0.98882198
head-adapt,bn,939,-0.024416,0.98235363
head-adapt,bn,940,-0.021457,0.99514407
head-adapt,bn,941,0.054106,0.93340796
head-adapt,bn,942,0.051637,0.94079506
head-adapt,bn,943,-0.03207,0.99606931
head-adapt,bn,944,-0.107455,1.00905216
head-adapt,bn,945,0.056435,1.02822423
head-adapt,bn,946,0.069583,0.91892707
head-adapt,bn,947,-0.053643,0.9534409
head-adapt,bn,948,-0.068215,1.13026536
head-adapt,bn,949,-0.009948,0.91577137
head-adapt,bn,950,0.053692,0.99970943
head-adapt,bn,951,-0.000239,1.00867033
head-adapt,bn,952,0.02281,0.97454345
head-adapt,bn,953,-0.041155,1.00493479
head-adapt,bn,954,-0.000414,0.93893915
head-adapt,bn,955,-0.055112,1.0039084
head-adapt,bn,956,0.027825,0.95436198
head-adapt,bn,957,0.050218,0.98505276
head-adapt,bn,958,0.034804,1.13943601
head-adapt,bn,959,-0.004735,1.07232833
head-adapt,bn,960,-0.037512,0.9406057
head-adapt,bn,961,0.060842,0.83810121
head-adapt,bn,962,-0.008582,1.04858339
head-adapt,bn,963,0.041579,0.93702132
head-adapt,bn,964,0.035735,1.00565791
head-adapt,bn,965,0.125873,0.84346163
head-adapt,bn,966,-0.041162,0.98389268
head-adapt,bn,967,0.047436,0.97157818
head-adapt,bn,968,0.025781,1.04625523
head-adapt,bn,969,-0.022279,1.01974845
head-adapt,bn,970,-0.003333,0.92886651
head-adapt,bn,971,-0.009754,1.06051552
head-adapt,bn,972,0.008475,1.02664983
head-adapt,bn,973,-0.047071,1.03984308
head-adapt,bn,974,0.119914,1.03138936
head-adapt,bn,975,-0.070852,0.98246074
head-adapt,bn,976,0.025838,0.98987162
head-adapt,bn,977,0.029591,0.9001689
head-adapt,bn,978,0.061364,1.0429337
head-adapt,bn,979,0.006783,0.97365755
head-adapt,bn,980,-0.030647,0.92925966
head-adapt,bn,981,0.008529,0.90525007
head-adapt,bn,982,0.028746,1.09433103
head-adapt,bn,983,-0.00313,1.02979648
head-adapt,bn,984,0.027198,0.9318105
head-adapt,bn,985,-0.101637,0.89739978
head-adapt,bn,986,0.065985,1.05478704
head-adapt,bn,987,0.041619,0.88765001
head-adapt,bn,988,0.034072,1.03288651
head-adapt,bn,989,0.060035,0.9904781
head-adapt,bn,990,0.04849,1.06949842
head-adapt,bn,991,-0.071704,0.99342537
head-adapt,bn,992,0.0062,1.07751894
head-adapt,bn,993,-0.028666,1.07511044
head-adapt,bn,994,0.011652,0.81509459
head-adapt,bn,995,0.017772,1.07376361
head-adapt,bn,996,0.033374,0.91682732
head-adapt,bn,997,0.016516,0.93432933
head-adapt,bn,998,-0.037817,0.90575117
head-adapt,bn,999,0.047163,0.9391529
head-adapt,bn,1000,0.007869,0.91113406
head-adapt,bn,1001,0.006932,0.98034275
head-adapt,bn,1002,0.036372,0.92778134
head-adapt,bn,1003,0.025211,1.1351558
head-adapt,bn,1004,0.036602,0.93586099
head-adapt,bn,1005,0.038163,0.99138218
head-adapt,bn,1006,0.050042,0.9879095
head-adapt,bn,1007,-0.014042,1.02303147
head-adapt,bn,1008,-0.080513,0.98101425
head-adapt,bn,1009,0.00619,0.98213273
head-adapt,bn,1010,0.027415,0.92511255
head-adapt,bn,1011,0.00179,0.92645699
head-adapt,bn,1012,0.043661,0.9245978
head-adapt,bn,1013,-0.093216,0.9657315
head-adapt,bn,1014,-0.04749,1.00634992
head-adapt,bn,1015,-0.009659,1.07854915
head-adapt,bn,1016,0.032798,1.05203164
head-adapt,bn,1017,-0.006538,0.98573124
head-adapt,bn,1018,0.020695,1.00668406
head-adapt,bn,1019,0.024936,0.95323569
head-adapt,bn,1020,0.013545,0.97743309
head-adapt,bn,1021,-0.147425,0.94221216
head-adapt,bn,1022,0.070253,1.02313173
head-adapt,bn,1023,0.027578,0.88058841
head-adapt,z,0,-0.000785,0.00098663
head-adapt,z,1,-0.000973,0.00103269
head-adapt,z,2,0.00087,0.00094351
head-adapt,z,3,-0.001655,0.00093992
head-adapt,z,4,2.8e-05,0.00097996
head-adapt,z,5,-0.002346,0.00097191
head-adapt,z,6,6.2e-05,0.00105177
head-adapt,z,7,0.001163,0.0010866
head-adapt,z,8,-0.001797,0.00107119
head-adapt,z,9,0.000376,0.00099485
head-adapt,z,10,0.000198,0.00099014
head-adapt,z,11,0.001562,0.00098667
head-adapt,z,12,-0.000181,0.00094953
head-adapt,z,13,0.001154,0.00096236
head-adapt,z,14,0.001755,0.00096937
head-adapt,z,15,-0.000906,0.00094282
head-adapt,z,16,-0.001024,0.0009092
head-adapt,z,17,-0.002173,0.00093012
head-adapt,z,18,0.001359,0.00080313
head-adapt,z,19,-0.001256,0.00080883
head-adapt,z,20,0.000508,0.00090115
head-adapt,z,21,0.001378,0.00085591
head-adapt,z,22,-0.000673,0.00082319
head-adapt,z,23,0.000516,0.00085589
head-adapt,z,24,0.001149,0.00078971
head-adapt,z,25,0.000319,0.00084931
head-adapt,z,26,0.000697,0.0008926
head-adapt,z,27,0.002177,0.00078865
head-adapt,z,28,0.001003,0.00089889
head-adapt,z,29,-0.000733,0.00088459
head-adapt,z,30,0.000922,0.00082531
head-adapt,z,31,-0.001355,0.00089613
head-adapt,z,32,-0.00145,0.00080077
head-adapt,z,33,0.000739,0.00084781
head-adapt,z,34,0.00016,0.00082408
head-adapt,z,35,0.000486,0.00086834
head-adapt,z,36,-0.000644,0.00087428
head-adapt,z,37,0.001366,0.00078396
head-adapt,z,38,-0.000329,0.00076857
head-adapt,z,39,-0.001119,0.00078136
head-adapt,z,40,-0.00215,0.00076932
head-adapt,z,41,0.000804,0.00081348
head-adapt,z,42,0.000955,0.00079792
head-adapt,z,43,-0.001496,0.00081473
head-adapt,z,44,0.001915,0.00077479
head-adapt,z,45,-0.000897,0.00079859
head-adapt,z,46,0.001179,0.00076485
head-adapt,z,47,0.002055,0.00079309
head-adapt,z,48,-0.000323,0.00083364
head-adapt,z,49,-0.001147,0.00086517
head-adapt,z,50,0.001003,0.00080866
head-adapt,z,51,-0.000335,0.00080481
head-adapt,z,52,-0.002183,0.00084395
head-adapt,z,53,0.000113,0.00078179
head-adapt,z,54,-0.002917,0.00083394
head-adapt,z,55,-0.001324,0.00078354
head-adapt,z,56,0.0036,0.0008059
head-adapt,z,57,0.000251,0.0007824
head-adapt,z,58,0.000696,0.0007811
head-adapt,z,59,0.000894,0.00084565
head-adapt,z,60,0.000683,0.0008141
head-adapt,z,61,-0.000412,0.00079467
head-adapt,z,62,0.000737,0.00087901
head-adapt,z,63,-0.000704,0.00082154
head-adapt,z,64,-1.7e-05,0.00085295
head-adapt,z,65,-0.001224,0.00081578
head-adapt,z,66,-0.001444,0.00080398
head-adapt,z,67,-0.001578,0.00083662
head-adapt,z,68,-0.002845,0.00076131
head-adapt,z,69,0.001205,0.00090376
head-adapt,z,70,-0.000745,0.00086519
head-adapt,z,71,0.000721,0.00082092
head-adapt,z,72,0.000916,0.00114641
head-adapt,z,73,0.000342,0.00091866
head-adapt,z,74,-0.000325,0.00078678
head-adapt,z,75,-0.000565,0.00082974
head-adapt,z,76,-0.001591,0.00081043
head-adapt,z,77,0.002327,0.00084808
head-adapt,z,78,-0.001003,0.00092481
head-adapt,z,79,-0.001697,0.00089165
head-adapt,z,80,-0.001685,0.00077657
head-adapt,z,81,0.001547,0.00079441
head-adapt,z,82,-0.002974,0.00086657
head-adapt,z,83,0.000105,0.00080304
head-adapt,z,84,0.001829,0.00082232
head-adapt,z,85,-0.0011,0.00085656
head-adapt,z,86,-0.001827,0.00079664
head-adapt,z,87,-0.000576,0.00081666
head-adapt,z,88,-5.9e-05,0.00087919
head-adapt,z,89,0.000371,0.00084578
head-adapt,z,90,-0.001787,0.00084513
head-adapt,z,91,-0.000293,0.00078427
head-adapt,z,92,-0.001747,0.00079177
head-adapt,z,93,-0.000843,0.00093329
head-adapt,z,94,0.000109,0.0008934
head-adapt,z,95,0.001838,0.0008291
head-adapt,z,96,0.000714,0.00086761
head-adapt,z,97,-0.000385,0.00080526
head-adapt,z,98,0.001144,0.00077645
head-adapt,z,99,-0.001295,0.0007671
head-adapt,z,100,0.001683,0.00081933
head-adapt,z,101,0.000395,0.00080571
head-adapt,z,102,0.001228,0.00081335
head-adapt,z,103,-2e-05,0.00082002
head-adapt,z,104,0.000491,0.00083532
head-adapt,z,105,0.001228,0.00074441
head-adapt,z,106,0.001961,0.00086396
head-adapt,z,107,-0.000876,0.00076437
head-adapt,z,108,0.001121,0.00086726
head-adapt,z,109,-0.000109,0.00083536
head-adapt,z,110,0.000168,0.00092268
head-adapt,z,111,0.000384,0.00085348
head-adapt,z,112,-0.000931,0.00083356
head-adapt,z,113,-0.001403,0.00084278
head-adapt,z,114,-0.001048,0.00083502
head-adapt,z,115,0.000605,0.00080795
head-adapt,z,116,-0.001636,0.0008554
head-adapt,z,117,0.002406,0.00077742
head-adapt,z,118,-0.003634,0.00083215
head-adapt,z,119,0.000958,0.00081403
head-adapt,z,120,0.000476,0.00089555
head-adapt,z,121,-0.001268,0.00079956
head-adapt,z,122,-9.3e-05,0.00081576
head-adapt,z,123,-0.001793,0.00090892
head-adapt,z,124,-0.000185,0.00089442
head-adapt,z,125,-1.2e-05,0.00088404
head-adapt,z,126,0.000293,0.00087264
head-adapt,z,127,0.000455,0.00083342
head-adapt,z,128,0.000985,0.00084199
head-adapt,z,129,0.000427,0.00082883
head-adapt,z,130,0.001228,0.00080356
head-adapt,z,131,-0.002306,0.00086033
head-adapt,z,132,0.001313,0.00091135
head-adapt,z,133,-0.001003,0.00090859
head-adapt,z,134,0.001021,0.00081291
head-adapt,z,135,0.000903,0.00098378
head-adapt,z,136,0.001333,0.00080688
head-adapt,z,137,-0.000655,0.00091675
head-adapt,z,138,-0.002178,0.00078764
head-adapt,z,139,-0.001699,0.00092515
head-adapt,z,140,-0.000375,0.00087576
head-adapt,z,141,-0.000288,0.00088024
head-adapt,z,142,0.002267,0.0009997
head-adapt,z,143,-0.001566,0.00090385
head-adapt,z,144,-0.00088,0.00081444
head-adapt,z,145,0.0016,0.0009558
head-adapt,z,146,-0.000747,0.0008833
head-adapt,z,147,-0.001831,0.00079804
head-adapt,z,148,0.000818,0.00086204
head-adapt,z,149,-0.000643,0.00084861
head-adapt,z,150,0.000321,0.00092268
head-adapt,z,151,0.004577,0.00086026
head-adapt,z,152,-0.000872,0.00096013
head-adapt,z,153,0.001271,0.00075786
head-adapt,z,154,0.001288,0.00084597
head-adapt,z,155,-0.00036,0.00077489
head-adapt,z,156,0.00156,0.00089832
head-adapt,z,157,-0.00028,0.00093906
head-adapt,z,158,0.001583,0.0009213
head-adapt,z,159,0.000308,0.00079612
head-adapt,z,160,0.00134,0.00080318
head-adapt,z,161,0.000436,0.00088762
head-adapt,z,162,0.000174,0.00080989
head-adapt,z,163,0.001685,0.00086284
head-adapt,z,164,-0.000756,0.00080117
head-adapt,z,165,-0.001045,0.00096579
head-adapt,z,166,0.003197,0.00082993
head-adapt,z,167,-0.000802,0.00086878
head-adapt,z,168,-0.0,0.00085116
head-adapt,z,169,-0.000807,0.00077124
head-adapt,z,170,-0.000164,0.0010374
head-adapt,z,171,-0.001699,0.00085481
head-adapt,z,172,0.000233,0.00093334
head-adapt,z,173,-0.000797,0.00087094
head-adapt,z,174,4.8e-05,0.00083015
head-adapt,z,175,0.000496,0.00084561
head-adapt,z,176,0.001686,0.00081555
head-adapt,z,177,-0.00124,0.00093775
head-adapt,z,178,0.000855,0.00092073
head-adapt,z,179,-0.002008,0.00093802
head-adapt,z,180,0.000255,0.0008362
head-adapt,z,181,0.00014,0.00088567
head-adapt,z,182,-0.001175,0.00081136
head-adapt,z,183,0.002221,0.00082831
head-adapt,z,184,-0.000278,0.00093632
head-adapt,z,185,-0.000601,0.00092956
head-adapt,z,186,-3e-06,0.00087989
head-adapt,z,187,-0.001123,0.00079356
head-adapt,z,188,-0.000286,0.00089896
head-adapt,z,189,0.000217,0.00082705
head-adapt,z,190,-0.000623,0.00088782
head-adapt,z,191,-0.001938,0.00082779
head-adapt,z,192,0.000617,0.0008846
head-adapt,z,193,-0.002274,0.00086068
head-adapt,z,194,0.001488,0.0009684
head-adapt,z,195,0.00058,0.00090744
head-adapt,z,196,-0.000753,0.00081913
head-adapt,z,197,-0.001179,0.00081099
head-adapt,z,198,0.00012,0.00090705
head-adapt,z,199,0.000459,0.00096106
head-adapt,z,200,0.00263,0.00087691
head-adapt,z,201,0.001514,0.00087913
head-adapt,z,202,0.002896,0.00076463
head-adapt,z,203,-0.000738,0.00081036
head-adapt,z,204,0.001451,0.00081498
head-adapt,z,205,-0.000234,0.0008907
head-adapt,z,206,-0.002048,0.00088829
head-adapt,z,207,-0.002699,0.00088908
head-adapt,z,208,-0.000573,0.0008135
head-adapt,z,209,0.000898,0.00090737
head-adapt,z,210,-0.000841,0.00090451
head-adapt,z,211,0.002404,0.00089404
head-adapt,z,212,-0.001848,0.00084696
head-adapt,z,213,-0.001204,0.00098872
head-adapt,z,214,0.000287,0.00094721
head-adapt,z,215,0.00142,0.00087149
head-adapt,z,216,-0.000735,0.00085155
head-adapt,z,217,-0.000109,0.0009716
head-adapt,z,218,0.000826,0.00086277
head-adapt,z,219,-0.001445,0.00095689
head-adapt,z,220,0.00118,0.00091687
head-adapt,z,221,0.001665,0.0008192
head-adapt,z,222,-0.002327,0.00082451
head-adapt,z,223,-0.001005,0.00081997
head-adapt,z,224,0.000516,0.00076836
head-adapt,z,225,0.001567,0.00106149
head-adapt,z,226,-0.001357,0.00107112
head-adapt,z,227,-0.000535,0.00091995
head-adapt,z,228,-0.000134,0.00087438
head-adapt,z,229,-0.001226,0.00101075
head-adapt,z,230,0.000524,0.0009499
head-adapt,z,231,-0.000446,0.00088253
head-adapt,z,232,0.00157,0.00086672
head-adapt,z,233,-0.000237,0.00078469
head-adapt,z,234,-0.000641,0.00079815
head-adapt,z,235,-0.001579,0.00084177
head-adapt,z,236,0.000149,0.00093358
head-adapt,z,237,-0.000788,0.00087703
head-adapt,z,238,-0.003672,0.00097782
head-adapt,z,239,0.001229,0.00085415
head-adapt,z,240,-0.001009,0.00088076
head-adapt,z,241,0.000317,0.00083814
head-adapt,z,242,-9e-05,0.00083954
head-adapt,z,243,-0.00098,0.00084801
head-adapt,z,244,0.000772,0.00086167
head-adapt,z,245,-0.000321,0.00082924
head-adapt,z,246,0.003021,0.00083069
head-adapt,z,247,0.001794,0.00086315
head-adapt,z,248,-0.000527,0.00075876
head-adapt,z,249,0.000129,0.00089945
head-adapt,z,250,-0.000464,0.00076092
head-adapt,z,251,-0.000815,0.0008209
head-adapt,z,252,0.001303,0.00095772
head-adapt,z,253,-0.000609,0.00078254
head-adapt,z,254,0.00126,0.00072741
head-adapt,z,255,0.000124,0.00090943
head-adapt,z,256,0.000636,0.00099136
head-adapt,z,257,0.000989,0.00092181
head-adapt,z,258,-0.000587,0.00091489
head-adapt,z,259,0.00162,0.0009626
head-adapt,z,260,0.00167,0.00087115
head-adapt,z,261,6.5e-05,0.00103359
head-adapt,z,262,-0.000365,0.00100584
head-adapt,z,263,-0.001434,0.00101662
head-adapt,z,264,-0.002161,0.00100136
head-adapt,z,265,6e-06,0.00088093
head-adapt,z,266,-0.00034,0.00096494
head-adapt,z,267,-0.001265,0.00078674
head-adapt,z,268,-0.000682,0.00088068
head-adapt,z,269,0.001963,0.00092617
head-adapt,z,270,-0.00074,0.00100088
head-adapt,z,271,-0.00025,0.00087402
head-adapt,z,272,0.000245,0.00093505
head-adapt,z,273,-0.002202,0.00094413
head-adapt,z,274,0.00096,0.0009695
head-adapt,z,275,-0.000978,0.0008947
head-adapt,z,276,0.003328,0.00107516
head-adapt,z,277,0.00116,0.00118212
head-adapt,z,278,0.000835,0.00084269
head-adapt,z,279,0.000443,0.00084159
head-adapt,z,280,-0.001308,0.00097907
head-adapt,z,281,0.001421,0.00082454
head-adapt,z,282,-0.001506,0.00095491
head-adapt,z,283,0.002117,0.00097885
head-adapt,z,284,-0.000981,0.00090771
head-adapt,z,285,-0.002439,0.0008784
head-adapt,z,286,-0.001001,0.00084535
head-adapt,z,287,-4e-06,0.0009948
head-adapt,z,288,-0.001104,0.00091679
head-adapt,z,289,-0.000656,0.00095793
head-adapt,z,290,1.7e-05,0.00103372
head-adapt,z,291,0.002,0.0010005
head-adapt,z,292,0.000998,0.00084412
head-adapt,z,293,0.000598,0.00093795
head-adapt,z,294,0.002599,0.00092068
head-adapt,z,295,-0.002855,0.00108779
head-adapt,z,296,0.002237,0.0008354
head-adapt,z,297,0.001161,0.0009495
head-adapt,z,298,-0.001561,0.00101957
head-adapt,z,299,-0.000734,0.00092007
head-adapt,z,300,0.001977,0.0008802
head-adapt,z,301,0.000487,0.00089914
head-adapt,z,302,-0.001548,0.00109549
head-adapt,z,303,-0.001072,0.00096348
head-adapt,z,304,0.001627,0.00095916
head-adapt,z,305,0.001347,0.00093746
head-adapt,z,306,0.002675,0.00095336
head-adapt,z,307,-0.002509,0.00116814
head-adapt,z,308,-0.000512,0.00083436
head-adapt,z,309,-0.000407,0.00097437
head-adapt,z,310,-0.003004,0.00092959
head-adapt,z,311,0.002355,0.00099223
head-adapt,z,312,0.000162,0.00089792
head-adapt,z,313,-0.002043,0.00086013
head-adapt,z,314,0.0007,0.00089154
head-adapt,z,315,0.000434,0.00099425
head-adapt,z,316,-0.000265,0.00105872
head-adapt,z,317,0.000302,0.00112117
head-adapt,z,318,0.002415,0.00091649
head-adapt,z,319,0.000674,0.00088269
head-adapt,z,320,-0.001757,0.00092539
head-adapt,z,321,-0.002008,0.0008931
head-adapt,z,322,-0.001338,0.00098977
head-adapt,z,323,0.00029,0.00088786
head-adapt,z,324,0.001424,0.00089433
head-adapt,z,325,-0.000315,0.00087321
head-adapt,z,326,0.001283,0.0009736
head-adapt,z,327,-0.003209,0.00098562
head-adapt,z,328,-0.001149,0.00095361
head-adapt,z,329,0.001702,0.00082642
head-adapt,z,330,7.2e-05,0.00090512
head-adapt,z,331,-0.000948,0.00091148
head-adapt,z,332,-0.002124,0.00088085
head-adapt,z,333,0.000394,0.00102016
head-adapt,z,334,0.001716,0.00089804
head-adapt,z,335,0.001076,0.00096288
head-adapt,z,336,-0.00124,0.0008799
head-adapt,z,337,-0.000526,0.00090808
head-adapt,z,338,-0.000526,0.00100833
head-adapt,z,339,0.001469,0.0010539
head-adapt,z,340,0.001153,0.0008999
head-adapt,z,341,0.000415,0.00091752
head-adapt,z,342,-0.000227,0.00090158
head-adapt,z,343,0.001665,0.00101106
head-adapt,z,344,-0.000849,0.00107884
head-adapt,z,345,-3e-05,0.00100089
head-adapt,z,346,3e-05,0.00092986
head-adapt,z,347,-0.000939,0.00090689
head-adapt,z,348,-0.001143,0.00097768
head-adapt,z,349,-0.001378,0.00085857
head-adapt,z,350,0.002213,0.00100016
head-adapt,z,351,-0.001285,0.00098763
head-adapt,z,352,-0.000342,0.00099938
head-adapt,z,353,-0.00059,0.00085311
head-adapt,z,354,-0.002108,0.0009389
head-adapt,z,355,-0.00034,0.00079633
head-adapt,z,356,-0.00265,0.00089809
head-adapt,z,357,-0.002657,0.00083146
head-adapt,z,358,-0.000875,0.00095096
head-adapt,z,359,-0.002544,0.00079576
head-adapt,z,360,-0.000681,0.00092519
head-adapt,z,361,-0.003954,0.00103455
head-adapt,z,362,0.003154,0.00088502
head-adapt,z,363,-0.000228,0.00097811
head-adapt,z,364,-0.000638,0.00095457
head-adapt,z,365,0.00043,0.00089451
head-adapt,z,366,0.000865,0.00099359
head-adapt,z,367,-0.000219,0.0010889
head-adapt,z,368,-0.00015,0.00094935
head-adapt,z,369,0.00014,0.00085834
head-adapt,z,370,0.000494,0.00091731
head-adapt,z,371,0.000746,0.00088082
head-adapt,z,372,-0.001372,0.00086822
head-adapt,z,373,1.2e-05,0.00087879
head-adapt,z,374,-0.000596,0.00100226
head-adapt,z,375,-0.00146,0.00088096
head-adapt,z,376,0.002122,0.00109202
head-adapt,z,377,0.000874,0.00093796
head-adapt,z,378,-0.000413,0.00089254
head-adapt,z,379,-0.000696,0.00119631
head-adapt,z,380,-0.001555,0.00093038
head-adapt,z,381,0.000424,0.00079368
head-adapt,z,382,-0.001112,0.0009619
head-adapt,z,383,-0.001599,0.00102971
head-adapt,z,384,0.000542,0.00088787
head-adapt,z,385,0.001705,0.00095231
head-adapt,z,386,-5.3e-05,0.0009135
head-adapt,z,387,-0.000914,0.00099439
head-adapt,z,388,-4.7e-05,0.00093493
head-adapt,z,389,-0.00173,0.00089791
head-adapt,z,390,-0.000316,0.00097161
head-adapt,z,391,0.000923,0.000888
head-adapt,z,392,-0.002002,0.00092941
head-adapt,z,393,0.00046,0.0008359
head-adapt,z,394,-6.8e-05,0.00096093
head-adapt,z,395,0.000342,0.00099163
head-adapt,z,396,-0.002408,0.0010069
head-adapt,z,397,-0.001263,0.00092424
head-adapt,z,398,0.001383,0.00102769
head-adapt,z,399,0.001019,0.00089391
head-adapt,z,400,0.001353,0.00090029
head-adapt,z,401,-0.001046,0.00094993
head-adapt,z,402,-0.001468,0.00096267
head-adapt,z,403,-0.000772,0.00090939
head-adapt,z,404,-0.00233,0.00083264
head-adapt,z,405,0.002307,0.00104605
head-adapt,z,406,-0.000891,0.00083342
head-adapt,z,407,0.000106,0.00100727
head-adapt,z,408,0.000303,0.00087162
head-adapt,z,409,0.000146,0.00096719
head-adapt,z,410,7.4e-05,0.00089028
head-adapt,z,411,0.000233,0.00079925
head-adapt,z,412,0.000527,0.00083561
head-adapt,z,413,-0.002317,0.00102751
head-adapt,z,414,0.00056,0.00082309
head-adapt,z,415,-0.000786,0.00089352
head-adapt,z,416,0.001005,0.00101053
head-adapt,z,417,-0.000438,0.00086203
head-adapt,z,418,-0.000653,0.00100012
head-adapt,z,419,0.001409,0.00083555
head-adapt,z,420,0.000688,0.00091444
head-adapt,z,421,0.001883,0.0008598
head-adapt,z,422,0.002452,0.00103938
head-adapt,z,423,-0.000456,0.00098428
head-adapt,z,424,-0.001363,0.0008964
head-adapt,z,425,0.000421,0.00088987
head-adapt,z,426,-0.00023,0.00096193
head-adapt,z,427,0.002877,0.00091666
head-adapt,z,428,-0.001934,0.00091387
head-adapt,z,429,0.002009,0.00092591
head-adapt,z,430,0.000326,0.0009083
head-adapt,z,431,-0.001414,0.00090096
head-adapt,z,432,-0.002548,0.00085636
head-adapt,z,433,-0.000401,0.00097312
head-adapt,z,434,0.001747,0.00093328
head-adapt,z,435,0.000333,0.00095403
head-adapt,z,436,-0.000637,0.00089505
head-adapt,z,437,0.001922,0.00082877
head-adapt,z,438,-0.000534,0.00092128
head-adapt,z,439,0.00187,0.00096043
head-adapt,z,440,-0.000109,0.0008297
head-adapt,z,441,0.000195,0.00079699
head-adapt,z,442,-0.000623,0.00102156
head-adapt,z,443,0.001479,0.00089379
head-adapt,z,444,-0.000259,0.00090514
head-adapt,z,445,-0.001649,0.00086454
head-adapt,z,446,-0.001005,0.00083745
head-adapt,z,447,-0.000858,0.00082528
head-adapt,z,448,0.001443,0.00079678
head-adapt,z,449,0.001544,0.00091789
head-adapt,z,450,-0.002049,0.00091148
head-adapt,z,451,0.001662,0.00095615
head-adapt,z,452,0.002116,0.00094357
head-adapt,z,453,0.000168,0.00093102
head-adapt,z,454,-0.001706,0.00096495
head-adapt,z,455,0.003326,0.00098978
head-adapt,z,456,0.000722,0.00085856
head-adapt,z,457,0.000565,0.00092284
head-adapt,z,458,0.000555,0.00091283
head-adapt,z,459,0.000965,0.00098953
head-adapt,z,460,-0.000478,0.00097385
head-adapt,z,461,-0.000291,0.00094169
head-adapt,z,462,0.001616,0.00088831
head-adapt,z,463,-0.00087,0.00086301
head-adapt,z,464,0.00156,0.00109451
head-adapt,z,465,0.000193,0.00092308
head-adapt,z,466,0.000561,0.0009296
head-adapt,z,467,0.000242,0.0009134
head-adapt,z,468,-0.002357,0.00094504
head-adapt,z,469,0.001228,0.00103129
head-adapt,z,470,-0.002452,0.00096975
head-adapt,z,471,0.000616,0.00091497
head-adapt,z,472,0.000649,0.00098636
head-adapt,z,473,0.000245,0.00089075
head-adapt,z,474,-0.000772,0.00086938
head-adapt,z,475,0.001994,0.00085364
head-adapt,z,476,-0.001061,0.00090558
head-adapt,z,477,-5.1e-05,0.00093365
head-adapt,z,478,0.00168,0.00087515
head-adapt,z,479,0.003957,0.0010835
head-adapt,z,480,0.00016,0.00085726
head-adapt,z,481,-0.000664,0.00088537
head-adapt,z,482,-0.000902,0.00100246
head-adapt,z,483,0.000569,0.00090067
head-adapt,z,484,-0.000801,0.00084405
head-adapt,z,485,-0.000518,0.00096884
head-adapt,z,486,-6.7e-05,0.00080342
head-adapt,z,487,-0.000854,0.00094588
head-adapt,z,488,0.001087,0.00087949
head-adapt,z,489,-0.001314,0.00084871
head-adapt,z,490,0.001383,0.0010773
head-adapt,z,491,-0.000544,0.00107531
head-adapt,z,492,-0.00027,0.00092902
head-adapt,z,493,-0.001448,0.00089428
head-adapt,z,494,0.000496,0.00080249
head-adapt,z,495,-0.001991,0.0009564
head-adapt,z,496,-0.001003,0.00095003
head-adapt,z,497,-0.000209,0.00099086
head-adapt,z,498,0.001214,0.0009173
head-adapt,z,499,0.001053,0.00105854
head-adapt,z,500,0.00226,0.00099469
head-adapt,z,501,-0.000172,0.00092792
head-adapt,z,502,0.001494,0.00080974
head-adapt,z,503,-0.000572,0.00086081
head-adapt,z,504,0.001276,0.00089568
head-adapt,z,505,-0.000801,0.00104644
head-adapt,z,506,-0.000343,0.00097465
head-adapt,z,507,-0.000978,0.00095253
head-adapt,z,508,-0.000667,0.0010023
head-adapt,z,509,0.00064,0.00092802
head-adapt,z,510,-0.000324,0.00109494
head-adapt,z,511,0.000152,0.00095562
head-adapt,z,512,0.000957,0.00100896
head-adapt,z,513,0.003059,0.0012528
head-adapt,z,514,-0.001157,0.0009756
head-adapt,z,515,0.003399,0.00100681
head-adapt,z,516,0.001255,0.00113512
head-adapt,z,517,-0.000315,0.00099329
head-adapt,z,518,-0.001864,0.00087243
head-adapt,z,519,-0.001892,0.0010675
head-adapt,z,520,-0.000624,0.00105727
head-adapt,z,521,0.001206,0.0010426
head-adapt,z,522,0.001236,0.00102987
head-adapt,z,523,-0.001531,0.00102537
head-adapt,z,524,-0.004675,0.00101564
head-adapt,z,525,-0.001132,0.00098854
head-adapt,z,526,4e-06,0.00102265
head-adapt,z,527,-0.000413,0.0011278
head-adapt,z,528,-0.001431,0.00101514
head-adapt,z,529,0.000401,0.00100927
head-adapt,z,530,-0.001966,0.00111299
head-adapt,z,531,-0.003084,0.00110252
head-adapt,z,532,0.001718,0.00110789
head-adapt,z,533,-0.001493,0.00099268
head-adapt,z,534,-0.000523,0.00110155
head-adapt,z,535,-0.001623,0.00098173
head-adapt,z,536,-0.000263,0.00102746
head-adapt,z,537,0.001377,0.00102663
head-adapt,z,538,-5.6e-05,0.00107936
head-adapt,z,539,0.00054,0.001241
head-adapt,z,540,0.001085,0.00104035
head-adapt,z,541,0.001532,0.00100927
head-adapt,z,542,0.000788,0.00099766
head-adapt,z,543,-0.00041,0.00103371
head-adapt,z,544,0.002558,0.00102557
head-adapt,z,545,0.002186,0.00103027
head-adapt,z,546,0.000699,0.00107549
head-adapt,z,547,0.001272,0.00117303
head-adapt,z,548,0.002471,0.00094598
head-adapt,z,549,-0.000769,0.00107444
head-adapt,z,550,-0.001472,0.00112268
head-adapt,z,551,0.000502,0.00110192
head-adapt,z,552,-0.001141,0.0010146
head-adapt,z,553,0.001336,0.00112833
head-adapt,z,554,-0.001407,0.00115075
head-adapt,z,555,0.002223,0.00102648
head-adapt,z,556,0.000806,0.00103217
head-adapt,z,557,9.8e-05,0.00115853
head-adapt,z,558,0.000128,0.00101293
head-adapt,z,559,0.002862,0.0009513
head-adapt,z,560,0.00079,0.00102407
head-adapt,z,561,-0.00196,0.00087296
head-adapt,z,562,0.001865,0.00106955
head-adapt,z,563,0.000624,0.00106931
head-adapt,z,564,0.00078,0.00100444
head-adapt,z,565,0.002723,0.00103785
head-adapt,z,566,-0.003593,0.00109796
head-adapt,z,567,0.003672,0.00101274
head-adapt,z,568,0.001107,0.00102606
head-adapt,z,569,-0.001998,0.00109366
head-adapt,z,570,-0.000289,0.00104291
head-adapt,z,571,0.000626,0.00109578
head-adapt,z,572,-0.000837,0.00122037
head-adapt,z,573,-0.00013,0.00094413
head-adapt,z,574,-0.000925,0.0010714
head-adapt,z,575,-0.004392,0.00125463
head-adapt,z,576,5e-05,0.00109429
head-adapt,z,577,0.001059,0.00095026
head-adapt,z,578,-0.001631,0.0010465
head-adapt,z,579,-0.001304,0.00111173
head-adapt,z,580,-0.001213,0.00103707
head-adapt,z,581,0.000187,0.00098977
head-adapt,z,582,0.000947,0.00111091
head-adapt,z,583,-0.002226,0.00090865
head-adapt,z,584,-0.001296,0.00109516
head-adapt,z,585,7.4e-05,0.00104058
head-adapt,z,586,0.00131,0.00109813
head-adapt,z,587,-0.002098,0.0009552
head-adapt,z,588,-0.002236,0.00108541
head-adapt,z,589,-2.9e-05,0.00096637
head-adapt,z,590,0.002622,0.0010526
head-adapt,z,591,-0.002078,0.00109683
head-adapt,z,592,0.00033,0.00106564
head-adapt,z,593,-0.001704,0.00102299
head-adapt,z,594,0.000249,0.00112831
head-adapt,z,595,-0.002085,0.00104914
head-adapt,z,596,0.000251,0.00104574
head-adapt,z,597,-0.002232,0.00096913
head-adapt,z,598,-0.000978,0.00093848
head-adapt,z,599,-0.000557,0.00111802
head-adapt,z,600,0.002369,0.00115946
head-adapt,z,601,0.000679,0.00100175
head-adapt,z,602,-0.000308,0.00114249
head-adapt,z,603,-0.001992,0.00101492
head-adapt,z,604,-0.000884,0.00097804
head-adapt,z,605,0.001307,0.0011432
head-adapt,z,606,-0.001616,0.00109486
head-adapt,z,607,-0.003004,0.00112113
head-adapt,z,608,0.000884,0.00109225
head-adapt,z,609,-0.000209,0.00099619
head-adapt,z,610,0.000385,0.00098361
head-adapt,z,611,-0.000744,0.00108028
head-adapt,z,612,-0.002522,0.00096624
head-adapt,z,613,-0.000492,0.00094822
head-adapt,z,614,0.000617,0.00114459
head-adapt,z,615,-0.000572,0.00108852
head-adapt,z,616,-0.002214,0.00106796
head-adapt,z,617,0.001103,0.00097952
head-adapt,z,618,0.001965,0.00096491
head-adapt,z,619,-0.000701,0.00104738
head-adapt,z,620,-0.001361,0.00105808
head-adapt,z,621,-3.2e-05,0.00104495
head-adapt,z,622,0.000921,0.00111239
head-adapt,z,623,0.001269,0.00103574
head-adapt,z,624,0.001377,0.00100722
head-adapt,z,625,0.002667,0.00095078
head-adapt,z,626,0.000622,0.00116412
head-adapt,z,627,-0.000299,0.00106225
head-adapt,z,628,0.000298,0.00113873
head-adapt,z,629,-0.002624,0.00106934
head-adapt,z,630,-0.001837,0.00101858
head-adapt,z,631,0.000256,0.00104801
head-adapt,z,632,0.002022,0.00099046
head-adapt,z,633,0.002104,0.00117965
head-adapt,z,634,0.002224,0.00106032
head-adapt,z,635,0.000112,0.00097793
head-adapt,z,636,-0.000528,0.00101137
head-adapt,z,637,0.001043,0.00107841
head-adapt,z,638,-0.001538,0.00096496
head-adapt,z,639,0.000884,0.00111321
head-adapt,z,640,-0.000906,0.00108989
head-adapt,z,641,0.000322,0.00110653
head-adapt,z,642,0.000841,0.001005
head-adapt,z,643,-0.00045,0.0010169
head-adapt,z,644,-0.001559,0.00107116
head-adapt,z,645,-0.001974,0.00103347
head-adapt,z,646,0.000634,0.00103003
head-adapt,z,647,0.002158,0.00108205
head-adapt,z,648,0.00059,0.00103079
head-adapt,z,649,-0.001221,0.00108559
head-adapt,z,650,0.000614,0.00097889
head-adapt,z,651,-0.00038,0.00103665
head-adapt,z,652,-0.000906,0.00105362
head-adapt,z,653,-0.001428,0.00099276
head-adapt,z,654,0.001167,0.00112013
head-adapt,z,655,0.000902,0.00110012
head-adapt,z,656,-0.000685,0.00101546
head-adapt,z,657,-0.000229,0.00105616
head-adapt,z,658,0.000397,0.00106575
head-adapt,z,659,-0.001442,0.00107758
head-adapt,z,660,0.001049,0.0010135
head-adapt,z,661,-0.001132,0.00116912
head-adapt,z,662,0.000165,0.00113907
head-adapt,z,663,-0.000773,0.00112611
head-adapt,z,664,0.000892,0.0010315
head-adapt,z,665,0.002519,0.0011862
head-adapt,z,666,-0.001139,0.00101347
head-adapt,z,667,0.000876,0.00090757
head-adapt,z,668,-0.001144,0.00098994
head-adapt,z,669,-0.001629,0.00102581
head-adapt,z,670,-0.001361,0.00103257
head-adapt,z,671,0.00289,0.00098209
head-adapt,z,672,-0.000954,0.00098893
head-adapt,z,673,0.000912,0.00110191
head-adapt,z,674,0.000445,0.00100698
head-adapt,z,675,2.1e-05,0.00115851
head-adapt,z,676,-0.001959,0.00104001
head-adapt,z,677,-0.001711,0.00104596
head-adapt,z,678,0.00101,0.00114568
head-adapt,z,679,0.0004,0.0010252
head-adapt,z,680,0.001316,0.0010755
head-adapt,z,681,0.001644,0.00112427
head-adapt,z,682,0.001437,0.00095356
head-adapt,z,683,-0.002741,0.00109884
head-adapt,z,684,0.000234,0.00102881
head-adapt,z,685,-0.001747,0.00108751
head-adapt,z,686,-0.000752,0.00099177
head-adapt,z,687,-0.000416,0.00104153
head-adapt,z,688,0.000386,0.00103166
head-adapt,z,689,0.002773,0.00105241
head-adapt,z,690,-0.001169,0.00106295
head-adapt,z,691,0.001285,0.00109912
head-adapt,z,692,-0.000773,0.00098978
head-adapt,z,693,-0.000833,0.00109241
head-adapt,z,694,-0.003634,0.0010668
head-adapt,z,695,-0.003241,0.00114944
head-adapt,z,696,-0.000285,0.00103802
head-adapt,z,697,0.001144,0.00118775
head-adapt,z,698,0.001583,0.0011343
head-adapt,z,699,-6.4e-05,0.00110839
head-adapt,z,700,-0.002205,0.00100384
head-adapt,z,701,-0.001478,0.00101592
head-adapt,z,702,3e-06,0.00109262
head-adapt,z,703,0.000475,0.00118878
head-adapt,z,704,0.001801,0.00105396
head-adapt,z,705,3e-06,0.00115503
head-adapt,z,706,0.003304,0.00100835
head-adapt,z,707,-0.002229,0.00095597
head-adapt,z,708,-0.002486,0.00104006
head-adapt,z,709,0.00032,0.00104219
head-adapt,z,710,-0.001298,0.00102594
head-adapt,z,711,-0.002767,0.00102737
head-adapt,z,712,9.5e-05,0.00103008
head-adapt,z,713,-0.002296,0.00101658
head-adapt,z,714,-0.00194,0.00091742
head-adapt,z,715,0.001085,0.0010419
head-adapt,z,716,-0.002439,0.00117009
head-adapt,z,717,0.004091,0.00110563
head-adapt,z,718,0.00069,0.00103576
head-adapt,z,719,-0.003672,0.00112166
head-adapt,z,720,-0.003759,0.00104049
head-adapt,z,721,-0.0009,0.00105214
head-adapt,z,722,0.00047,0.00109597
head-adapt,z,723,-0.002285,0.00096279
head-adapt,z,724,-0.002165,0.00108718
head-adapt,z,725,-0.001056,0.00106134
head-adapt,z,726,0.001298,0.00104738
head-adapt,z,727,-0.001117,0.00110569
head-adapt,z,728,-0.000985,0.00108947
head-adapt,z,729,0.001088,0.001061
head-adapt,z,730,0.000861,0.00096971
head-adapt,z,731,-0.001853,0.00095646
head-adapt,z,732,-0.001261,0.00097817
head-adapt,z,733,-0.000493,0.00104915
head-adapt,z,734,0.000792,0.00095453
head-adapt,z,735,0.000409,0.00105287
head-adapt,z,736,0.000413,0.00102187
head-adapt,z,737,-0.000487,0.0009759
head-adapt,z,738,0.000837,0.00101378
head-adapt,z,739,0.000595,0.00098378
head-adapt,z,740,0.000644,0.00101108
head-adapt,z,741,-9.2e-05,0.00094701
head-adapt,z,742,-0.001468,0.00111177
head-adapt,z,743,-0.002158,0.00099813
head-adapt,z,744,-0.001255,0.00100281
head-adapt,z,745,0.001303,0.00112473
head-adapt,z,746,0.003004,0.0011137
head-adapt,z,747,0.003525,0.00101446
head-adapt,z,748,0.000415,0.00101921
head-adapt,z,749,0.002081,0.00103076
head-adapt,z,750,0.001125,0.00099261
head-adapt,z,751,-5e-06,0.00100033
head-adapt,z,752,-0.00028,0.00097839
head-adapt,z,753,0.001212,0.00102944
head-adapt,z,754,0.000385,0.0011294
head-adapt,z,755,-0.000309,0.00097447
head-adapt,z,756,0.000235,0.00105905
head-adapt,z,757,0.001073,0.00095679
head-adapt,z,758,-0.000894,0.00098602
head-adapt,z,759,0.000139,0.00103589
head-adapt,z,760,0.001951,0.00112662
head-adapt,z,761,-0.000437,0.00103688
head-adapt,z,762,0.000618,0.00108404
head-adapt,z,763,-0.000121,0.00095627
head-adapt,z,764,0.003276,0.00109355
head-adapt,z,765,-0.002026,0.00094967
head-adapt,z,766,-0.000392,0.00096519
head-adapt,z,767,0.000623,0.00108032
head-adapt,z,768,-0.000528,0.00106892
head-adapt,z,769,0.001522,0.00109215
head-adapt,z,770,7e-05,0.00102006
head-adapt,z,771,-0.001422,0.00102861
head-adapt,z,772,-0.002265,0.00111153
head-adapt,z,773,0.000128,0.0010531
head-adapt,z,774,-5.7e-05,0.00099894
head-adapt,z,775,0.000228,0.00104245
head-adapt,z,776,0.001471,0.00108982
head-adapt,z,777,0.001758,0.00096144
head-adapt,z,778,-0.000925,0.00092874
head-adapt,z,779,0.000262,0.0010683
head-adapt,z,780,0.001366,0.00104599
head-adapt,z,781,-0.00145,0.00104071
head-adapt,z,782,0.00184,0.00109084
head-adapt,z,783,-0.000214,0.00100779
head-adapt,z,784,0.003436,0.00103766
head-adapt,z,785,0.000169,0.00101583
head-adapt,z,786,0.002189,0.00093286
head-adapt,z,787,8.9e-05,0.00111956
head-adapt,z,788,0.001252,0.00088178
head-adapt,z,789,-0.001016,0.00098632
head-adapt,z,790,-0.002675,0.00108115
head-adapt,z,791,-0.002138,0.00099439
head-adapt,z,792,0.000923,0.00093703
head-adapt,z,793,-0.001193,0.00100846
head-adapt,z,794,0.003258,0.00102372
head-adapt,z,795,-0.000319,0.00120334
head-adapt,z,796,0.000228,0.00105753
head-adapt,z,797,0.000166,0.00104157
head-adapt,z,798,-0.000567,0.00110649
head-adapt,z,799,-0.0013,0.001083
head-adapt,z,800,0.003252,0.00102081
head-adapt,z,801,0.000202,0.00100555
head-adapt,z,802,-0.000169,0.00108143
head-adapt,z,803,0.001066,0.00106205
head-adapt,z,804,-0.000109,0.00105658
head-adapt,z,805,0.001861,0.0011605
head-adapt,z,806,-0.002467,0.00098385
head-adapt,z,807,0.000186,0.00093082
head-adapt,z,808,-0.00068,0.00107864
head-adapt,z,809,-0.001394,0.00097606
head-adapt,z,810,-4.7e-05,0.00096351
head-adapt,z,811,0.002334,0.00100691
head-adapt,z,812,-8.3e-05,0.00107787
head-adapt,z,813,0.000443,0.00096569
head-adapt,z,814,0.001955,0.00099367
head-adapt,z,815,-0.000883,0.00118057
head-adapt,z,816,0.002303,0.00110111
head-adapt,z,817,0.001595,0.00103173
head-adapt,z,818,0.001246,0.00090571
head-adapt,z,819,-0.000752,0.00095355
head-adapt,z,820,0.000436,0.00112583
head-adapt,z,821,-0.000388,0.00105242
head-adapt,z,822,-0.001214,0.00117259
head-adapt,z,823,-0.003552,0.00103272
head-adapt,z,824,-0.000743,0.00108069
head-adapt,z,825,0.006105,0.00116975
head-adapt,z,826,0.002887,0.00132446
head-adapt,z,827,-0.000445,0.00103628
head-adapt,z,828,-0.000231,0.00099574
head-adapt,z,829,-0.000519,0.00104814
head-adapt,z,830,0.002976,0.00112804
head-adapt,z,831,-0.000613,0.00100466
head-adapt,z,832,1.3e-05,0.00114542
head-adapt,z,833,-0.001105,0.00119495
head-adapt,z,834,-0.001453,0.00095535
head-adapt,z,835,0.002047,0.00107254
head-adapt,z,836,0.00068,0.00100506
head-adapt,z,837,-0.00244,0.00107299
head-adapt,z,838,-0.000148,0.0010391
head-adapt,z,839,-0.002646,0.00093075
head-adapt,z,840,0.000982,0.00103075
head-adapt,z,841,-0.000692,0.00105535
head-adapt,z,842,0.002135,0.00112859
head-adapt,z,843,-0.000974,0.00104388
head-adapt,z,844,-0.00169,0.00118317
head-adapt,z,845,-0.000696,0.00103722
head-adapt,z,846,0.001554,0.00110367
head-adapt,z,847,-0.000902,0.00106905
head-adapt,z,848,0.00012,0.00112756
head-adapt,z,849,-0.000874,0.00105503
head-adapt,z,850,-0.000506,0.00101821
head-adapt,z,851,-5.4e-05,0.0010633
head-adapt,z,852,-0.00129,0.00104523
head-adapt,z,853,-0.000258,0.00103129
head-adapt,z,854,-0.000311,0.00108042
head-adapt,z,855,0.000415,0.00102566
head-adapt,z,856,-0.000684,0.00111713
head-adapt,z,857,0.001069,0.00105257
head-adapt,z,858,0.002122,0.00107095
head-adapt,z,859,0.002267,0.00106741
head-adapt,z,860,0.001795,0.00098509
head-adapt,z,861,0.002024,0.00107011
head-adapt,z,862,-0.00101,0.00102998
head-adapt,z,863,-0.00065,0.00097807
head-adapt,z,864,0.001595,0.00105354
head-adapt,z,865,-0.002267,0.00115644
head-adapt,z,866,0.000722,0.00112647
head-adapt,z,867,0.001634,0.00104341
head-adapt,z,868,0.001732,0.00104701
head-adapt,z,869,-0.000857,0.00104642
head-adapt,z,870,0.000968,0.00105223
head-adapt,z,871,0.001058,0.00104828
head-adapt,z,872,0.000254,0.00105256
head-adapt,z,873,-0.000626,0.00103773
head-adapt,z,874,-0.001165,0.00111648
head-adapt,z,875,0.001465,0.00111045
head-adapt,z,876,0.001088,0.00104743
head-adapt,z,877,-4.8e-05,0.00107325
head-adapt,z,878,-0.001632,0.00104193
head-adapt,z,879,-0.000228,0.00108841
head-adapt,z,880,0.001076,0.00104468
head-adapt,z,881,0.001622,0.00110753
head-adapt,z,882,-0.001306,0.00113984
head-adapt,z,883,-0.001349,0.00105138
head-adapt,z,884,0.000912,0.00097478
head-adapt,z,885,-0.000574,0.00100938
head-adapt,z,886,-0.00142,0.00094555
head-adapt,z,887,-0.003395,0.00113242
head-adapt,z,888,6.9e-05,0.00110711
head-adapt,z,889,0.001934,0.00104545
head-adapt,z,890,-0.001632,0.0010002
head-adapt,z,891,-0.001558,0.00109776
head-adapt,z,892,0.00022,0.00105845
head-adapt,z,893,0.000683,0.0010918
head-adapt,z,894,-0.000573,0.00107752
head-adapt,z,895,0.000453,0.0011053
head-adapt,z,896,0.001593,0.00101634
head-adapt,z,897,-0.000322,0.00101383
head-adapt,z,898,0.002323,0.00113581
head-adapt,z,899,0.000798,0.00102805
head-adapt,z,900,-0.002159,0.00100057
head-adapt,z,901,0.000758,0.00104087
head-adapt,z,902,-0.001612,0.00108762
head-adapt,z,903,0.002588,0.00107697
head-adapt,z,904,0.000651,0.00103032
head-adapt,z,905,0.001011,0.00101062
head-adapt,z,906,0.000693,0.00106806
head-adapt,z,907,-0.003939,0.00113388
head-adapt,z,908,-0.001234,0.00102529
head-adapt,z,909,0.002398,0.00100505
head-adapt,z,910,0.001998,0.00113623
head-adapt,z,911,-0.002198,0.00101075
head-adapt,z,912,7.3e-05,0.00095579
head-adapt,z,913,0.001099,0.00110048
head-adapt,z,914,-0.001985,0.00102187
head-adapt,z,915,-0.002854,0.00105047
head-adapt,z,916,-0.001375,0.00099671
head-adapt,z,917,-0.000483,0.00095915
head-adapt,z,918,-0.001117,0.00109728
head-adapt,z,919,0.000603,0.00103964
head-adapt,z,920,-0.000963,0.00105058
head-adapt,z,921,0.001078,0.00112619
head-adapt,z,922,-0.001199,0.00100506
head-adapt,z,923,-0.002042,0.00107384
head-adapt,z,924,0.000538,0.00103017
head-adapt,z,925,0.001337,0.00104452
head-adapt,z,926,-0.000582,0.00103428
head-adapt,z,927,0.000159,0.00123417
head-adapt,z,928,0.000435,0.00112439
head-adapt,z,929,-0.000634,0.00099141
head-adapt,z,930,-0.000615,0.00102058
head-adapt,z,931,0.001123,0.00111092
head-adapt,z,932,0.00094,0.00105646
head-adapt,z,933,0.000531,0.00107947
head-adapt,z,934,0.001537,0.00107298
head-adapt,z,935,-0.000563,0.00106851
head-adapt,z,936,-0.00105,0.00105176
head-adapt,z,937,-0.002335,0.00107447
head-adapt,z,938,0.002006,0.00104497
head-adapt,z,939,-0.000622,0.00106415
head-adapt,z,940,-0.000926,0.00104881
head-adapt,z,941,0.001972,0.00100248
head-adapt,z,942,0.002502,0.00099256
head-adapt,z,943,-0.00056,0.00105469
head-adapt,z,944,-0.003718,0.00105773
head-adapt,z,945,0.001899,0.00110217
head-adapt,z,946,0.00182,0.00100721
head-adapt,z,947,-0.001894,0.00103913
head-adapt,z,948,-0.002123,0.00118159
head-adapt,z,949,0.000195,0.00100853
head-adapt,z,950,0.001946,0.00106256
head-adapt,z,951,-0.000273,0.0010959
head-adapt,z,952,0.00075,0.00101672
head-adapt,z,953,-0.001324,0.00107704
head-adapt,z,954,0.000537,0.00098993
head-adapt,z,955,-0.001626,0.00107646
head-adapt,z,956,0.001032,0.00101714
head-adapt,z,957,0.001348,0.00103196
head-adapt,z,958,0.000931,0.00119742
head-adapt,z,959,0.000399,0.00111799
head-adapt,z,960,-0.001332,0.00100248
head-adapt,z,961,0.001766,0.00089538
head-adapt,z,962,-0.000419,0.00111359
head-adapt,z,963,0.001127,0.00101293
head-adapt,z,964,0.00076,0.00106561
head-adapt,z,965,0.004081,0.00090381
head-adapt,z,966,-0.001124,0.0010397
head-adapt,z,967,0.001737,0.00103763
head-adapt,z,968,0.00074,0.00110856
head-adapt,z,969,-0.00071,0.00108255
head-adapt,z,970,1.9e-05,0.00100061
head-adapt,z,971,-4.5e-05,0.00114084
head-adapt,z,972,0.000357,0.00108343
head-adapt,z,973,-0.001393,0.00108053
head-adapt,z,974,0.004266,0.00111886
head-adapt,z,975,-0.002413,0.00105406
head-adapt,z,976,0.001016,0.00104399
head-adapt,z,977,0.000466,0.00094546
head-adapt,z,978,0.001469,0.00109384
head-adapt,z,979,-0.000204,0.00104052
head-adapt,z,980,-0.000877,0.0009885
head-adapt,z,981,0.000168,0.00095754
head-adapt,z,982,0.000411,0.0011627
head-adapt,z,983,0.00016,0.00110414
head-adapt,z,984,0.001002,0.00100299
head-adapt,z,985,-0.003165,0.00093166
head-adapt,z,986,0.002559,0.00116172
head-adapt,z,987,0.001341,0.00094155
head-adapt,z,988,0.000687,0.00111326
head-adapt,z,989,0.001736,0.00106427
head-adapt,z,990,0.002086,0.00113051
head-adapt,z,991,-0.002675,0.00103482
head-adapt,z,992,0.000134,0.00115034
head-adapt,z,993,-0.000205,0.00111968
head-adapt,z,994,0.000646,0.00088738
head-adapt,z,995,0.000844,0.00112662
head-adapt,z,996,0.000905,0.00097774
head-adapt,z,997,0.00032,0.00101553
head-adapt,z,998,-0.001742,0.0009776
head-adapt,z,999,0.001635,0.00100003
head-adapt,z,1000,-6.6e-05,0.00098806
head-adapt,z,1001,-0.000111,0.00101681
head-adapt,z,1002,0.001,0.00098462
head-adapt,z,1003,-7.6e-05,0.0012022
head-adapt,z,1004,0.000488,0.00098949
head-adapt,z,1005,0.001153,0.00105933
head-adapt,z,1006,0.002029,0.00102117
head-adapt,z,1007,-0.000477,0.00109344
head-adapt,z,1008,-0.002601,0.00103826
head-adapt,z,1009,0.000172,0.00104564
head-adapt,z,1010,0.000577,0.00097081
head-adapt,z,1011,0.00036,0.00097656
head-adapt,z,1012,0.001709,0.00100918
head-adapt,z,1013,-0.002544,0.00103928
head-adapt,z,1014,-0.001634,0.00107173
head-adapt,z,1015,-0.000135,0.00116187
head-adapt,z,1016,0.001813,0.00109905
head-adapt,z,1017,-0.000203,0.00104537
head-adapt,z,1018,0.000379,0.00106237
head-adapt,z,1019,0.000811,0.00101016
head-adapt,z,1020,0.000893,0.00104504
head-adapt,z,1021,-0.005417,0.00100786
head-adapt,z,1022,0.002545,0.00109329
head-adapt,z,1023,0.001014,0.00092356
