path,bit,frac_pos,entropy
image,0,0.4834,0.9992
image,1,0.4888,0.99964
image,2,0.4954,0.99994
image,3,0.489,0.99965
image,4,0.4916,0.9998
image,5,0.4652,0.9965
image,6,0.4926,0.99984
image,7,0.5032,0.99997
image,8,0.4824,0.99911
image,9,0.4964,0.99996
image,10,0.5084,0.9998
image,11,0.5086,0.99979
image,12,0.5142,0.99942
image,13,0.5252,0.99817
image,14,0.5108,0.99966
image,15,0.516,0.99926
image,16,0.4904,0.99973
image,17,0.4924,0.99983
image,18,0.5008,1.0
image,19,0.5212,0.9987
image,20,0.5128,0.99953
image,21,0.4972,0.99998
image,22,0.5078,0.99982
image,23,0.5266,0.99796
image,24,0.488,0.99958
image,25,0.4942,0.9999
image,26,0.4818,0.99904
image,27,0.526,0.99805
image,28,0.485,0.99935
image,29,0.4914,0.99979
image,30,0.5034,0.99997
image,31,0.5066,0.99987
image,32,0.5234,0.99842
image,33,0.4984,0.99999
image,34,0.511,0.99965
image,35,0.4948,0.99992
image,36,0.462,0.99583
image,37,0.5064,0.99988
image,38,0.4522,0.9934
image,39,0.5154,0.99932
image,40,0.4602,0.99542
image,41,0.5106,0.99968
image,42,0.453,0.99362
image,43,0.529,0.99757
image,44,0.488,0.99958
image,45,0.5292,0.99754
image,46,0.4848,0.99933
image,47,0.5036,0.99996
image,48,0.484,0.99926
image,49,0.496,0.99995
image,50,0.5028,0.99998
image,51,0.5224,0.99855
image,52,0.4948,0.99992
image,53,0.5048,0.99993
image,54,0.4712,0.99761
image,55,0.5114,0.99962
image,56,0.4712,0.99761
image,57,0.5158,0.99928
image,58,0.4932,0.99987
image,59,0.4602,0.99542
image,60,0.4944,0.99991
image,61,0.4914,0.99979
image,62,0.5552,0.99119
image,63,0.5004,1.0
image,64,0.4658,0.99662
image,65,0.496,0.99995
image,66,0.4436,0.9908
image,67,0.465,0.99646
image,68,0.5282,0.9977
image,69,0.5068,0.99987
image,70,0.5132,0.9995
image,71,0.4726,0.99783
image,72,0.5136,0.99947
image,73,0.509,0.99977
image,74,0.53,0.9974
image,75,0.5184,0.99902
image,76,0.4762,0.99836
image,77,0.4558,0.99436
image,78,0.5178,0.99909
image,79,0.517,0.99917
image,80,0.4986,0.99999
image,81,0.5008,1.0
image,82,0.5486,0.99317
image,83,0.5056,0.99991
image,84,0.5104,0.99969
image,85,0.4878,0.99957
image,86,0.5056,0.99991
image,87,0.5138,0.99945
image,88,0.51,0.99971
image,89,0.5302,0.99737
image,90,0.4912,0.99978
image,91,0.514,0.99943
image,92,0.5008,1.0
image,93,0.5084,0.9998
image,94,0.4794,0.99878
image,95,0.5166,0.9992
image,96,0.4846,0.99932
image,97,0.5382,0.99579
image,98,0.4814,0.999
image,99,0.525,0.9982
image,100,0.4732,0.99793
image,101,0.4876,0.99956
image,102,0.5248,0.99822
image,103,0.4802,0.99887
image,104,0.5196,0.99889
image,105,0.4804,0.99889
image,106,0.5004,1.0
image,107,0.4766,0.99842
image,108,0.5056,0.99991
image,109,0.4966,0.99997
image,110,0.5128,0.99953
image,111,0.48,0.99885
image,112,0.5446,0.99425
image,113,0.4836,0.99922
image,114,0.4656,0.99658
image,115,0.4822,0.99909
image,116,0.4994,1.0
image,117,0.516,0.99926
image,118,0.5018,0.99999
image,119,0.524,0.99834
image,120,0.5178,0.99909
image,121,0.5118,0.9996
image,122,0.4528,0.99356
image,123,0.5218,0.99863
image,124,0.4824,0.99911
image,125,0.5334,0.99678
image,126,0.493,0.99986
image,127,0.5204,0.9988
image,128,0.5314,0.99715
image,129,0.478,0.9986
image,130,0.5258,0.99808
image,131,0.4918,0.99981
image,132,0.5172,0.99915
image,133,0.5068,0.99987
image,134,0.4848,0.99933
image,135,0.4778,0.99858
image,136,0.4834,0.9992
image,137,0.4844,0.9993
image,138,0.481,0.99896
image,139,0.4892,0.99966
image,140,0.4662,0.9967
image,141,0.4976,0.99998
image,142,0.4944,0.99991
image,143,0.538,0.99583
image,144,0.4596,0.99529
image,145,0.4952,0.99993
image,146,0.493,0.99986
image,147,0.4956,0.99994
image,148,0.4892,0.99966
image,149,0.5322,0.99701
image,150,0.4928,0.99985
image,151,0.4932,0.99987
image,152,0.5038,0.99996
image,153,0.535,0.99646
image,154,0.4816,0.99902
image,155,0.5028,0.99998
image,156,0.4868,0.9995
image,157,0.5256,0.99811
image,158,0.4974,0.99998
image,159,0.4886,0.99962
image,160,0.5148,0.99937
image,161,0.5052,0.99992
image,162,0.5046,0.99994
image,163,0.521,0.99873
image,164,0.4766,0.99842
image,165,0.4834,0.9992
image,166,0.4862,0.99945
image,167,0.5004,1.0
image,168,0.492,0.99982
image,169,0.503,0.99997
image,170,0.486,0.99943
image,171,0.5098,0.99972
image,172,0.5162,0.99924
image,173,0.4844,0.9993
image,174,0.5168,0.99919
image,175,0.469,0.99723
image,176,0.4664,0.99674
image,177,0.4752,0.99822
image,178,0.5308,0.99726
image,179,0.4856,0.9994
image,180,0.4936,0.99988
image,181,0.51,0.99971
image,182,0.4796,0.9988
image,183,0.5154,0.99932
image,184,0.5206,0.99878
image,185,0.508,0.99982
image,186,0.4774,0.99853
image,187,0.5108,0.99966
image,188,0.4942,0.9999
image,189,0.5104,0.99969
image,190,0.5,1.0
image,191,0.5106,0.99968
image,192,0.4816,0.99902
image,193,0.5286,0.99764
image,194,0.4696,0.99733
image,195,0.4624,0.99592
image,196,0.4988,1.0
image,197,0.4698,0.99737
image,198,0.4852,0.99937
image,199,0.488,0.99958
image,200,0.484,0.99926
image,201,0.4646,0.99638
image,202,0.506,0.9999
image,203,0.505,0.99993
image,204,0.4854,0.99938
image,205,0.529,0.99757
image,206,0.5094,0.99975
image,207,0.5084,0.9998
image,208,0.4778,0.99858
image,209,0.4978,0.99999
image,210,0.5194,0.99891
image,211,0.483,0.99917
image,212,0.4492,0.99254
image,213,0.4828,0.99915
image,214,0.4912,0.99978
image,215,0.5012,1.0
image,216,0.525,0.9982
image,217,0.5146,0.99938
image,218,0.5242,0.99831
image,219,0.4872,0.99953
image,220,0.4686,0.99715
image,221,0.5028,0.99998
image,222,0.5234,0.99842
image,223,0.5372,0.996
image,224,0.5072,0.99985
image,225,0.4524,0.99345
image,226,0.5216,0.99865
image,227,0.459,0.99514
image,228,0.503,0.99997
image,229,0.4902,0.99972
image,230,0.5396,0.99547
image,231,0.523,0.99847
image,232,0.491,0.99977
image,233,0.5152,0.99933
image,234,0.4894,0.99968
image,235,0.4804,0.99889
image,236,0.465,0.99646
image,237,0.4834,0.9992
image,238,0.4894,0.99968
image,239,0.4914,0.99979
image,240,0.5072,0.99985
image,241,0.4968,0.99997
image,242,0.4902,0.99972
image,243,0.5552,0.99119
image,244,0.5122,0.99957
image,245,0.4696,0.99733
image,246,0.4978,0.99999
image,247,0.504,0.99995
image,248,0.4764,0.99839
image,249,0.4602,0.99542
image,250,0.5016,0.99999
image,251,0.4532,0.99367
image,252,0.5232,0.99845
image,253,0.491,0.99977
image,254,0.4792,0.99875
image,255,0.475,0.9982
image,256,0.4628,0.996
image,257,0.4578,0.99486
image,258,0.491,0.99977
image,259,0.5038,0.99996
image,260,0.5174,0.99913
image,261,0.5168,0.99919
image,262,0.4888,0.99964
image,263,0.4842,0.99928
image,264,0.5246,0.99825
image,265,0.4526,0.99351
image,266,0.4788,0.9987
image,267,0.5312,0.99719
image,268,0.5206,0.99878
image,269,0.4976,0.99998
image,270,0.4998,1.0
image,271,0.487,0.99951
image,272,0.5298,0.99744
image,273,0.5048,0.99993
image,274,0.5058,0.9999
image,275,0.5542,0.99151
image,276,0.5166,0.9992
image,277,0.499,1.0
image,278,0.4636,0.99617
image,279,0.4824,0.99911
image,280,0.4868,0.9995
image,281,0.494,0.9999
image,282,0.5046,0.99994
image,283,0.487,0.99951
image,284,0.4916,0.9998
image,285,0.5022,0.99999
image,286,0.5072,0.99985
image,287,0.5206,0.99878
image,288,0.5166,0.9992
image,289,0.4924,0.99983
image,290,0.5452,0.9941
image,291,0.4886,0.99962
image,292,0.5038,0.99996
image,293,0.463,0.99605
image,294,0.4736,0.99799
image,295,0.5148,0.99937
image,296,0.5044,0.99994
image,297,0.5162,0.99924
image,298,0.4792,0.99875
image,299,0.5142,0.99942
image,300,0.4902,0.99972
image,301,0.5056,0.99991
image,302,0.5172,0.99915
image,303,0.4928,0.99985
image,304,0.432,0.98662
image,305,0.4756,0.99828
image,306,0.4674,0.99693
image,307,0.559,0.98993
image,308,0.53,0.9974
image,309,0.539,0.99561
image,310,0.541,0.99514
image,311,0.5342,0.99662
image,312,0.4864,0.99947
image,313,0.5116,0.99961
image,314,0.4844,0.9993
image,315,0.506,0.9999
image,316,0.544,0.99441
image,317,0.4744,0.99811
image,318,0.484,0.99926
image,319,0.498,0.99999
image,320,0.4448,0.99119
image,321,0.4874,0.99954
image,322,0.501,1.0
image,323,0.4882,0.9996
image,324,0.5448,0.9942
image,325,0.487,0.99951
image,326,0.5098,0.99972
image,327,0.496,0.99995
image,328,0.5132,0.9995
image,329,0.4868,0.9995
image,330,0.5178,0.99909
image,331,0.5182,0.99904
image,332,0.529,0.99757
image,333,0.483,0.99917
image,334,0.4902,0.99972
image,335,0.482,0.99906
image,336,0.5094,0.99975
image,337,0.4896,0.99969
image,338,0.4948,0.99992
image,339,0.5138,0.99945
image,340,0.5274,0.99783
image,341,0.5074,0.99984
image,342,0.5278,0.99777
image,343,0.4898,0.9997
image,344,0.4932,0.99987
image,345,0.5142,0.99942
image,346,0.525,0.9982
image,347,0.5548,0.99132
image,348,0.4914,0.99979
image,349,0.4842,0.99928
image,350,0.486,0.99943
image,351,0.4692,0.99726
image,352,0.5126,0.99954
image,353,0.5236,0.99839
image,354,0.4978,0.99999
image,355,0.5204,0.9988
image,356,0.5274,0.99783
image,357,0.4984,0.99999
image,358,0.5188,0.99898
image,359,0.5346,0.99654
image,360,0.4994,1.0
image,361,0.5116,0.99961
image,362,0.4994,1.0
image,363,0.466,0.99666
image,364,0.5276,0.9978
image,365,0.5144,0.9994
image,366,0.4918,0.99981
image,367,0.4954,0.99994
image,368,0.521,0.99873
image,369,0.5384,0.99574
image,370,0.5346,0.99654
image,371,0.5156,0.9993
image,372,0.4828,0.99915
image,373,0.4984,0.99999
image,374,0.5266,0.99796
image,375,0.4952,0.99993
image,376,0.5188,0.99898
image,377,0.4886,0.99962
image,378,0.5024,0.99998
image,379,0.507,0.99986
image,380,0.526,0.99805
image,381,0.5178,0.99909
image,382,0.5606,0.98938
image,383,0.4508,0.993
image,384,0.509,0.99977
image,385,0.5058,0.9999
image,386,0.5332,0.99682
image,387,0.5738,0.98423
image,388,0.49,0.99971
image,389,0.4386,0.98909
image,390,0.5142,0.99942
image,391,0.4722,0.99777
image,392,0.4718,0.9977
image,393,0.5124,0.99956
image,394,0.5028,0.99998
image,395,0.4678,0.99701
image,396,0.5474,0.99351
image,397,0.5416,0.995
image,398,0.4978,0.99999
image,399,0.5078,0.99982
image,400,0.51,0.99971
image,401,0.481,0.99896
image,402,0.4996,1.0
image,403,0.5184,0.99902
image,404,0.4994,1.0
image,405,0.4688,0.99719
image,406,0.5034,0.99997
image,407,0.501,1.0
image,408,0.4882,0.9996
image,409,0.5104,0.99969
image,410,0.5342,0.99662
image,411,0.508,0.99982
image,412,0.5382,0.99579
image,413,0.5116,0.99961
image,414,0.51,0.99971
image,415,0.4866,0.99948
image,416,0.507,0.99986
image,417,0.4944,0.99991
image,418,0.5056,0.99991
image,419,0.4814,0.999
image,420,0.4948,0.99992
image,421,0.475,0.9982
image,422,0.5128,0.99953
image,423,0.4834,0.9992
image,424,0.4916,0.9998
image,425,0.4666,0.99678
image,426,0.5364,0.99617
image,427,0.4602,0.99542
image,428,0.519,0.99896
image,429,0.5428,0.99471
image,430,0.5202,0.99882
image,431,0.5058,0.9999
image,432,0.5364,0.99617
image,433,0.497,0.99997
image,434,0.4904,0.99973
image,435,0.4576,0.99481
image,436,0.5312,0.99719
image,437,0.5352,0.99642
image,438,0.5108,0.99966
image,439,0.5048,0.99993
image,440,0.4816,0.99902
image,441,0.4834,0.9992
image,442,0.5172,0.99915
image,443,0.5198,0.99887
image,444,0.5268,0.99793
image,445,0.5272,0.99786
image,446,0.4984,0.99999
image,447,0.5096,0.99973
image,448,0.4678,0.99701
image,449,0.5142,0.99942
image,450,0.492,0.99982
image,451,0.4618,0.99579
image,452,0.5038,0.99996
image,453,0.5202,0.99882
image,454,0.4978,0.99999
image,455,0.4872,0.99953
image,456,0.505,0.99993
image,457,0.5104,0.99969
image,458,0.485,0.99935
image,459,0.5104,0.99969
image,460,0.5216,0.99865
image,461,0.5326,0.99693
image,462,0.5074,0.99984
image,463,0.4866,0.99948
image,464,0.5126,0.99954
image,465,0.4896,0.99969
image,466,0.5222,0.99858
image,467,0.4594,0.99524
image,468,0.469,0.99723
image,469,0.4812,0.99898
image,470,0.4136,0.97835
image,471,0.4814,0.999
image,472,0.5284,0.99767
image,473,0.4808,0.99894
image,474,0.4836,0.99922
image,475,0.5128,0.99953
image,476,0.4732,0.99793
image,477,0.496,0.99995
image,478,0.4922,0.99982
image,479,0.5224,0.99855
image,480,0.5266,0.99796
image,481,0.551,0.99248
image,482,0.513,0.99951
image,483,0.4574,0.99476
image,484,0.4866,0.99948
image,485,0.4788,0.9987
image,486,0.5224,0.99855
image,487,0.5186,0.999
image,488,0.4618,0.99579
image,489,0.5006,1.0
image,490,0.4506,0.99295
image,491,0.5152,0.99933
image,492,0.5316,0.99712
image,493,0.513,0.99951
image,494,0.4908,0.99976
image,495,0.4846,0.99932
image,496,0.5054,0.99992
image,497,0.4782,0.99863
image,498,0.5124,0.99956
image,499,0.4784,0.99865
image,500,0.4862,0.99945
image,501,0.4912,0.99978
image,502,0.5238,0.99836
image,503,0.5022,0.99999
image,504,0.5292,0.99754
image,505,0.495,0.99993
image,506,0.4914,0.99979
image,507,0.5258,0.99808
image,508,0.5128,0.99953
image,509,0.464,0.99626
image,510,0.4724,0.9978
image,511,0.501,1.0
image,512,0.4864,0.99947
image,513,0.5112,0.99964
image,514,0.5022,0.99999
image,515,0.4674,0.99693
image,516,0.443,0.9906
image,517,0.5064,0.99988
image,518,0.4812,0.99898
image,519,0.4514,0.99317
image,520,0.5024,0.99998
image,521,0.4594,0.99524
image,522,0.4874,0.99954
image,523,0.5132,0.9995
image,524,0.5034,0.99997
image,525,0.4658,0.99662
image,526,0.4924,0.99983
image,527,0.4878,0.99957
image,528,0.5356,0.99634
image,529,0.5,1.0
image,530,0.4978,0.99999
image,531,0.5352,0.99642
image,532,0.4658,0.99662
image,533,0.5042,0.99995
image,534,0.5074,0.99984
image,535,0.5292,0.99754
image,536,0.5002,1.0
image,537,0.5426,0.99476
image,538,0.488,0.99958
image,539,0.4866,0.99948
image,540,0.4714,0.99764
image,541,0.5068,0.99987
image,542,0.5076,0.99983
image,543,0.5192,0.99894
image,544,0.48,0.99885
image,545,0.4916,0.9998
image,546,0.5074,0.99984
image,547,0.4474,0.992
image,548,0.4926,0.99984
image,549,0.5268,0.99793
image,550,0.4986,0.99999
image,551,0.466,0.99666
image,552,0.4972,0.99998
image,553,0.4906,0.99975
image,554,0.5034,0.99997
image,555,0.4814,0.999
image,556,0.5102,0.9997
image,557,0.512,0.99958
image,558,0.4944,0.99991
image,559,0.4784,0.99865
image,560,0.4682,0.99708
image,561,0.5284,0.99767
image,562,0.4672,0.99689
image,563,0.5016,0.99999
image,564,0.5152,0.99933
image,565,0.5124,0.99956
image,566,0.5214,0.99868
image,567,0.5074,0.99984
image,568,0.4572,0.99471
image,569,0.4974,0.99998
image,570,0.5406,0.99524
image,571,0.4662,0.9967
image,572,0.4962,0.99996
image,573,0.4724,0.9978
image,574,0.4832,0.99919
image,575,0.5044,0.99994
image,576,0.5446,0.99425
image,577,0.4854,0.99938
image,578,0.5014,0.99999
image,579,0.4586,0.99505
image,580,0.484,0.99926
image,581,0.5094,0.99975
image,582,0.465,0.99646
image,583,0.4966,0.99997
image,584,0.4964,0.99996
image,585,0.5014,0.99999
image,586,0.4798,0.99882
image,587,0.4914,0.99979
image,588,0.523,0.99847
image,589,0.5162,0.99924
image,590,0.4586,0.99505
image,591,0.5144,0.9994
image,592,0.5086,0.99979
image,593,0.4912,0.99978
image,594,0.5158,0.99928
image,595,0.4908,0.99976
image,596,0.5192,0.99894
image,597,0.508,0.99982
image,598,0.5198,0.99887
image,599,0.5106,0.99968
image,600,0.4816,0.99902
image,601,0.4982,0.99999
image,602,0.5026,0.99998
image,603,0.4926,0.99984
image,604,0.4942,0.9999
image,605,0.5048,0.99993
image,606,0.5258,0.99808
image,607,0.5368,0.99609
image,608,0.4988,1.0
image,609,0.4818,0.99904
image,610,0.5086,0.99979
image,611,0.5048,0.99993
image,612,0.504,0.99995
image,613,0.5184,0.99902
image,614,0.4856,0.9994
image,615,0.538,0.99583
image,616,0.5396,0.99547
image,617,0.5142,0.99942
image,618,0.4934,0.99987
image,619,0.5192,0.99894
image,620,0.5178,0.99909
image,621,0.5238,0.99836
image,622,0.4902,0.99972
image,623,0.474,0.99805
image,624,0.4822,0.99909
image,625,0.5006,1.0
image,626,0.5042,0.99995
image,627,0.5048,0.99993
image,628,0.5104,0.99969
image,629,0.4848,0.99933
image,630,0.472,0.99774
image,631,0.4896,0.99969
image,632,0.4848,0.99933
image,633,0.4836,0.99922
image,634,0.5054,0.99992
image,635,0.5016,0.99999
image,636,0.5212,0.9987
image,637,0.5108,0.99966
image,638,0.5358,0.9963
image,639,0.5396,0.99547
image,640,0.5006,1.0
image,641,0.5092,0.99976
image,642,0.456,0.99441
image,643,0.5006,1.0
image,644,0.5086,0.99979
image,645,0.492,0.99982
image,646,0.5548,0.99132
image,647,0.4744,0.99811
image,648,0.5058,0.9999
image,649,0.4986,0.99999
image,650,0.4898,0.9997
image,651,0.536,0.99626
image,652,0.5136,0.99947
image,653,0.5144,0.9994
image,654,0.5036,0.99996
image,655,0.4882,0.9996
image,656,0.4884,0.99961
image,657,0.4894,0.99968
image,658,0.5252,0.99817
image,659,0.4868,0.9995
image,660,0.4928,0.99985
image,661,0.4948,0.99992
image,662,0.5214,0.99868
image,663,0.4948,0.99992
image,664,0.4368,0.98844
image,665,0.5022,0.99999
image,666,0.4866,0.99948
image,667,0.5004,1.0
image,668,0.5008,1.0
image,669,0.524,0.99834
image,670,0.5286,0.99764
image,671,0.5226,0.99853
image,672,0.5276,0.9978
image,673,0.5144,0.9994
image,674,0.5148,0.99937
image,675,0.4842,0.99928
image,676,0.5346,0.99654
image,677,0.4892,0.99966
image,678,0.4906,0.99975
image,679,0.4926,0.99984
image,680,0.4806,0.99891
image,681,0.4814,0.999
image,682,0.4876,0.99956
image,683,0.5188,0.99898
image,684,0.4592,0.99519
image,685,0.521,0.99873
image,686,0.5064,0.99988
image,687,0.512,0.99958
image,688,0.4796,0.9988
image,689,0.4822,0.99909
image,690,0.4764,0.99839
image,691,0.4534,0.99373
image,692,0.5114,0.99962
image,693,0.5272,0.99786
image,694,0.5156,0.9993
image,695,0.5118,0.9996
image,696,0.5246,0.99825
image,697,0.4886,0.99962
image,698,0.4498,0.99272
image,699,0.4966,0.99997
image,700,0.5294,0.9975
image,701,0.4812,0.99898
image,702,0.4866,0.99948
image,703,0.4856,0.9994
image,704,0.5014,0.99999
image,705,0.4856,0.9994
image,706,0.4496,0.99266
image,707,0.546,0.99389
image,708,0.509,0.99977
image,709,0.5212,0.9987
image,710,0.5012,1.0
image,711,0.514,0.99943
image,712,0.4928,0.99985
image,713,0.5052,0.99992
image,714,0.4716,0.99767
image,715,0.5114,0.99962
image,716,0.5074,0.99984
image,717,0.479,0.99873
image,718,0.4746,0.99814
image,719,0.5288,0.99761
image,720,0.528,0.99774
image,721,0.489,0.99965
image,722,0.5016,0.99999
image,723,0.5266,0.99796
image,724,0.5222,0.99858
image,725,0.4944,0.99991
image,726,0.491,0.99977
image,727,0.4814,0.999
image,728,0.5028,0.99998
image,729,0.5006,1.0
image,730,0.4798,0.99882
image,731,0.534,0.99666
image,732,0.527,0.9979
image,733,0.515,0.99935
image,734,0.4898,0.9997
image,735,0.4968,0.99997
image,736,0.4932,0.99987
image,737,0.5308,0.99726
image,738,0.5022,0.99999
image,739,0.4736,0.99799
image,740,0.5062,0.99989
image,741,0.5062,0.99989
image,742,0.478,0.9986
image,743,0.5118,0.9996
image,744,0.4818,0.99904
image,745,0.5294,0.9975
image,746,0.4984,0.99999
image,747,0.4984,0.99999
image,748,0.5106,0.99968
image,749,0.4864,0.99947
image,750,0.488,0.99958
image,751,0.4966,0.99997
image,752,0.5064,0.99988
image,753,0.4858,0.99942
image,754,0.5188,0.99898
image,755,0.5534,0.99176
image,756,0.494,0.9999
image,757,0.4776,0.99855
image,758,0.5174,0.99913
image,759,0.5188,0.99898
image,760,0.467,0.99686
image,761,0.4646,0.99638
image,762,0.4782,0.99863
image,763,0.5038,0.99996
image,764,0.4834,0.9992
image,765,0.5384,0.99574
image,766,0.4848,0.99933
image,767,0.5046,0.99994
image,768,0.5168,0.99919
image,769,0.4818,0.99904
image,770,0.4898,0.9997
image,771,0.4808,0.99894
image,772,0.5038,0.99996
image,773,0.5112,0.99964
image,774,0.5352,0.99642
image,775,0.494,0.9999
image,776,0.532,0.99704
image,777,0.5006,1.0
image,778,0.521,0.99873
image,779,0.4678,0.99701
image,780,0.4816,0.99902
image,781,0.4784,0.99865
image,782,0.4884,0.99961
image,783,0.4758,0.99831
image,784,0.4948,0.99992
image,785,0.5082,0.99981
image,786,0.4622,0.99587
image,787,0.521,0.99873
image,788,0.4844,0.9993
image,789,0.5024,0.99998
image,790,0.4974,0.99998
image,791,0.5156,0.9993
image,792,0.4702,0.99744
image,793,0.474,0.99805
image,794,0.534,0.99666
image,795,0.534,0.99666
image,796,0.5022,0.99999
image,797,0.4592,0.99519
image,798,0.4942,0.9999
image,799,0.502,0.99999
image,800,0.5226,0.99853
image,801,0.491,0.99977
image,802,0.5032,0.99997
image,803,0.4966,0.99997
image,804,0.5114,0.99962
image,805,0.4804,0.99889
image,806,0.5086,0.99979
image,807,0.5162,0.99924
image,808,0.4932,0.99987
image,809,0.5574,0.99047
image,810,0.5204,0.9988
image,811,0.507,0.99986
image,812,0.497,0.99997
image,813,0.4882,0.9996
image,814,0.5082,0.99981
image,815,0.5232,0.99845
image,816,0.5048,0.99993
image,817,0.4954,0.99994
image,818,0.4696,0.99733
image,819,0.5358,0.9963
image,820,0.497,0.99997
image,821,0.4658,0.99662
image,822,0.4686,0.99715
image,823,0.539,0.99561
image,824,0.4858,0.99942
image,825,0.492,0.99982
image,826,0.5102,0.9997
image,827,0.5062,0.99989
image,828,0.5144,0.9994
image,829,0.446,0.99157
image,830,0.5028,0.99998
image,831,0.496,0.99995
image,832,0.5186,0.999
image,833,0.4664,0.99674
image,834,0.5416,0.995
image,835,0.5112,0.99964
image,836,0.5132,0.9995
image,837,0.4868,0.9995
image,838,0.4704,0.99747
image,839,0.521,0.99873
image,840,0.4758,0.99831
image,841,0.5356,0.99634
image,842,0.504,0.99995
image,843,0.5256,0.99811
image,844,0.5062,0.99989
image,845,0.4968,0.99997
image,846,0.5134,0.99948
image,847,0.4972,0.99998
image,848,0.482,0.99906
image,849,0.473,0.9979
image,850,0.5172,0.99915
image,851,0.4888,0.99964
image,852,0.5178,0.99909
image,853,0.4912,0.99978
image,854,0.4826,0.99913
image,855,0.5116,0.99961
image,856,0.4928,0.99985
image,857,0.48,0.99885
image,858,0.5158,0.99928
image,859,0.4726,0.99783
image,860,0.525,0.9982
image,861,0.4714,0.99764
image,862,0.524,0.99834
image,863,0.5348,0.9965
image,864,0.4618,0.99579
image,865,0.5426,0.99476
image,866,0.494,0.9999
image,867,0.4862,0.99945
image,868,0.5242,0.99831
image,869,0.5054,0.99992
image,870,0.4628,0.996
image,871,0.5094,0.99975
image,872,0.4896,0.99969
image,873,0.5242,0.99831
image,874,0.4872,0.99953
image,875,0.4966,0.99997
image,876,0.501,1.0
image,877,0.4814,0.999
image,878,0.5148,0.99937
image,879,0.4866,0.99948
image,880,0.495,0.99993
image,881,0.514,0.99943
image,882,0.5024,0.99998
image,883,0.4796,0.9988
image,884,0.4942,0.9999
image,885,0.4812,0.99898
image,886,0.5222,0.99858
image,887,0.4622,0.99587
image,888,0.506,0.9999
image,889,0.52,0.99885
image,890,0.5264,0.99799
image,891,0.5062,0.99989
image,892,0.4718,0.9977
image,893,0.5094,0.99975
image,894,0.4752,0.99822
image,895,0.5006,1.0
image,896,0.4726,0.99783
image,897,0.5324,0.99697
image,898,0.4618,0.99579
image,899,0.5138,0.99945
image,900,0.4838,0.99924
image,901,0.5226,0.99853
image,902,0.5044,0.99994
image,903,0.5072,0.99985
image,904,0.5392,0.99556
image,905,0.492,0.99982
image,906,0.491,0.99977
image,907,0.493,0.99986
image,908,0.4936,0.99988
image,909,0.4888,0.99964
image,910,0.5184,0.99902
image,911,0.5092,0.99976
image,912,0.4918,0.99981
image,913,0.5472,0.99356
image,914,0.4916,0.9998
image,915,0.5524,0.99206
image,916,0.5272,0.99786
image,917,0.5468,0.99367
image,918,0.5528,0.99194
image,919,0.4788,0.9987
image,920,0.456,0.99441
image,921,0.4544,0.99399
image,922,0.5354,0.99638
image,923,0.4778,0.99858
image,924,0.4776,0.99855
image,925,0.4736,0.99799
image,926,0.5174,0.99913
image,927,0.5132,0.9995
image,928,0.4768,0.99845
image,929,0.4984,0.99999
image,930,0.4854,0.99938
image,931,0.4754,0.99825
image,932,0.5152,0.99933
image,933,0.496,0.99995
image,934,0.5158,0.99928
image,935,0.4724,0.9978
image,936,0.5028,0.99998
image,937,0.4728,0.99786
image,938,0.5418,0.99495
image,939,0.511,0.99965
image,940,0.505,0.99993
image,941,0.496,0.99995
image,942,0.5138,0.99945
image,943,0.5178,0.99909
image,944,0.5272,0.99786
image,945,0.4816,0.99902
image,946,0.499,1.0
image,947,0.4842,0.99928
image,948,0.5058,0.9999
image,949,0.5228,0.9985
image,950,0.457,0.99466
image,951,0.475,0.9982
image,952,0.5104,0.99969
image,953,0.4952,0.99993
image,954,0.5064,0.99988
image,955,0.5378,0.99587
image,956,0.5038,0.99996
image,957,0.4686,0.99715
image,958,0.4702,0.99744
image,959,0.5466,0.99373
image,960,0.4986,0.99999
image,961,0.5138,0.99945
image,962,0.5194,0.99891
image,963,0.5052,0.99992
image,964,0.5116,0.99961
image,965,0.4754,0.99825
image,966,0.509,0.99977
image,967,0.4776,0.99855
image,968,0.5028,0.99998
image,969,0.5146,0.99938
image,970,0.4898,0.9997
image,971,0.518,0.99906
image,972,0.4928,0.99985
image,973,0.5172,0.99915
image,974,0.503,0.99997
image,975,0.5072,0.99985
image,976,0.5288,0.99761
image,977,0.514,0.99943
image,978,0.463,0.99605
image,979,0.5046,0.99994
image,980,0.4812,0.99898
image,981,0.4872,0.99953
image,982,0.4874,0.99954
image,983,0.5048,0.99993
image,984,0.5216,0.99865
image,985,0.5386,0.9957
image,986,0.4726,0.99783
image,987,0.5022,0.99999
image,988,0.4962,0.99996
image,989,0.466,0.99666
image,990,0.5028,0.99998
image,991,0.5154,0.99932
image,992,0.4842,0.99928
image,993,0.5364,0.99617
image,994,0.507,0.99986
image,995,0.5034,0.99997
image,996,0.5014,0.99999
image,997,0.4988,1.0
image,998,0.5086,0.99979
image,999,0.4906,0.99975
image,1000,0.5094,0.99975
image,1001,0.4628,0.996
image,1002,0.522,0.9986
image,1003,0.4624,0.99592
image,1004,0.4784,0.99865
image,1005,0.4688,0.99719
image,1006,0.5368,0.99609
image,1007,0.4738,0.99802
image,1008,0.5246,0.99825
image,1009,0.4906,0.99975
image,1010,0.4574,0.99476
image,1011,0.5544,0.99144
image,1012,0.4974,0.99998
image,1013,0.534,0.99666
image,1014,0.5242,0.99831
image,1015,0.5226,0.99853
image,1016,0.533,0.99686
image,1017,0.5048,0.99993
image,1018,0.478,0.9986
image,1019,0.5176,0.99911
image,1020,0.4898,0.9997
image,1021,0.518,0.99906
image,1022,0.4948,0.99992
image,1023,0.5144,0.9994
ceiling,0,0.474,0.99805
ceiling,1,0.513,0.99951
ceiling,2,0.496,0.99995
ceiling,3,0.5132,0.9995
ceiling,4,0.5442,0.99436
ceiling,5,0.4518,0.99329
ceiling,6,0.4994,1.0
ceiling,7,0.529,0.99757
ceiling,8,0.508,0.99982
ceiling,9,0.4532,0.99367
ceiling,10,0.4828,0.99915
ceiling,11,0.5482,0.99329
ceiling,12,0.5446,0.99425
ceiling,13,0.5126,0.99954
ceiling,14,0.555,0.99125
ceiling,15,0.495,0.99993
ceiling,16,0.5162,0.99924
ceiling,17,0.4834,0.9992
ceiling,18,0.4868,0.9995
ceiling,19,0.4576,0.99481
ceiling,20,0.5486,0.99317
ceiling,21,0.4498,0.99272
ceiling,22,0.5188,0.99898
ceiling,23,0.5152,0.99933
ceiling,24,0.5128,0.99953
ceiling,25,0.486,0.99943
ceiling,26,0.5226,0.99853
ceiling,27,0.5314,0.99715
ceiling,28,0.5244,0.99828
ceiling,29,0.526,0.99805
ceiling,30,0.5402,0.99533
ceiling,31,0.468,0.99704
ceiling,32,0.5222,0.99858
ceiling,33,0.544,0.99441
ceiling,34,0.6062,0.96721
ceiling,35,0.5054,0.99992
ceiling,36,0.4738,0.99802
ceiling,37,0.5008,1.0
ceiling,38,0.4642,0.9963
ceiling,39,0.568,0.98662
ceiling,40,0.4532,0.99367
ceiling,41,0.5434,0.99456
ceiling,42,0.5946,0.97402
ceiling,43,0.5046,0.99994
ceiling,44,0.5246,0.99825
ceiling,45,0.5144,0.9994
ceiling,46,0.472,0.99774
ceiling,47,0.5264,0.99799
ceiling,48,0.491,0.99977
ceiling,49,0.4868,0.9995
ceiling,50,0.4702,0.99744
ceiling,51,0.5024,0.99998
ceiling,52,0.5082,0.99981
ceiling,53,0.5454,0.99404
ceiling,54,0.4234,0.983
ceiling,55,0.4632,0.99609
ceiling,56,0.545,0.99415
ceiling,57,0.4148,0.97895
ceiling,58,0.5056,0.99991
ceiling,59,0.5412,0.9951
ceiling,60,0.5246,0.99825
ceiling,61,0.4578,0.99486
ceiling,62,0.5226,0.99853
ceiling,63,0.487,0.99951
ceiling,64,0.4632,0.99609
ceiling,65,0.5332,0.99682
ceiling,66,0.4862,0.99945
ceiling,67,0.538,0.99583
ceiling,68,0.4748,0.99817
ceiling,69,0.4932,0.99987
ceiling,70,0.471,0.99757
ceiling,71,0.4834,0.9992
ceiling,72,0.5542,0.99151
ceiling,73,0.5482,0.99329
ceiling,74,0.609,0.96544
ceiling,75,0.4936,0.99988
ceiling,76,0.5624,0.98874
ceiling,77,0.4918,0.99981
ceiling,78,0.4578,0.99486
ceiling,79,0.5074,0.99984
ceiling,80,0.4894,0.99968
ceiling,81,0.4806,0.99891
ceiling,82,0.468,0.99704
ceiling,83,0.4958,0.99995
ceiling,84,0.4856,0.9994
ceiling,85,0.471,0.99757
ceiling,86,0.4932,0.99987
ceiling,87,0.5688,0.9863
ceiling,88,0.493,0.99986
ceiling,89,0.552,0.99218
ceiling,90,0.47,0.9974
ceiling,91,0.523,0.99847
ceiling,92,0.4404,0.98973
ceiling,93,0.457,0.99466
ceiling,94,0.4844,0.9993
ceiling,95,0.5418,0.99495
ceiling,96,0.541,0.99514
ceiling,97,0.5078,0.99982
ceiling,98,0.5502,0.99272
ceiling,99,0.4936,0.99988
ceiling,100,0.4912,0.99978
ceiling,101,0.499,1.0
ceiling,102,0.4178,0.98042
ceiling,103,0.4442,0.991
ceiling,104,0.5252,0.99817
ceiling,105,0.5192,0.99894
ceiling,106,0.5032,0.99997
ceiling,107,0.4668,0.99682
ceiling,108,0.5182,0.99904
ceiling,109,0.518,0.99906
ceiling,110,0.513,0.99951
ceiling,111,0.5208,0.99875
ceiling,112,0.4758,0.99831
ceiling,113,0.5334,0.99678
ceiling,114,0.5064,0.99988
ceiling,115,0.5294,0.9975
ceiling,116,0.4404,0.98973
ceiling,117,0.4708,0.99754
ceiling,118,0.4258,0.98406
ceiling,119,0.4846,0.99932
ceiling,120,0.4864,0.99947
ceiling,121,0.4506,0.99295
ceiling,122,0.4386,0.98909
ceiling,123,0.4918,0.99981
ceiling,124,0.507,0.99986
ceiling,125,0.508,0.99982
ceiling,126,0.5208,0.99875
ceiling,127,0.4994,1.0
ceiling,128,0.558,0.99027
ceiling,129,0.5384,0.99574
ceiling,130,0.4848,0.99933
ceiling,131,0.4474,0.992
ceiling,132,0.5326,0.99693
ceiling,133,0.4942,0.9999
ceiling,134,0.5186,0.999
ceiling,135,0.45,0.99277
ceiling,136,0.5198,0.99887
ceiling,137,0.5636,0.9883
ceiling,138,0.5544,0.99144
ceiling,139,0.459,0.99514
ceiling,140,0.508,0.99982
ceiling,141,0.4528,0.99356
ceiling,142,0.5144,0.9994
ceiling,143,0.4678,0.99701
ceiling,144,0.4392,0.98931
ceiling,145,0.4712,0.99761
ceiling,146,0.5,1.0
ceiling,147,0.474,0.99805
ceiling,148,0.5458,0.99394
ceiling,149,0.4888,0.99964
ceiling,150,0.5124,0.99956
ceiling,151,0.5352,0.99642
ceiling,152,0.48,0.99885
ceiling,153,0.5238,0.99836
ceiling,154,0.535,0.99646
ceiling,155,0.4792,0.99875
ceiling,156,0.4758,0.99831
ceiling,157,0.5004,1.0
ceiling,158,0.5168,0.99919
ceiling,159,0.4846,0.99932
ceiling,160,0.5094,0.99975
ceiling,161,0.5242,0.99831
ceiling,162,0.5292,0.99754
ceiling,163,0.5266,0.99796
ceiling,164,0.5284,0.99767
ceiling,165,0.4354,0.98793
ceiling,166,0.4956,0.99994
ceiling,167,0.47,0.9974
ceiling,168,0.4694,0.9973
ceiling,169,0.5238,0.99836
ceiling,170,0.5638,0.98822
ceiling,171,0.4368,0.98844
ceiling,172,0.5618,0.98895
ceiling,173,0.4934,0.99987
ceiling,174,0.5068,0.99987
ceiling,175,0.5618,0.98895
ceiling,176,0.4936,0.99988
ceiling,177,0.4762,0.99836
ceiling,178,0.4702,0.99744
ceiling,179,0.4656,0.99658
ceiling,180,0.4778,0.99858
ceiling,181,0.4992,1.0
ceiling,182,0.4952,0.99993
ceiling,183,0.5534,0.99176
ceiling,184,0.522,0.9986
ceiling,185,0.5116,0.99961
ceiling,186,0.5128,0.99953
ceiling,187,0.5174,0.99913
ceiling,188,0.5072,0.99985
ceiling,189,0.509,0.99977
ceiling,190,0.5204,0.9988
ceiling,191,0.4658,0.99662
ceiling,192,0.5578,0.99034
ceiling,193,0.4402,0.98966
ceiling,194,0.513,0.99951
ceiling,195,0.3996,0.97072
ceiling,196,0.4716,0.99767
ceiling,197,0.5384,0.99574
ceiling,198,0.5056,0.99991
ceiling,199,0.4578,0.99486
ceiling,200,0.4826,0.99913
ceiling,201,0.5716,0.98516
ceiling,202,0.5178,0.99909
ceiling,203,0.4494,0.9926
ceiling,204,0.4748,0.99817
ceiling,205,0.509,0.99977
ceiling,206,0.4626,0.99596
ceiling,207,0.5202,0.99882
ceiling,208,0.4992,1.0
ceiling,209,0.5268,0.99793
ceiling,210,0.4926,0.99984
ceiling,211,0.5134,0.99948
ceiling,212,0.4542,0.99394
ceiling,213,0.4984,0.99999
ceiling,214,0.4556,0.9943
ceiling,215,0.5188,0.99898
ceiling,216,0.534,0.99666
ceiling,217,0.5408,0.99519
ceiling,218,0.5346,0.99654
ceiling,219,0.457,0.99466
ceiling,220,0.4872,0.99953
ceiling,221,0.5388,0.99565
ceiling,222,0.5154,0.99932
ceiling,223,0.5012,1.0
ceiling,224,0.474,0.99805
ceiling,225,0.5862,0.97845
ceiling,226,0.503,0.99997
ceiling,227,0.5402,0.99533
ceiling,228,0.5186,0.999
ceiling,229,0.4444,0.99106
ceiling,230,0.4818,0.99904
ceiling,231,0.5078,0.99982
ceiling,232,0.4932,0.99987
ceiling,233,0.4848,0.99933
ceiling,234,0.5126,0.99954
ceiling,235,0.406,0.97435
ceiling,236,0.5568,0.99067
ceiling,237,0.4808,0.99894
ceiling,238,0.479,0.99873
ceiling,239,0.5654,0.98762
ceiling,240,0.456,0.99441
ceiling,241,0.4726,0.99783
ceiling,242,0.4614,0.9957
ceiling,243,0.5378,0.99587
ceiling,244,0.4406,0.9898
ceiling,245,0.5018,0.99999
ceiling,246,0.5486,0.99317
ceiling,247,0.4826,0.99913
ceiling,248,0.5104,0.99969
ceiling,249,0.4758,0.99831
ceiling,250,0.493,0.99986
ceiling,251,0.5432,0.99461
ceiling,252,0.5414,0.99505
ceiling,253,0.4232,0.98291
ceiling,254,0.519,0.99896
ceiling,255,0.463,0.99605
ceiling,256,0.499,1.0
ceiling,257,0.4884,0.99961
ceiling,258,0.5518,0.99224
ceiling,259,0.4828,0.99915
ceiling,260,0.5432,0.99461
ceiling,261,0.4798,0.99882
ceiling,262,0.5008,1.0
ceiling,263,0.466,0.99666
ceiling,264,0.4982,0.99999
ceiling,265,0.5332,0.99682
ceiling,266,0.485,0.99935
ceiling,267,0.4608,0.99556
ceiling,268,0.4892,0.99966
ceiling,269,0.5014,0.99999
ceiling,270,0.4954,0.99994
ceiling,271,0.5496,0.99289
ceiling,272,0.468,0.99704
ceiling,273,0.492,0.99982
ceiling,274,0.5526,0.992
ceiling,275,0.5208,0.99875
ceiling,276,0.5336,0.99674
ceiling,277,0.5462,0.99383
ceiling,278,0.4462,0.99163
ceiling,279,0.5244,0.99828
ceiling,280,0.54,0.99538
ceiling,281,0.4404,0.98973
ceiling,282,0.4626,0.99596
ceiling,283,0.5172,0.99915
ceiling,284,0.5032,0.99997
ceiling,285,0.475,0.9982
ceiling,286,0.5262,0.99802
ceiling,287,0.5156,0.9993
ceiling,288,0.5102,0.9997
ceiling,289,0.5244,0.99828
ceiling,290,0.4452,0.99132
ceiling,291,0.511,0.99965
ceiling,292,0.4382,0.98895
ceiling,293,0.5222,0.99858
ceiling,294,0.479,0.99873
ceiling,295,0.4594,0.99524
ceiling,296,0.4422,0.99034
ceiling,297,0.469,0.99723
ceiling,298,0.5112,0.99964
ceiling,299,0.5118,0.9996
ceiling,300,0.539,0.99561
ceiling,301,0.5058,0.9999
ceiling,302,0.4452,0.99132
ceiling,303,0.5114,0.99962
ceiling,304,0.4676,0.99697
ceiling,305,0.5012,1.0
ceiling,306,0.5382,0.99579
ceiling,307,0.4028,0.97256
ceiling,308,0.4584,0.995
ceiling,309,0.508,0.99982
ceiling,310,0.4756,0.99828
ceiling,311,0.5072,0.99985
ceiling,312,0.511,0.99965
ceiling,313,0.5426,0.99476
ceiling,314,0.4728,0.99786
ceiling,315,0.4946,0.99992
ceiling,316,0.4914,0.99979
ceiling,317,0.6,0.97095
ceiling,318,0.5258,0.99808
ceiling,319,0.4608,0.99556
ceiling,320,0.4294,0.98557
ceiling,321,0.4682,0.99708
ceiling,322,0.517,0.99917
ceiling,323,0.5006,1.0
ceiling,324,0.4956,0.99994
ceiling,325,0.5108,0.99966
ceiling,326,0.509,0.99977
ceiling,327,0.4706,0.9975
ceiling,328,0.4654,0.99654
ceiling,329,0.5506,0.9926
ceiling,330,0.4762,0.99836
ceiling,331,0.5518,0.99224
ceiling,332,0.5018,0.99999
ceiling,333,0.5082,0.99981
ceiling,334,0.5044,0.99994
ceiling,335,0.5438,0.99446
ceiling,336,0.4816,0.99902
ceiling,337,0.4308,0.98614
ceiling,338,0.4638,0.99622
ceiling,339,0.5168,0.99919
ceiling,340,0.479,0.99873
ceiling,341,0.4662,0.9967
ceiling,342,0.523,0.99847
ceiling,343,0.4834,0.9992
ceiling,344,0.535,0.99646
ceiling,345,0.5324,0.99697
ceiling,346,0.4654,0.99654
ceiling,347,0.4794,0.99878
ceiling,348,0.432,0.98662
ceiling,349,0.5102,0.9997
ceiling,350,0.544,0.99441
ceiling,351,0.4712,0.99761
ceiling,352,0.4584,0.995
ceiling,353,0.5056,0.99991
ceiling,354,0.5476,0.99345
ceiling,355,0.5402,0.99533
ceiling,356,0.4892,0.99966
ceiling,357,0.4884,0.99961
ceiling,358,0.5084,0.9998
ceiling,359,0.5118,0.9996
ceiling,360,0.5024,0.99998
ceiling,361,0.4932,0.99987
ceiling,362,0.501,1.0
ceiling,363,0.436,0.98815
ceiling,364,0.5338,0.9967
ceiling,365,0.4856,0.9994
ceiling,366,0.48,0.99885
ceiling,367,0.4228,0.98273
ceiling,368,0.5538,0.99163
ceiling,369,0.4534,0.99373
ceiling,370,0.4934,0.99987
ceiling,371,0.513,0.99951
ceiling,372,0.4704,0.99747
ceiling,373,0.5286,0.99764
ceiling,374,0.5348,0.9965
ceiling,375,0.5148,0.99937
ceiling,376,0.548,0.99334
ceiling,377,0.491,0.99977
ceiling,378,0.506,0.9999
ceiling,379,0.4886,0.99962
ceiling,380,0.4236,0.98309
ceiling,381,0.5364,0.99617
ceiling,382,0.5316,0.99712
ceiling,383,0.4362,0.98822
ceiling,384,0.5256,0.99811
ceiling,385,0.5446,0.99425
ceiling,386,0.5546,0.99138
ceiling,387,0.5522,0.99212
ceiling,388,0.5374,0.99596
ceiling,389,0.491,0.99977
ceiling,390,0.4954,0.99994
ceiling,391,0.5054,0.99992
ceiling,392,0.512,0.99958
ceiling,393,0.4788,0.9987
ceiling,394,0.5176,0.99911
ceiling,395,0.4536,0.99378
ceiling,396,0.4532,0.99367
ceiling,397,0.5212,0.9987
ceiling,398,0.547,0.99362
ceiling,399,0.4734,0.99796
ceiling,400,0.5088,0.99978
ceiling,401,0.44,0.98959
ceiling,402,0.4518,0.99329
ceiling,403,0.4866,0.99948
ceiling,404,0.4768,0.99845
ceiling,405,0.5088,0.99978
ceiling,406,0.4836,0.99922
ceiling,407,0.4944,0.99991
ceiling,408,0.5358,0.9963
ceiling,409,0.5112,0.99964
ceiling,410,0.537,0.99605
ceiling,411,0.5,1.0
ceiling,412,0.4964,0.99996
ceiling,413,0.4682,0.99708
ceiling,414,0.5092,0.99976
ceiling,415,0.4378,0.98881
ceiling,416,0.5132,0.9995
ceiling,417,0.4834,0.9992
ceiling,418,0.5046,0.99994
ceiling,419,0.4986,0.99999
ceiling,420,0.5334,0.99678
ceiling,421,0.5536,0.99169
ceiling,422,0.5538,0.99163
ceiling,423,0.5362,0.99622
ceiling,424,0.4458,0.99151
ceiling,425,0.4062,0.97446
ceiling,426,0.5576,0.99041
ceiling,427,0.5382,0.99579
ceiling,428,0.4882,0.9996
ceiling,429,0.5538,0.99163
ceiling,430,0.5586,0.99007
ceiling,431,0.5142,0.99942
ceiling,432,0.4996,1.0
ceiling,433,0.5166,0.9992
ceiling,434,0.5198,0.99887
ceiling,435,0.4774,0.99853
ceiling,436,0.4502,0.99283
ceiling,437,0.5222,0.99858
ceiling,438,0.4508,0.993
ceiling,439,0.5636,0.9883
ceiling,440,0.5,1.0
ceiling,441,0.4392,0.98931
ceiling,442,0.511,0.99965
ceiling,443,0.5472,0.99356
ceiling,444,0.4776,0.99855
ceiling,445,0.5044,0.99994
ceiling,446,0.5404,0.99529
ceiling,447,0.4668,0.99682
ceiling,448,0.5366,0.99613
ceiling,449,0.5438,0.99446
ceiling,450,0.4412,0.99
ceiling,451,0.4574,0.99476
ceiling,452,0.539,0.99561
ceiling,453,0.539,0.99561
ceiling,454,0.4912,0.99978
ceiling,455,0.5634,0.98837
ceiling,456,0.5266,0.99796
ceiling,457,0.5644,0.988
ceiling,458,0.4974,0.99998
ceiling,459,0.501,1.0
ceiling,460,0.4388,0.98917
ceiling,461,0.5384,0.99574
ceiling,462,0.552,0.99218
ceiling,463,0.5122,0.99957
ceiling,464,0.5252,0.99817
ceiling,465,0.4868,0.9995
ceiling,466,0.559,0.98993
ceiling,467,0.4724,0.9978
ceiling,468,0.5748,0.9838
ceiling,469,0.5176,0.99911
ceiling,470,0.4316,0.98646
ceiling,471,0.4924,0.99983
ceiling,472,0.5408,0.99519
ceiling,473,0.5626,0.98866
ceiling,474,0.4266,0.9844
ceiling,475,0.4668,0.99682
ceiling,476,0.5058,0.9999
ceiling,477,0.43,0.98582
ceiling,478,0.5264,0.99799
ceiling,479,0.4834,0.9992
ceiling,480,0.496,0.99995
ceiling,481,0.5094,0.99975
ceiling,482,0.424,0.98327
ceiling,483,0.5234,0.99842
ceiling,484,0.4334,0.98716
ceiling,485,0.5028,0.99998
ceiling,486,0.5276,0.9978
ceiling,487,0.5264,0.99799
ceiling,488,0.4852,0.99937
ceiling,489,0.4746,0.99814
ceiling,490,0.4628,0.996
ceiling,491,0.5098,0.99972
ceiling,492,0.4446,0.99113
ceiling,493,0.4568,0.99461
ceiling,494,0.4602,0.99542
ceiling,495,0.4838,0.99924
ceiling,496,0.5368,0.99609
ceiling,497,0.4544,0.99399
ceiling,498,0.5318,0.99708
ceiling,499,0.5564,0.9908
ceiling,500,0.4894,0.99968
ceiling,501,0.5194,0.99891
ceiling,502,0.516,0.99926
ceiling,503,0.5094,0.99975
ceiling,504,0.5306,0.9973
ceiling,505,0.482,0.99906
ceiling,506,0.4938,0.99989
ceiling,507,0.4674,0.99693
ceiling,508,0.5222,0.99858
ceiling,509,0.4504,0.99289
ceiling,510,0.5706,0.98557
ceiling,511,0.465,0.99646
ceiling,512,0.411,0.97702
ceiling,513,0.5506,0.9926
ceiling,514,0.4666,0.99678
ceiling,515,0.5718,0.98507
ceiling,516,0.493,0.99986
ceiling,517,0.5826,0.98022
ceiling,518,0.4634,0.99613
ceiling,519,0.463,0.99605
ceiling,520,0.4846,0.99932
ceiling,521,0.5284,0.99767
ceiling,522,0.505,0.99993
ceiling,523,0.4946,0.99992
ceiling,524,0.4952,0.99993
ceiling,525,0.4682,0.99708
ceiling,526,0.4578,0.99486
ceiling,527,0.4758,0.99831
ceiling,528,0.5482,0.99329
ceiling,529,0.455,0.99415
ceiling,530,0.49,0.99971
ceiling,531,0.5336,0.99674
ceiling,532,0.5092,0.99976
ceiling,533,0.5124,0.99956
ceiling,534,0.5328,0.99689
ceiling,535,0.4834,0.9992
ceiling,536,0.487,0.99951
ceiling,537,0.5536,0.99169
ceiling,538,0.5268,0.99793
ceiling,539,0.5226,0.99853
ceiling,540,0.5518,0.99224
ceiling,541,0.4756,0.99828
ceiling,542,0.5306,0.9973
ceiling,543,0.4622,0.99587
ceiling,544,0.5818,0.98061
ceiling,545,0.4758,0.99831
ceiling,546,0.5142,0.99942
ceiling,547,0.556,0.99093
ceiling,548,0.551,0.99248
ceiling,549,0.4824,0.99911
ceiling,550,0.4882,0.9996
ceiling,551,0.5096,0.99973
ceiling,552,0.5172,0.99915
ceiling,553,0.576,0.98327
ceiling,554,0.4836,0.99922
ceiling,555,0.4756,0.99828
ceiling,556,0.5416,0.995
ceiling,557,0.511,0.99965
ceiling,558,0.464,0.99626
ceiling,559,0.5348,0.9965
ceiling,560,0.494,0.9999
ceiling,561,0.5426,0.99476
ceiling,562,0.5474,0.99351
ceiling,563,0.5292,0.99754
ceiling,564,0.5376,0.99592
ceiling,565,0.5348,0.9965
ceiling,566,0.4012,0.97165
ceiling,567,0.455,0.99415
ceiling,568,0.5216,0.99865
ceiling,569,0.499,1.0
ceiling,570,0.519,0.99896
ceiling,571,0.457,0.99466
ceiling,572,0.5092,0.99976
ceiling,573,0.5272,0.99786
ceiling,574,0.505,0.99993
ceiling,575,0.4414,0.99007
ceiling,576,0.4866,0.99948
ceiling,577,0.4938,0.99989
ceiling,578,0.4672,0.99689
ceiling,579,0.5474,0.99351
ceiling,580,0.528,0.99774
ceiling,581,0.4114,0.97723
ceiling,582,0.5092,0.99976
ceiling,583,0.4312,0.9863
ceiling,584,0.437,0.98852
ceiling,585,0.5358,0.9963
ceiling,586,0.4536,0.99378
ceiling,587,0.4962,0.99996
ceiling,588,0.489,0.99965
ceiling,589,0.4456,0.99144
ceiling,590,0.4988,1.0
ceiling,591,0.4608,0.99556
ceiling,592,0.502,0.99999
ceiling,593,0.4222,0.98246
ceiling,594,0.4924,0.99983
ceiling,595,0.4826,0.99913
ceiling,596,0.438,0.98888
ceiling,597,0.5138,0.99945
ceiling,598,0.472,0.99774
ceiling,599,0.4926,0.99984
ceiling,600,0.5272,0.99786
ceiling,601,0.4706,0.9975
ceiling,602,0.5772,0.98273
ceiling,603,0.4216,0.98219
ceiling,604,0.5036,0.99996
ceiling,605,0.4956,0.99994
ceiling,606,0.462,0.99583
ceiling,607,0.505,0.99993
ceiling,608,0.559,0.98993
ceiling,609,0.464,0.99626
ceiling,610,0.5268,0.99793
ceiling,611,0.516,0.99926
ceiling,612,0.484,0.99926
ceiling,613,0.4708,0.99754
ceiling,614,0.5038,0.99996
ceiling,615,0.5204,0.9988
ceiling,616,0.4804,0.99889
ceiling,617,0.5114,0.99962
ceiling,618,0.493,0.99986
ceiling,619,0.479,0.99873
ceiling,620,0.4672,0.99689
ceiling,621,0.5306,0.9973
ceiling,622,0.5216,0.99865
ceiling,623,0.4638,0.99622
ceiling,624,0.546,0.99389
ceiling,625,0.5168,0.99919
ceiling,626,0.5114,0.99962
ceiling,627,0.5274,0.99783
ceiling,628,0.5088,0.99978
ceiling,629,0.4648,0.99642
ceiling,630,0.5458,0.99394
ceiling,631,0.4672,0.99689
ceiling,632,0.4104,0.97671
ceiling,633,0.4552,0.9942
ceiling,634,0.5428,0.99471
ceiling,635,0.4932,0.99987
ceiling,636,0.5154,0.99932
ceiling,637,0.4986,0.99999
ceiling,638,0.526,0.99805
ceiling,639,0.5068,0.99987
ceiling,640,0.4858,0.99942
ceiling,641,0.4858,0.99942
ceiling,642,0.4316,0.98646
ceiling,643,0.5316,0.99712
ceiling,644,0.4694,0.9973
ceiling,645,0.474,0.99805
ceiling,646,0.4962,0.99996
ceiling,647,0.4908,0.99976
ceiling,648,0.53,0.9974
ceiling,649,0.5138,0.99945
ceiling,650,0.4906,0.99975
ceiling,651,0.5342,0.99662
ceiling,652,0.5194,0.99891
ceiling,653,0.4486,0.99236
ceiling,654,0.5172,0.99915
ceiling,655,0.528,0.99774
ceiling,656,0.5574,0.99047
ceiling,657,0.5592,0.98986
ceiling,658,0.441,0.98993
ceiling,659,0.4176,0.98032
ceiling,660,0.4628,0.996
ceiling,661,0.5142,0.99942
ceiling,662,0.4762,0.99836
ceiling,663,0.4906,0.99975
ceiling,664,0.443,0.9906
ceiling,665,0.521,0.99873
ceiling,666,0.5686,0.98638
ceiling,667,0.5092,0.99976
ceiling,668,0.5014,0.99999
ceiling,669,0.4462,0.99163
ceiling,670,0.5688,0.9863
ceiling,671,0.4954,0.99994
ceiling,672,0.5492,0.993
ceiling,673,0.501,1.0
ceiling,674,0.4758,0.99831
ceiling,675,0.5344,0.99658
ceiling,676,0.5246,0.99825
ceiling,677,0.5048,0.99993
ceiling,678,0.5566,0.99074
ceiling,679,0.4706,0.9975
ceiling,680,0.54,0.99538
ceiling,681,0.447,0.99188
ceiling,682,0.502,0.99999
ceiling,683,0.5034,0.99997
ceiling,684,0.47,0.9974
ceiling,685,0.4956,0.99994
ceiling,686,0.4702,0.99744
ceiling,687,0.4536,0.99378
ceiling,688,0.5334,0.99678
ceiling,689,0.4872,0.99953
ceiling,690,0.543,0.99466
ceiling,691,0.499,1.0
ceiling,692,0.4962,0.99996
ceiling,693,0.5032,0.99997
ceiling,694,0.4706,0.9975
ceiling,695,0.4694,0.9973
ceiling,696,0.4866,0.99948
ceiling,697,0.563,0.98852
ceiling,698,0.503,0.99997
ceiling,699,0.5008,1.0
ceiling,700,0.5306,0.9973
ceiling,701,0.5174,0.99913
ceiling,702,0.4884,0.99961
ceiling,703,0.4776,0.99855
ceiling,704,0.5744,0.98397
ceiling,705,0.4614,0.9957
ceiling,706,0.4212,0.98201
ceiling,707,0.5498,0.99283
ceiling,708,0.448,0.99218
ceiling,709,0.4864,0.99947
ceiling,710,0.4334,0.98716
ceiling,711,0.4972,0.99998
ceiling,712,0.5154,0.99932
ceiling,713,0.4522,0.9934
ceiling,714,0.4496,0.99266
ceiling,715,0.5102,0.9997
ceiling,716,0.4696,0.99733
ceiling,717,0.4994,1.0
ceiling,718,0.5088,0.99978
ceiling,719,0.4752,0.99822
ceiling,720,0.4252,0.9838
ceiling,721,0.4518,0.99329
ceiling,722,0.5026,0.99998
ceiling,723,0.5224,0.99855
ceiling,724,0.5296,0.99747
ceiling,725,0.4454,0.99138
ceiling,726,0.506,0.9999
ceiling,727,0.4802,0.99887
ceiling,728,0.5162,0.99924
ceiling,729,0.4578,0.99486
ceiling,730,0.5222,0.99858
ceiling,731,0.4848,0.99933
ceiling,732,0.4826,0.99913
ceiling,733,0.5368,0.99609
ceiling,734,0.4662,0.9967
ceiling,735,0.491,0.99977
ceiling,736,0.502,0.99999
ceiling,737,0.4832,0.99919
ceiling,738,0.4818,0.99904
ceiling,739,0.6142,0.96204
ceiling,740,0.4956,0.99994
ceiling,741,0.4708,0.99754
ceiling,742,0.4514,0.99317
ceiling,743,0.497,0.99997
ceiling,744,0.477,0.99847
ceiling,745,0.4318,0.98654
ceiling,746,0.5036,0.99996
ceiling,747,0.5206,0.99878
ceiling,748,0.4364,0.9883
ceiling,749,0.5304,0.99733
ceiling,750,0.4972,0.99998
ceiling,751,0.5322,0.99701
ceiling,752,0.4938,0.99989
ceiling,753,0.5452,0.9941
ceiling,754,0.4946,0.99992
ceiling,755,0.4996,1.0
ceiling,756,0.5756,0.98345
ceiling,757,0.5522,0.99212
ceiling,758,0.5388,0.99565
ceiling,759,0.4856,0.9994
ceiling,760,0.497,0.99997
ceiling,761,0.4708,0.99754
ceiling,762,0.4892,0.99966
ceiling,763,0.387,0.96284
ceiling,764,0.5412,0.9951
ceiling,765,0.4812,0.99898
ceiling,766,0.4434,0.99074
ceiling,767,0.5444,0.9943
ceiling,768,0.519,0.99896
ceiling,769,0.4402,0.98966
ceiling,770,0.4836,0.99922
ceiling,771,0.5206,0.99878
ceiling,772,0.5408,0.99519
ceiling,773,0.5376,0.99592
ceiling,774,0.4676,0.99697
ceiling,775,0.536,0.99626
ceiling,776,0.511,0.99965
ceiling,777,0.5518,0.99224
ceiling,778,0.496,0.99995
ceiling,779,0.478,0.9986
ceiling,780,0.5646,0.98793
ceiling,781,0.489,0.99965
ceiling,782,0.5514,0.99236
ceiling,783,0.4936,0.99988
ceiling,784,0.449,0.99248
ceiling,785,0.4918,0.99981
ceiling,786,0.4906,0.99975
ceiling,787,0.4862,0.99945
ceiling,788,0.5018,0.99999
ceiling,789,0.5246,0.99825
ceiling,790,0.4888,0.99964
ceiling,791,0.4544,0.99399
ceiling,792,0.49,0.99971
ceiling,793,0.4966,0.99997
ceiling,794,0.5318,0.99708
ceiling,795,0.4966,0.99997
ceiling,796,0.4702,0.99744
ceiling,797,0.4582,0.99495
ceiling,798,0.471,0.99757
ceiling,799,0.4576,0.99481
ceiling,800,0.5558,0.991
ceiling,801,0.5384,0.99574
ceiling,802,0.525,0.9982
ceiling,803,0.5726,0.98474
ceiling,804,0.5012,1.0
ceiling,805,0.4642,0.9963
ceiling,806,0.498,0.99999
ceiling,807,0.4408,0.98986
ceiling,808,0.5366,0.99613
ceiling,809,0.5198,0.99887
ceiling,810,0.5184,0.99902
ceiling,811,0.5298,0.99744
ceiling,812,0.524,0.99834
ceiling,813,0.4804,0.99889
ceiling,814,0.5234,0.99842
ceiling,815,0.5026,0.99998
ceiling,816,0.5178,0.99909
ceiling,817,0.5228,0.9985
ceiling,818,0.4972,0.99998
ceiling,819,0.4872,0.99953
ceiling,820,0.4746,0.99814
ceiling,821,0.5478,0.9934
ceiling,822,0.5028,0.99998
ceiling,823,0.4598,0.99533
ceiling,824,0.4374,0.98866
ceiling,825,0.516,0.99926
ceiling,826,0.5628,0.98859
ceiling,827,0.4792,0.99875
ceiling,828,0.555,0.99125
ceiling,829,0.481,0.99896
ceiling,830,0.5202,0.99882
ceiling,831,0.4642,0.9963
ceiling,832,0.5398,0.99542
ceiling,833,0.4966,0.99997
ceiling,834,0.534,0.99666
ceiling,835,0.532,0.99704
ceiling,836,0.5452,0.9941
ceiling,837,0.469,0.99723
ceiling,838,0.4858,0.99942
ceiling,839,0.4744,0.99811
ceiling,840,0.487,0.99951
ceiling,841,0.5124,0.99956
ceiling,842,0.5408,0.99519
ceiling,843,0.4686,0.99715
ceiling,844,0.522,0.9986
ceiling,845,0.5364,0.99617
ceiling,846,0.5468,0.99367
ceiling,847,0.508,0.99982
ceiling,848,0.5442,0.99436
ceiling,849,0.5632,0.98844
ceiling,850,0.445,0.99125
ceiling,851,0.4978,0.99999
ceiling,852,0.4956,0.99994
ceiling,853,0.5646,0.98793
ceiling,854,0.4206,0.98173
ceiling,855,0.5448,0.9942
ceiling,856,0.4612,0.99565
ceiling,857,0.4778,0.99858
ceiling,858,0.5272,0.99786
ceiling,859,0.5016,0.99999
ceiling,860,0.513,0.99951
ceiling,861,0.4754,0.99825
ceiling,862,0.4564,0.99451
ceiling,863,0.4338,0.98732
ceiling,864,0.5494,0.99295
ceiling,865,0.496,0.99995
ceiling,866,0.5842,0.97945
ceiling,867,0.4026,0.97245
ceiling,868,0.5008,1.0
ceiling,869,0.5002,1.0
ceiling,870,0.5288,0.99761
ceiling,871,0.5908,0.97608
ceiling,872,0.511,0.99965
ceiling,873,0.4422,0.99034
ceiling,874,0.5306,0.9973
ceiling,875,0.541,0.99514
ceiling,876,0.526,0.99805
ceiling,877,0.446,0.99157
ceiling,878,0.5106,0.99968
ceiling,879,0.5364,0.99617
ceiling,880,0.4802,0.99887
ceiling,881,0.5196,0.99889
ceiling,882,0.5066,0.99987
ceiling,883,0.5032,0.99997
ceiling,884,0.4682,0.99708
ceiling,885,0.5132,0.9995
ceiling,886,0.5308,0.99726
ceiling,887,0.4566,0.99456
ceiling,888,0.455,0.99415
ceiling,889,0.5034,0.99997
ceiling,890,0.5038,0.99996
ceiling,891,0.5284,0.99767
ceiling,892,0.4008,0.97142
ceiling,893,0.5182,0.99904
ceiling,894,0.4858,0.99942
ceiling,895,0.5274,0.99783
ceiling,896,0.5634,0.98837
ceiling,897,0.4804,0.99889
ceiling,898,0.5106,0.99968
ceiling,899,0.5252,0.99817
ceiling,900,0.4196,0.98127
ceiling,901,0.549,0.99306
ceiling,902,0.497,0.99997
ceiling,903,0.554,0.99157
ceiling,904,0.5024,0.99998
ceiling,905,0.5216,0.99865
ceiling,906,0.5156,0.9993
ceiling,907,0.4556,0.9943
ceiling,908,0.563,0.98852
ceiling,909,0.4942,0.9999
ceiling,910,0.495,0.99993
ceiling,911,0.4804,0.99889
ceiling,912,0.4722,0.99777
ceiling,913,0.5398,0.99542
ceiling,914,0.4964,0.99996
ceiling,915,0.4832,0.99919
ceiling,916,0.4818,0.99904
ceiling,917,0.581,0.98099
ceiling,918,0.5568,0.99067
ceiling,919,0.5064,0.99988
ceiling,920,0.4796,0.9988
ceiling,921,0.5104,0.99969
ceiling,922,0.5342,0.99662
ceiling,923,0.481,0.99896
ceiling,924,0.5714,0.98524
ceiling,925,0.4808,0.99894
ceiling,926,0.5388,0.99565
ceiling,927,0.471,0.99757
ceiling,928,0.4954,0.99994
ceiling,929,0.461,0.99561
ceiling,930,0.4588,0.9951
ceiling,931,0.5202,0.99882
ceiling,932,0.4664,0.99674
ceiling,933,0.5284,0.99767
ceiling,934,0.517,0.99917
ceiling,935,0.463,0.99605
ceiling,936,0.4716,0.99767
ceiling,937,0.4186,0.9808
ceiling,938,0.4658,0.99662
ceiling,939,0.4392,0.98931
ceiling,940,0.4894,0.99968
ceiling,941,0.5294,0.9975
ceiling,942,0.4786,0.99868
ceiling,943,0.5666,0.98716
ceiling,944,0.4774,0.99853
ceiling,945,0.4878,0.99957
ceiling,946,0.5326,0.99693
ceiling,947,0.4886,0.99962
ceiling,948,0.4794,0.99878
ceiling,949,0.5324,0.99697
ceiling,950,0.4634,0.99613
ceiling,951,0.4516,0.99323
ceiling,952,0.4528,0.99356
ceiling,953,0.5284,0.99767
ceiling,954,0.4436,0.9908
ceiling,955,0.4266,0.9844
ceiling,956,0.5458,0.99394
ceiling,957,0.4334,0.98716
ceiling,958,0.4602,0.99542
ceiling,959,0.5402,0.99533
ceiling,960,0.4848,0.99933
ceiling,961,0.5272,0.99786
ceiling,962,0.4562,0.99446
ceiling,963,0.5348,0.9965
ceiling,964,0.6054,0.9677
ceiling,965,0.5306,0.9973
ceiling,966,0.4182,0.98061
ceiling,967,0.5274,0.99783
ceiling,968,0.5418,0.99495
ceiling,969,0.4954,0.99994
ceiling,970,0.515,0.99935
ceiling,971,0.5232,0.99845
ceiling,972,0.5556,0.99106
ceiling,973,0.5096,0.99973
ceiling,974,0.4684,0.99712
ceiling,975,0.5048,0.99993
ceiling,976,0.5308,0.99726
ceiling,977,0.5088,0.99978
ceiling,978,0.5878,0.97764
ceiling,979,0.547,0.99362
ceiling,980,0.4912,0.99978
ceiling,981,0.4454,0.99138
ceiling,982,0.5302,0.99737
ceiling,983,0.4466,0.99176
ceiling,984,0.5198,0.99887
ceiling,985,0.5446,0.99425
ceiling,986,0.51,0.99971
ceiling,987,0.5144,0.9994
ceiling,988,0.5812,0.98089
ceiling,989,0.5558,0.991
ceiling,990,0.5002,1.0
ceiling,991,0.465,0.99646
ceiling,992,0.5128,0.99953
ceiling,993,0.5136,0.99947
ceiling,994,0.5308,0.99726
ceiling,995,0.5778,0.98246
ceiling,996,0.5162,0.99924
ceiling,997,0.5088,0.99978
ceiling,998,0.4508,0.993
ceiling,999,0.5062,0.99989
ceiling,1000,0.5428,0.99471
ceiling,1001,0.512,0.99958
ceiling,1002,0.514,0.99943
ceiling,1003,0.4596,0.99529
ceiling,1004,0.5372,0.996
ceiling,1005,0.5358,0.9963
ceiling,1006,0.5886,0.97723
ceiling,1007,0.527,0.9979
ceiling,1008,0.408,0.97544
ceiling,1009,0.4922,0.99982
ceiling,1010,0.494,0.9999
ceiling,1011,0.4606,0.99552
ceiling,1012,0.507,0.99986
ceiling,1013,0.5,1.0
ceiling,1014,0.5034,0.99997
ceiling,1015,0.5316,0.99712
ceiling,1016,0.4966,0.99997
ceiling,1017,0.5586,0.99007
ceiling,1018,0.499,1.0
ceiling,1019,0.4946,0.99992
ceiling,1020,0.4184,0.9807
ceiling,1021,0.4868,0.9995
ceiling,1022,0.5278,0.99777
ceiling,1023,0.541,0.99514
distillation,0,0.4738,0.99802
distillation,1,0.5242,0.99831
distillation,2,0.4988,1.0
distillation,3,0.511,0.99965
distillation,4,0.5586,0.99007
distillation,5,0.466,0.99666
distillation,6,0.5094,0.99975
distillation,7,0.5198,0.99887
distillation,8,0.5042,0.99995
distillation,9,0.444,0.99093
distillation,10,0.4604,0.99547
distillation,11,0.551,0.99248
distillation,12,0.5294,0.9975
distillation,13,0.5182,0.99904
distillation,14,0.5854,0.97885
distillation,15,0.5044,0.99994
distillation,16,0.496,0.99995
distillation,17,0.474,0.99805
distillation,18,0.5158,0.99928
distillation,19,0.4372,0.98859
distillation,20,0.5554,0.99113
distillation,21,0.4442,0.991
distillation,22,0.5456,0.99399
distillation,23,0.5026,0.99998
distillation,24,0.5312,0.99719
distillation,25,0.5122,0.99957
distillation,26,0.5378,0.99587
distillation,27,0.5568,0.99067
distillation,28,0.5368,0.99609
distillation,29,0.5386,0.9957
distillation,30,0.548,0.99334
distillation,31,0.4684,0.99712
distillation,32,0.538,0.99583
distillation,33,0.5454,0.99404
distillation,34,0.62,0.95804
distillation,35,0.5012,1.0
distillation,36,0.484,0.99926
distillation,37,0.5052,0.99992
distillation,38,0.4462,0.99163
distillation,39,0.538,0.99583
distillation,40,0.429,0.98541
distillation,41,0.5278,0.99777
distillation,42,0.6098,0.96493
distillation,43,0.4936,0.99988
distillation,44,0.516,0.99926
distillation,45,0.5008,1.0
distillation,46,0.448,0.99218
distillation,47,0.5148,0.99937
distillation,48,0.499,1.0
distillation,49,0.4738,0.99802
distillation,50,0.44,0.98959
distillation,51,0.4998,1.0
distillation,52,0.5028,0.99998
distillation,53,0.5236,0.99839
distillation,54,0.426,0.98414
distillation,55,0.4492,0.99254
distillation,56,0.5406,0.99524
distillation,57,0.3944,0.96758
distillation,58,0.5284,0.99767
distillation,59,0.5478,0.9934
distillation,60,0.5016,0.99999
distillation,61,0.4478,0.99212
distillation,62,0.516,0.99926
distillation,63,0.473,0.9979
distillation,64,0.4404,0.98973
distillation,65,0.5342,0.99662
distillation,66,0.5022,0.99999
distillation,67,0.5502,0.99272
distillation,68,0.4696,0.99733
distillation,69,0.511,0.99965
distillation,70,0.483,0.99917
distillation,71,0.473,0.9979
distillation,72,0.5528,0.99194
distillation,73,0.5346,0.99654
distillation,74,0.6114,0.96389
distillation,75,0.4592,0.99519
distillation,76,0.5732,0.98448
distillation,77,0.491,0.99977
distillation,78,0.4436,0.9908
distillation,79,0.4878,0.99957
distillation,80,0.4646,0.99638
distillation,81,0.4642,0.9963
distillation,82,0.4412,0.99
distillation,83,0.4994,1.0
distillation,84,0.5056,0.99991
distillation,85,0.4664,0.99674
distillation,86,0.513,0.99951
distillation,87,0.56,0.98959
distillation,88,0.4848,0.99933
distillation,89,0.546,0.99389
distillation,90,0.4628,0.996
distillation,91,0.5134,0.99948
distillation,92,0.4116,0.97733
distillation,93,0.4676,0.99697
distillation,94,0.5094,0.99975
distillation,95,0.5388,0.99565
distillation,96,0.5462,0.99383
distillation,97,0.4928,0.99985
distillation,98,0.5468,0.99367
distillation,99,0.5044,0.99994
distillation,100,0.5148,0.99937
distillation,101,0.5204,0.9988
distillation,102,0.3962,0.96868
distillation,103,0.4252,0.9838
distillation,104,0.525,0.9982
distillation,105,0.5302,0.99737
distillation,106,0.487,0.99951
distillation,107,0.4604,0.99547
distillation,108,0.5142,0.99942
distillation,109,0.5174,0.99913
distillation,110,0.4858,0.99942
distillation,111,0.5268,0.99793
distillation,112,0.4412,0.99
distillation,113,0.5536,0.99169
distillation,114,0.4986,0.99999
distillation,115,0.5418,0.99495
distillation,116,0.4466,0.99176
distillation,117,0.4816,0.99902
distillation,118,0.401,0.97153
distillation,119,0.4938,0.99989
distillation,120,0.4598,0.99533
distillation,121,0.4406,0.9898
distillation,122,0.4366,0.98837
distillation,123,0.4716,0.99767
distillation,124,0.4926,0.99984
distillation,125,0.4998,1.0
distillation,126,0.5372,0.996
distillation,127,0.531,0.99723
distillation,128,0.5484,0.99323
distillation,129,0.5406,0.99524
distillation,130,0.4818,0.99904
distillation,131,0.4512,0.99312
distillation,132,0.5508,0.99254
distillation,133,0.4702,0.99744
distillation,134,0.5402,0.99533
distillation,135,0.428,0.98499
distillation,136,0.5568,0.99067
distillation,137,0.5946,0.97402
distillation,138,0.5586,0.99007
distillation,139,0.451,0.99306
distillation,140,0.5392,0.99556
distillation,141,0.4428,0.99054
distillation,142,0.5402,0.99533
distillation,143,0.4568,0.99461
distillation,144,0.447,0.99188
distillation,145,0.4632,0.99609
distillation,146,0.5034,0.99997
distillation,147,0.4998,1.0
distillation,148,0.5314,0.99715
distillation,149,0.5146,0.99938
distillation,150,0.5142,0.99942
distillation,151,0.5656,0.98755
distillation,152,0.478,0.9986
distillation,153,0.5214,0.99868
distillation,154,0.5446,0.99425
distillation,155,0.472,0.99774
distillation,156,0.505,0.99993
distillation,157,0.4922,0.99982
distillation,158,0.5182,0.99904
distillation,159,0.4846,0.99932
distillation,160,0.5172,0.99915
distillation,161,0.5302,0.99737
distillation,162,0.5256,0.99811
distillation,163,0.5438,0.99446
distillation,164,0.5464,0.99378
distillation,165,0.4404,0.98973
distillation,166,0.5102,0.9997
distillation,167,0.4702,0.99744
distillation,168,0.4644,0.99634
distillation,169,0.5182,0.99904
distillation,170,0.571,0.98541
distillation,171,0.4248,0.98362
distillation,172,0.5436,0.99451
distillation,173,0.5084,0.9998
distillation,174,0.4858,0.99942
distillation,175,0.573,0.98457
distillation,176,0.5082,0.99981
distillation,177,0.4752,0.99822
distillation,178,0.4642,0.9963
distillation,179,0.4626,0.99596
distillation,180,0.4804,0.99889
distillation,181,0.4924,0.99983
distillation,182,0.4942,0.9999
distillation,183,0.5774,0.98264
distillation,184,0.5584,0.99014
distillation,185,0.5014,0.99999
distillation,186,0.5218,0.99863
distillation,187,0.4956,0.99994
distillation,188,0.5094,0.99975
distillation,189,0.51,0.99971
distillation,190,0.5,1.0
distillation,191,0.4482,0.99224
distillation,192,0.5714,0.98524
distillation,193,0.436,0.98815
distillation,194,0.517,0.99917
distillation,195,0.3956,0.96832
distillation,196,0.4748,0.99817
distillation,197,0.5634,0.98837
distillation,198,0.5054,0.99992
distillation,199,0.4962,0.99996
distillation,200,0.4468,0.99182
distillation,201,0.5896,0.97671
distillation,202,0.5326,0.99693
distillation,203,0.4126,0.97785
distillation,204,0.4718,0.9977
distillation,205,0.5038,0.99996
distillation,206,0.4504,0.99289
distillation,207,0.511,0.99965
distillation,208,0.5162,0.99924
distillation,209,0.5292,0.99754
distillation,210,0.5134,0.99948
distillation,211,0.533,0.99686
distillation,212,0.467,0.99686
distillation,213,0.5196,0.99889
distillation,214,0.4564,0.99451
distillation,215,0.5254,0.99814
distillation,216,0.5442,0.99436
distillation,217,0.542,0.9949
distillation,218,0.5328,0.99689
distillation,219,0.4534,0.99373
distillation,220,0.5114,0.99962
distillation,221,0.5418,0.99495
distillation,222,0.5164,0.99922
distillation,223,0.508,0.99982
distillation,224,0.4646,0.99638
distillation,225,0.6042,0.96844
distillation,226,0.499,1.0
distillation,227,0.5612,0.98917
distillation,228,0.5102,0.9997
distillation,229,0.4314,0.98638
distillation,230,0.4592,0.99519
distillation,231,0.5334,0.99678
distillation,232,0.4954,0.99994
distillation,233,0.4762,0.99836
distillation,234,0.4998,1.0
distillation,235,0.3928,0.96658
distillation,236,0.5872,0.97795
distillation,237,0.4732,0.99793
distillation,238,0.4456,0.99144
distillation,239,0.5872,0.97795
distillation,240,0.4496,0.99266
distillation,241,0.4726,0.99783
distillation,242,0.449,0.99248
distillation,243,0.5334,0.99678
distillation,244,0.4294,0.98557
distillation,245,0.5202,0.99882
distillation,246,0.5488,0.99312
distillation,247,0.4778,0.99858
distillation,248,0.4828,0.99915
distillation,249,0.467,0.99686
distillation,250,0.5142,0.99942
distillation,251,0.554,0.99157
distillation,252,0.5554,0.99113
distillation,253,0.413,0.97805
distillation,254,0.5182,0.99904
distillation,255,0.4704,0.99747
distillation,256,0.4854,0.99938
distillation,257,0.4924,0.99983
distillation,258,0.5852,0.97895
distillation,259,0.4634,0.99613
distillation,260,0.5394,0.99552
distillation,261,0.4688,0.99719
distillation,262,0.509,0.99977
distillation,263,0.4572,0.99471
distillation,264,0.4754,0.99825
distillation,265,0.5576,0.99041
distillation,266,0.467,0.99686
distillation,267,0.4522,0.9934
distillation,268,0.4992,1.0
distillation,269,0.4814,0.999
distillation,270,0.5118,0.9996
distillation,271,0.5264,0.99799
distillation,272,0.4682,0.99708
distillation,273,0.4828,0.99915
distillation,274,0.5366,0.99613
distillation,275,0.493,0.99986
distillation,276,0.552,0.99218
distillation,277,0.5546,0.99138
distillation,278,0.4562,0.99446
distillation,279,0.5214,0.99868
distillation,280,0.5438,0.99446
distillation,281,0.4438,0.99087
distillation,282,0.4408,0.98986
distillation,283,0.5482,0.99329
distillation,284,0.529,0.99757
distillation,285,0.4688,0.99719
distillation,286,0.538,0.99583
distillation,287,0.498,0.99999
distillation,288,0.5024,0.99998
distillation,289,0.543,0.99466
distillation,290,0.4454,0.99138
distillation,291,0.5262,0.99802
distillation,292,0.4316,0.98646
distillation,293,0.5512,0.99242
distillation,294,0.4776,0.99855
distillation,295,0.461,0.99561
distillation,296,0.437,0.98852
distillation,297,0.4598,0.99533
distillation,298,0.509,0.99977
distillation,299,0.5012,1.0
distillation,300,0.5712,0.98532
distillation,301,0.4948,0.99992
distillation,302,0.4492,0.99254
distillation,303,0.5186,0.999
distillation,304,0.4556,0.9943
distillation,305,0.4962,0.99996
distillation,306,0.5312,0.99719
distillation,307,0.361,0.94351
distillation,308,0.443,0.9906
distillation,309,0.5252,0.99817
distillation,310,0.4562,0.99446
distillation,311,0.5128,0.99953
distillation,312,0.5326,0.99693
distillation,313,0.5346,0.99654
distillation,314,0.4464,0.99169
distillation,315,0.4696,0.99733
distillation,316,0.5144,0.9994
distillation,317,0.628,0.9522
distillation,318,0.5374,0.99596
distillation,319,0.4538,0.99383
distillation,320,0.431,0.98622
distillation,321,0.4492,0.99254
distillation,322,0.5124,0.99956
distillation,323,0.5142,0.99942
distillation,324,0.5206,0.99878
distillation,325,0.527,0.9979
distillation,326,0.5068,0.99987
distillation,327,0.4146,0.97885
distillation,328,0.4284,0.98516
distillation,329,0.5682,0.98654
distillation,330,0.475,0.9982
distillation,331,0.5534,0.99176
distillation,332,0.5132,0.9995
distillation,333,0.5402,0.99533
distillation,334,0.5124,0.99956
distillation,335,0.5764,0.98309
distillation,336,0.4784,0.99865
distillation,337,0.4002,0.97107
distillation,338,0.4446,0.99113
distillation,339,0.5276,0.9978
distillation,340,0.4908,0.99976
distillation,341,0.4464,0.99169
distillation,342,0.5148,0.99937
distillation,343,0.5142,0.99942
distillation,344,0.5194,0.99891
distillation,345,0.5392,0.99556
distillation,346,0.4572,0.99471
distillation,347,0.49,0.99971
distillation,348,0.4068,0.97479
distillation,349,0.5078,0.99982
distillation,350,0.5444,0.9943
distillation,351,0.464,0.99626
distillation,352,0.4586,0.99505
distillation,353,0.495,0.99993
distillation,354,0.564,0.98815
distillation,355,0.5318,0.99708
distillation,356,0.481,0.99896
distillation,357,0.4806,0.99891
distillation,358,0.5234,0.99842
distillation,359,0.4974,0.99998
distillation,360,0.4942,0.9999
distillation,361,0.4858,0.99942
distillation,362,0.4986,0.99999
distillation,363,0.4572,0.99471
distillation,364,0.5364,0.99617
distillation,365,0.4834,0.9992
distillation,366,0.465,0.99646
distillation,367,0.3906,0.96519
distillation,368,0.585,0.97905
distillation,369,0.4328,0.98693
distillation,370,0.4948,0.99992
distillation,371,0.5002,1.0
distillation,372,0.4376,0.98874
distillation,373,0.5392,0.99556
distillation,374,0.5434,0.99456
distillation,375,0.5164,0.99922
distillation,376,0.5326,0.99693
distillation,377,0.4986,0.99999
distillation,378,0.5152,0.99933
distillation,379,0.5026,0.99998
distillation,380,0.424,0.98327
distillation,381,0.5342,0.99662
distillation,382,0.5378,0.99587
distillation,383,0.4244,0.98345
distillation,384,0.5128,0.99953
distillation,385,0.5594,0.9898
distillation,386,0.5786,0.9821
distillation,387,0.5512,0.99242
distillation,388,0.5654,0.98762
distillation,389,0.496,0.99995
distillation,390,0.4974,0.99998
distillation,391,0.541,0.99514
distillation,392,0.5036,0.99996
distillation,393,0.5012,1.0
distillation,394,0.5066,0.99987
distillation,395,0.449,0.99248
distillation,396,0.4198,0.98136
distillation,397,0.4954,0.99994
distillation,398,0.5474,0.99351
distillation,399,0.474,0.99805
distillation,400,0.4886,0.99962
distillation,401,0.4366,0.98837
distillation,402,0.4552,0.9942
distillation,403,0.497,0.99997
distillation,404,0.4608,0.99556
distillation,405,0.5232,0.99845
distillation,406,0.5038,0.99996
distillation,407,0.4718,0.9977
distillation,408,0.5398,0.99542
distillation,409,0.5156,0.9993
distillation,410,0.5354,0.99638
distillation,411,0.4866,0.99948
distillation,412,0.5164,0.99922
distillation,413,0.4548,0.9941
distillation,414,0.4966,0.99997
distillation,415,0.4074,0.97512
distillation,416,0.5308,0.99726
distillation,417,0.496,0.99995
distillation,418,0.4984,0.99999
distillation,419,0.5032,0.99997
distillation,420,0.5626,0.98866
distillation,421,0.5556,0.99106
distillation,422,0.5722,0.98491
distillation,423,0.5514,0.99236
distillation,424,0.4606,0.99552
distillation,425,0.3954,0.9682
distillation,426,0.5546,0.99138
distillation,427,0.5678,0.9867
distillation,428,0.4678,0.99701
distillation,429,0.5674,0.98685
distillation,430,0.5566,0.99074
distillation,431,0.5126,0.99954
distillation,432,0.4816,0.99902
distillation,433,0.5078,0.99982
distillation,434,0.513,0.99951
distillation,435,0.4906,0.99975
distillation,436,0.4398,0.98952
distillation,437,0.5244,0.99828
distillation,438,0.4392,0.98931
distillation,439,0.5764,0.98309
distillation,440,0.4976,0.99998
distillation,441,0.4486,0.99236
distillation,442,0.5284,0.99767
distillation,443,0.5542,0.99151
distillation,444,0.485,0.99935
distillation,445,0.506,0.9999
distillation,446,0.5542,0.99151
distillation,447,0.4502,0.99283
distillation,448,0.5406,0.99524
distillation,449,0.554,0.99157
distillation,450,0.4094,0.97618
distillation,451,0.4426,0.99047
distillation,452,0.5426,0.99476
distillation,453,0.5634,0.98837
distillation,454,0.5016,0.99999
distillation,455,0.577,0.98282
distillation,456,0.5346,0.99654
distillation,457,0.5764,0.98309
distillation,458,0.5066,0.99987
distillation,459,0.5102,0.9997
distillation,460,0.418,0.98051
distillation,461,0.534,0.99666
distillation,462,0.5966,0.9729
distillation,463,0.521,0.99873
distillation,464,0.5192,0.99894
distillation,465,0.4784,0.99865
distillation,466,0.5398,0.99542
distillation,467,0.4908,0.99976
distillation,468,0.5974,0.97245
distillation,469,0.5418,0.99495
distillation,470,0.4138,0.97845
distillation,471,0.4902,0.99972
distillation,472,0.5348,0.9965
distillation,473,0.566,0.98739
distillation,474,0.4342,0.98747
distillation,475,0.4508,0.993
distillation,476,0.5306,0.9973
distillation,477,0.4272,0.98465
distillation,478,0.5404,0.99529
distillation,479,0.482,0.99906
distillation,480,0.4938,0.99989
distillation,481,0.4924,0.99983
distillation,482,0.4294,0.98557
distillation,483,0.5312,0.99719
distillation,484,0.4334,0.98716
distillation,485,0.5024,0.99998
distillation,486,0.4976,0.99998
distillation,487,0.499,1.0
distillation,488,0.5052,0.99992
distillation,489,0.4692,0.99726
distillation,490,0.4552,0.9942
distillation,491,0.5084,0.9998
distillation,492,0.4406,0.9898
distillation,493,0.4458,0.99151
distillation,494,0.461,0.99561
distillation,495,0.4826,0.99913
distillation,496,0.5264,0.99799
distillation,497,0.4756,0.99828
distillation,498,0.5298,0.99744
distillation,499,0.5418,0.99495
distillation,500,0.515,0.99935
distillation,501,0.5206,0.99878
distillation,502,0.5202,0.99882
distillation,503,0.488,0.99958
distillation,504,0.518,0.99906
distillation,505,0.4844,0.9993
distillation,506,0.4932,0.99987
distillation,507,0.458,0.9949
distillation,508,0.5314,0.99715
distillation,509,0.4474,0.992
distillation,510,0.5582,0.9902
distillation,511,0.4604,0.99547
distillation,512,0.4108,0.97692
distillation,513,0.5544,0.99144
distillation,514,0.465,0.99646
distillation,515,0.617,0.96013
distillation,516,0.4682,0.99708
distillation,517,0.5882,0.97744
distillation,518,0.4884,0.99961
distillation,519,0.4666,0.99678
distillation,520,0.5056,0.99991
distillation,521,0.514,0.99943
distillation,522,0.5312,0.99719
distillation,523,0.491,0.99977
distillation,524,0.4844,0.9993
distillation,525,0.437,0.98852
distillation,526,0.4394,0.98938
distillation,527,0.4736,0.99799
distillation,528,0.529,0.99757
distillation,529,0.4438,0.99087
distillation,530,0.4906,0.99975
distillation,531,0.5334,0.99678
distillation,532,0.5018,0.99999
distillation,533,0.5174,0.99913
distillation,534,0.5096,0.99973
distillation,535,0.5016,0.99999
distillation,536,0.4472,0.99194
distillation,537,0.5698,0.9859
distillation,538,0.5092,0.99976
distillation,539,0.5254,0.99814
distillation,540,0.5454,0.99404
distillation,541,0.4766,0.99842
distillation,542,0.532,0.99704
distillation,543,0.4616,0.99574
distillation,544,0.5858,0.97865
distillation,545,0.4684,0.99712
distillation,546,0.5082,0.99981
distillation,547,0.5646,0.98793
distillation,548,0.595,0.9738
distillation,549,0.4726,0.99783
distillation,550,0.459,0.99514
distillation,551,0.531,0.99723
distillation,552,0.5418,0.99495
distillation,553,0.606,0.96733
distillation,554,0.48,0.99885
distillation,555,0.4578,0.99486
distillation,556,0.535,0.99646
distillation,557,0.5368,0.99609
distillation,558,0.4494,0.9926
distillation,559,0.5458,0.99394
distillation,560,0.5154,0.99932
distillation,561,0.5196,0.99889
distillation,562,0.5746,0.98388
distillation,563,0.5358,0.9963
distillation,564,0.5416,0.995
distillation,565,0.5528,0.99194
distillation,566,0.3932,0.96683
distillation,567,0.4828,0.99915
distillation,568,0.524,0.99834
distillation,569,0.4886,0.99962
distillation,570,0.515,0.99935
distillation,571,0.442,0.99027
distillation,572,0.4928,0.99985
distillation,573,0.5208,0.99875
distillation,574,0.517,0.99917
distillation,575,0.4404,0.98973
distillation,576,0.4718,0.9977
distillation,577,0.4944,0.99991
distillation,578,0.4566,0.99456
distillation,579,0.5518,0.99224
distillation,580,0.5272,0.99786
distillation,581,0.4116,0.97733
distillation,582,0.5066,0.99987
distillation,583,0.4202,0.98155
distillation,584,0.4418,0.9902
distillation,585,0.507,0.99986
distillation,586,0.4482,0.99224
distillation,587,0.5184,0.99902
distillation,588,0.5018,0.99999
distillation,589,0.4144,0.97875
distillation,590,0.5182,0.99904
distillation,591,0.4614,0.9957
distillation,592,0.496,0.99995
distillation,593,0.4292,0.98549
distillation,594,0.4902,0.99972
distillation,595,0.4964,0.99996
distillation,596,0.415,0.97905
distillation,597,0.4934,0.99987
distillation,598,0.481,0.99896
distillation,599,0.4972,0.99998
distillation,600,0.518,0.99906
distillation,601,0.4566,0.99456
distillation,602,0.597,0.97268
distillation,603,0.3872,0.96297
distillation,604,0.4878,0.99957
distillation,605,0.5238,0.99836
distillation,606,0.4772,0.9985
distillation,607,0.5004,1.0
distillation,608,0.5768,0.98291
distillation,609,0.444,0.99093
distillation,610,0.5082,0.99981
distillation,611,0.5442,0.99436
distillation,612,0.4658,0.99662
distillation,613,0.488,0.99958
distillation,614,0.5006,1.0
distillation,615,0.5146,0.99938
distillation,616,0.457,0.99466
distillation,617,0.5248,0.99822
distillation,618,0.5184,0.99902
distillation,619,0.4914,0.99979
distillation,620,0.4402,0.98966
distillation,621,0.526,0.99805
distillation,622,0.5572,0.99054
distillation,623,0.4798,0.99882
distillation,624,0.5594,0.9898
distillation,625,0.5032,0.99997
distillation,626,0.513,0.99951
distillation,627,0.5384,0.99574
distillation,628,0.4958,0.99995
distillation,629,0.4584,0.995
distillation,630,0.5694,0.98606
distillation,631,0.4648,0.99642
distillation,632,0.4162,0.97964
distillation,633,0.426,0.98414
distillation,634,0.5622,0.98881
distillation,635,0.4996,1.0
distillation,636,0.5162,0.99924
distillation,637,0.4552,0.9942
distillation,638,0.503,0.99997
distillation,639,0.4996,1.0
distillation,640,0.4898,0.9997
distillation,641,0.4768,0.99845
distillation,642,0.4188,0.98089
distillation,643,0.53,0.9974
distillation,644,0.45,0.99277
distillation,645,0.4638,0.99622
distillation,646,0.4938,0.99989
distillation,647,0.5038,0.99996
distillation,648,0.5132,0.9995
distillation,649,0.5092,0.99976
distillation,650,0.485,0.99935
distillation,651,0.549,0.99306
distillation,652,0.5134,0.99948
distillation,653,0.4616,0.99574
distillation,654,0.5186,0.999
distillation,655,0.5264,0.99799
distillation,656,0.5564,0.9908
distillation,657,0.56,0.98959
distillation,658,0.4222,0.98246
distillation,659,0.4138,0.97845
distillation,660,0.4742,0.99808
distillation,661,0.481,0.99896
distillation,662,0.4742,0.99808
distillation,663,0.5012,1.0
distillation,664,0.437,0.98852
distillation,665,0.5362,0.99622
distillation,666,0.552,0.99218
distillation,667,0.5342,0.99662
distillation,668,0.53,0.9974
distillation,669,0.4202,0.98155
distillation,670,0.5482,0.99329
distillation,671,0.5012,1.0
distillation,672,0.554,0.99157
distillation,673,0.4984,0.99999
distillation,674,0.4706,0.9975
distillation,675,0.5226,0.99853
distillation,676,0.5084,0.9998
distillation,677,0.5042,0.99995
distillation,678,0.5688,0.9863
distillation,679,0.475,0.9982
distillation,680,0.522,0.9986
distillation,681,0.4576,0.99481
distillation,682,0.524,0.99834
distillation,683,0.5122,0.99957
distillation,684,0.4512,0.99312
distillation,685,0.4666,0.99678
distillation,686,0.4564,0.99451
distillation,687,0.4602,0.99542
distillation,688,0.5514,0.99236
distillation,689,0.4874,0.99954
distillation,690,0.5498,0.99283
distillation,691,0.5002,1.0
distillation,692,0.4942,0.9999
distillation,693,0.5034,0.99997
distillation,694,0.4574,0.99476
distillation,695,0.4616,0.99574
distillation,696,0.4908,0.99976
distillation,697,0.5712,0.98532
distillation,698,0.4992,1.0
distillation,699,0.5284,0.99767
distillation,700,0.5536,0.99169
distillation,701,0.5184,0.99902
distillation,702,0.4948,0.99992
distillation,703,0.4652,0.9965
distillation,704,0.5732,0.98448
distillation,705,0.4606,0.99552
distillation,706,0.4178,0.98042
distillation,707,0.5714,0.98524
distillation,708,0.427,0.98457
distillation,709,0.4648,0.99642
distillation,710,0.4214,0.9821
distillation,711,0.4954,0.99994
distillation,712,0.5334,0.99678
distillation,713,0.4384,0.98902
distillation,714,0.442,0.99027
distillation,715,0.507,0.99986
distillation,716,0.4592,0.99519
distillation,717,0.5148,0.99937
distillation,718,0.504,0.99995
distillation,719,0.4852,0.99937
distillation,720,0.4384,0.98902
distillation,721,0.4654,0.99654
distillation,722,0.4966,0.99997
distillation,723,0.524,0.99834
distillation,724,0.5556,0.99106
distillation,725,0.46,0.99538
distillation,726,0.5106,0.99968
distillation,727,0.4942,0.9999
distillation,728,0.5142,0.99942
distillation,729,0.4596,0.99529
distillation,730,0.5582,0.9902
distillation,731,0.4792,0.99875
distillation,732,0.5146,0.99938
distillation,733,0.517,0.99917
distillation,734,0.4676,0.99697
distillation,735,0.491,0.99977
distillation,736,0.5238,0.99836
distillation,737,0.4918,0.99981
distillation,738,0.4742,0.99808
distillation,739,0.635,0.94676
distillation,740,0.508,0.99982
distillation,741,0.4716,0.99767
distillation,742,0.4174,0.98022
distillation,743,0.4776,0.99855
distillation,744,0.4708,0.99754
distillation,745,0.421,0.98192
distillation,746,0.5154,0.99932
distillation,747,0.5306,0.9973
distillation,748,0.4426,0.99047
distillation,749,0.5498,0.99283
distillation,750,0.5166,0.9992
distillation,751,0.516,0.99926
distillation,752,0.4924,0.99983
distillation,753,0.5566,0.99074
distillation,754,0.4786,0.99868
distillation,755,0.5018,0.99999
distillation,756,0.5876,0.97774
distillation,757,0.5892,0.97692
distillation,758,0.5542,0.99151
distillation,759,0.485,0.99935
distillation,760,0.498,0.99999
distillation,761,0.4624,0.99592
distillation,762,0.4784,0.99865
distillation,763,0.3752,0.95458
distillation,764,0.54,0.99538
distillation,765,0.4812,0.99898
distillation,766,0.432,0.98662
distillation,767,0.527,0.9979
distillation,768,0.526,0.99805
distillation,769,0.4434,0.99074
distillation,770,0.4558,0.99436
distillation,771,0.5136,0.99947
distillation,772,0.5436,0.99451
distillation,773,0.5276,0.9978
distillation,774,0.4526,0.99351
distillation,775,0.53,0.9974
distillation,776,0.5314,0.99715
distillation,777,0.5504,0.99266
distillation,778,0.4694,0.9973
distillation,779,0.4596,0.99529
distillation,780,0.564,0.98815
distillation,781,0.491,0.99977
distillation,782,0.569,0.98622
distillation,783,0.5026,0.99998
distillation,784,0.4218,0.98228
distillation,785,0.4722,0.99777
distillation,786,0.5378,0.99587
distillation,787,0.5058,0.9999
distillation,788,0.4976,0.99998
distillation,789,0.5258,0.99808
distillation,790,0.485,0.99935
distillation,791,0.422,0.98237
distillation,792,0.472,0.99774
distillation,793,0.5172,0.99915
distillation,794,0.5174,0.99913
distillation,795,0.4924,0.99983
distillation,796,0.4714,0.99764
distillation,797,0.4638,0.99622
distillation,798,0.4496,0.99266
distillation,799,0.398,0.96977
distillation,800,0.5514,0.99236
distillation,801,0.5256,0.99811
distillation,802,0.5596,0.98973
distillation,803,0.5868,0.97815
distillation,804,0.4814,0.999
distillation,805,0.4656,0.99658
distillation,806,0.5126,0.99954
distillation,807,0.4512,0.99312
distillation,808,0.5416,0.995
distillation,809,0.5236,0.99839
distillation,810,0.5046,0.99994
distillation,811,0.5294,0.9975
distillation,812,0.5372,0.996
distillation,813,0.4868,0.9995
distillation,814,0.5488,0.99312
distillation,815,0.4994,1.0
distillation,816,0.524,0.99834
distillation,817,0.556,0.99093
distillation,818,0.4964,0.99996
distillation,819,0.4776,0.99855
distillation,820,0.4708,0.99754
distillation,821,0.5394,0.99552
distillation,822,0.4806,0.99891
distillation,823,0.4474,0.992
distillation,824,0.4542,0.99394
distillation,825,0.5422,0.99486
distillation,826,0.57,0.98582
distillation,827,0.483,0.99917
distillation,828,0.5608,0.98931
distillation,829,0.4992,1.0
distillation,830,0.5236,0.99839
distillation,831,0.417,0.98003
distillation,832,0.532,0.99704
distillation,833,0.4836,0.99922
distillation,834,0.5398,0.99542
distillation,835,0.5366,0.99613
distillation,836,0.5394,0.99552
distillation,837,0.4578,0.99486
distillation,838,0.493,0.99986
distillation,839,0.451,0.99306
distillation,840,0.4906,0.99975
distillation,841,0.5218,0.99863
distillation,842,0.552,0.99218
distillation,843,0.4396,0.98945
distillation,844,0.5102,0.9997
distillation,845,0.5372,0.996
distillation,846,0.5474,0.99351
distillation,847,0.5104,0.99969
distillation,848,0.5548,0.99132
distillation,849,0.598,0.97211
distillation,850,0.4388,0.98917
distillation,851,0.4944,0.99991
distillation,852,0.4976,0.99998
distillation,853,0.5636,0.9883
distillation,854,0.4126,0.97785
distillation,855,0.543,0.99466
distillation,856,0.4756,0.99828
distillation,857,0.4906,0.99975
distillation,858,0.5452,0.9941
distillation,859,0.519,0.99896
distillation,860,0.525,0.9982
distillation,861,0.4452,0.99132
distillation,862,0.4558,0.99436
distillation,863,0.4292,0.98549
distillation,864,0.5478,0.9934
distillation,865,0.5458,0.99394
distillation,866,0.621,0.95733
distillation,867,0.4024,0.97234
distillation,868,0.465,0.99646
distillation,869,0.4868,0.9995
distillation,870,0.5086,0.99979
distillation,871,0.615,0.9615
distillation,872,0.5098,0.99972
distillation,873,0.4312,0.9863
distillation,874,0.5324,0.99697
distillation,875,0.555,0.99125
distillation,876,0.5452,0.9941
distillation,877,0.4476,0.99206
distillation,878,0.5068,0.99987
distillation,879,0.5312,0.99719
distillation,880,0.4636,0.99617
distillation,881,0.5168,0.99919
distillation,882,0.509,0.99977
distillation,883,0.5286,0.99764
distillation,884,0.4706,0.9975
distillation,885,0.5068,0.99987
distillation,886,0.5,1.0
distillation,887,0.4362,0.98822
distillation,888,0.4502,0.99283
distillation,889,0.481,0.99896
distillation,890,0.5066,0.99987
distillation,891,0.5046,0.99994
distillation,892,0.3774,0.95618
distillation,893,0.5118,0.9996
distillation,894,0.4658,0.99662
distillation,895,0.543,0.99466
distillation,896,0.5722,0.98491
distillation,897,0.5056,0.99991
distillation,898,0.4982,0.99999
distillation,899,0.5512,0.99242
distillation,900,0.4146,0.97885
distillation,901,0.5568,0.99067
distillation,902,0.4938,0.99989
distillation,903,0.5336,0.99674
distillation,904,0.4992,1.0
distillation,905,0.523,0.99847
distillation,906,0.4764,0.99839
distillation,907,0.4514,0.99317
distillation,908,0.5752,0.98362
distillation,909,0.476,0.99834
distillation,910,0.4724,0.9978
distillation,911,0.5034,0.99997
distillation,912,0.4538,0.99383
distillation,913,0.5262,0.99802
distillation,914,0.503,0.99997
distillation,915,0.464,0.99626
distillation,916,0.4756,0.99828
distillation,917,0.5942,0.97424
distillation,918,0.5634,0.98837
distillation,919,0.5006,1.0
distillation,920,0.4946,0.99992
distillation,921,0.556,0.99093
distillation,922,0.5502,0.99272
distillation,923,0.4682,0.99708
distillation,924,0.6092,0.96531
distillation,925,0.4852,0.99937
distillation,926,0.5266,0.99796
distillation,927,0.452,0.99334
distillation,928,0.507,0.99986
distillation,929,0.467,0.99686
distillation,930,0.4576,0.99481
distillation,931,0.5288,0.99761
distillation,932,0.516,0.99926
distillation,933,0.5372,0.996
distillation,934,0.5262,0.99802
distillation,935,0.4584,0.995
distillation,936,0.4854,0.99938
distillation,937,0.4248,0.98362
distillation,938,0.4542,0.99394
distillation,939,0.4138,0.97845
distillation,940,0.5042,0.99995
distillation,941,0.5316,0.99712
distillation,942,0.4892,0.99966
distillation,943,0.5624,0.98874
distillation,944,0.4752,0.99822
distillation,945,0.493,0.99986
distillation,946,0.5292,0.99754
distillation,947,0.4876,0.99956
distillation,948,0.482,0.99906
distillation,949,0.5484,0.99323
distillation,950,0.4822,0.99909
distillation,951,0.457,0.99466
distillation,952,0.4394,0.98938
distillation,953,0.515,0.99935
distillation,954,0.424,0.98327
distillation,955,0.4198,0.98136
distillation,956,0.5758,0.98336
distillation,957,0.4568,0.99461
distillation,958,0.4702,0.99744
distillation,959,0.5278,0.99777
distillation,960,0.478,0.9986
distillation,961,0.5282,0.9977
distillation,962,0.4614,0.9957
distillation,963,0.561,0.98924
distillation,964,0.6128,0.96297
distillation,965,0.5626,0.98866
distillation,966,0.409,0.97597
distillation,967,0.516,0.99926
distillation,968,0.5574,0.99047
distillation,969,0.4856,0.9994
distillation,970,0.5172,0.99915
distillation,971,0.5194,0.99891
distillation,972,0.565,0.98777
distillation,973,0.5186,0.999
distillation,974,0.4792,0.99875
distillation,975,0.4936,0.99988
distillation,976,0.5716,0.98516
distillation,977,0.527,0.9979
distillation,978,0.5868,0.97815
distillation,979,0.55,0.99277
distillation,980,0.4902,0.99972
distillation,981,0.4546,0.99404
distillation,982,0.538,0.99583
distillation,983,0.434,0.98739
distillation,984,0.511,0.99965
distillation,985,0.5386,0.9957
distillation,986,0.494,0.9999
distillation,987,0.5288,0.99761
distillation,988,0.6176,0.95972
distillation,989,0.5986,0.97176
distillation,990,0.53,0.9974
distillation,991,0.4512,0.99312
distillation,992,0.52,0.99885
distillation,993,0.535,0.99646
distillation,994,0.5364,0.99617
distillation,995,0.5642,0.98807
distillation,996,0.5386,0.9957
distillation,997,0.5086,0.99979
distillation,998,0.4214,0.9821
distillation,999,0.5104,0.99969
distillation,1000,0.5642,0.98807
distillation,1001,0.5156,0.9993
distillation,1002,0.5222,0.99858
distillation,1003,0.4542,0.99394
distillation,1004,0.5308,0.99726
distillation,1005,0.527,0.9979
distillation,1006,0.589,0.97702
distillation,1007,0.4926,0.99984
distillation,1008,0.4098,0.9764
distillation,1009,0.5186,0.999
distillation,1010,0.5036,0.99996
distillation,1011,0.4664,0.99674
distillation,1012,0.4998,1.0
distillation,1013,0.478,0.9986
distillation,1014,0.504,0.99995
distillation,1015,0.4978,0.99999
distillation,1016,0.482,0.99906
distillation,1017,0.584,0.97954
distillation,1018,0.5292,0.99754
distillation,1019,0.5092,0.99976
distillation,1020,0.4442,0.991
distillation,1021,0.4892,0.99966
distillation,1022,0.5212,0.9987
distillation,1023,0.591,0.97597
head-adapt,0,0.4842,0.99928
head-adapt,1,0.4818,0.99904
head-adapt,2,0.5166,0.9992
head-adapt,3,0.4696,0.99733
head-adapt,4,0.5084,0.9998
head-adapt,5,0.4768,0.99845
head-adapt,6,0.5082,0.99981
head-adapt,7,0.5018,0.99999
head-adapt,8,0.4546,0.99404
head-adapt,9,0.51,0.99971
head-adapt,10,0.5044,0.99994
head-adapt,11,0.5296,0.99747
head-adapt,12,0.5084,0.9998
head-adapt,13,0.5224,0.99855
head-adapt,14,0.5266,0.99796
head-adapt,15,0.4996,1.0
head-adapt,16,0.484,0.99926
head-adapt,17,0.47,0.9974
head-adapt,18,0.516,0.99926
head-adapt,19,0.4816,0.99902
head-adapt,20,0.5082,0.99981
head-adapt,21,0.5064,0.99988
head-adapt,22,0.504,0.99995
head-adapt,23,0.5192,0.99894
head-adapt,24,0.523,0.99847
head-adapt,25,0.5034,0.99997
head-adapt,26,0.515,0.99935
head-adapt,27,0.533,0.99686
head-adapt,28,0.5222,0.99858
head-adapt,29,0.5004,1.0
head-adapt,30,0.525,0.9982
head-adapt,31,0.4876,0.99956
head-adapt,32,0.4816,0.99902
head-adapt,33,0.499,1.0
head-adapt,34,0.5188,0.99898
head-adapt,35,0.511,0.99965
head-adapt,36,0.4848,0.99933
head-adapt,37,0.5172,0.99915
head-adapt,38,0.4724,0.9978
head-adapt,39,0.4848,0.99933
head-adapt,40,0.441,0.98993
head-adapt,41,0.5176,0.99911
head-adapt,42,0.5126,0.99954
head-adapt,43,0.4908,0.99976
head-adapt,44,0.5148,0.99937
head-adapt,45,0.4788,0.9987
head-adapt,46,0.5028,0.99998
head-adapt,47,0.538,0.99583
head-adapt,48,0.4894,0.99968
head-adapt,49,0.477,0.99847
head-adapt,50,0.5016,0.99999
head-adapt,51,0.5004,1.0
head-adapt,52,0.4788,0.9987
head-adapt,53,0.5104,0.99969
head-adapt,54,0.443,0.9906
head-adapt,55,0.4838,0.99924
head-adapt,56,0.5696,0.98598
head-adapt,57,0.5026,0.99998
head-adapt,58,0.5226,0.99853
head-adapt,59,0.509,0.99977
head-adapt,60,0.5038,0.99996
head-adapt,61,0.5,1.0
head-adapt,62,0.5422,0.99486
head-adapt,63,0.4696,0.99733
head-adapt,64,0.474,0.99805
head-adapt,65,0.4648,0.99642
head-adapt,66,0.4488,0.99242
head-adapt,67,0.4724,0.9978
head-adapt,68,0.4694,0.9973
head-adapt,69,0.5188,0.99898
head-adapt,70,0.5018,0.99999
head-adapt,71,0.493,0.99986
head-adapt,72,0.536,0.99626
head-adapt,73,0.5156,0.9993
head-adapt,74,0.5106,0.99968
head-adapt,75,0.5048,0.99993
head-adapt,76,0.4722,0.99777
head-adapt,77,0.52,0.99885
head-adapt,78,0.4854,0.99938
head-adapt,79,0.4818,0.99904
head-adapt,80,0.4646,0.99638
head-adapt,81,0.5168,0.99919
head-adapt,82,0.453,0.99362
head-adapt,83,0.4962,0.99996
head-adapt,84,0.5156,0.9993
head-adapt,85,0.474,0.99805
head-adapt,86,0.4746,0.99814
head-adapt,87,0.505,0.99993
head-adapt,88,0.5016,0.99999
head-adapt,89,0.4978,0.99999
head-adapt,90,0.4894,0.99968
head-adapt,91,0.5124,0.99956
head-adapt,92,0.4632,0.99609
head-adapt,93,0.4896,0.99969
head-adapt,94,0.4796,0.9988
head-adapt,95,0.5348,0.9965
head-adapt,96,0.502,0.99999
head-adapt,97,0.502,0.99999
head-adapt,98,0.5078,0.99982
head-adapt,99,0.4622,0.99587
head-adapt,100,0.5276,0.9978
head-adapt,101,0.5032,0.99997
head-adapt,102,0.5232,0.99845
head-adapt,103,0.4672,0.99689
head-adapt,104,0.5188,0.99898
head-adapt,105,0.5202,0.99882
head-adapt,106,0.5134,0.99948
head-adapt,107,0.4892,0.99966
head-adapt,108,0.519,0.99896
head-adapt,109,0.5062,0.99989
head-adapt,110,0.5076,0.99983
head-adapt,111,0.5014,0.99999
head-adapt,112,0.4998,1.0
head-adapt,113,0.4698,0.99737
head-adapt,114,0.4814,0.999
head-adapt,115,0.5136,0.99947
head-adapt,116,0.4736,0.99799
head-adapt,117,0.5354,0.99638
head-adapt,118,0.4532,0.99367
head-adapt,119,0.5098,0.99972
head-adapt,120,0.4902,0.99972
head-adapt,121,0.4858,0.99942
head-adapt,122,0.4822,0.99909
head-adapt,123,0.4898,0.9997
head-adapt,124,0.487,0.99951
head-adapt,125,0.5306,0.9973
head-adapt,126,0.515,0.99935
head-adapt,127,0.5146,0.99938
head-adapt,128,0.536,0.99626
head-adapt,129,0.5042,0.99995
head-adapt,130,0.5212,0.9987
head-adapt,131,0.471,0.99757
head-adapt,132,0.5156,0.9993
head-adapt,133,0.4838,0.99924
head-adapt,134,0.5108,0.99966
head-adapt,135,0.4914,0.99979
head-adapt,136,0.5316,0.99712
head-adapt,137,0.4788,0.9987
head-adapt,138,0.4444,0.99106
head-adapt,139,0.4722,0.99777
head-adapt,140,0.4848,0.99933
head-adapt,141,0.472,0.99774
head-adapt,142,0.5284,0.99767
head-adapt,143,0.4752,0.99822
head-adapt,144,0.486,0.99943
head-adapt,145,0.526,0.99805
head-adapt,146,0.4766,0.99842
head-adapt,147,0.4718,0.9977
head-adapt,148,0.513,0.99951
head-adapt,149,0.51,0.99971
head-adapt,150,0.5072,0.99985
head-adapt,151,0.5596,0.98973
head-adapt,152,0.5162,0.99924
head-adapt,153,0.5136,0.99947
head-adapt,154,0.4988,1.0
head-adapt,155,0.4998,1.0
head-adapt,156,0.514,0.99943
head-adapt,157,0.4992,1.0
head-adapt,158,0.511,0.99965
head-adapt,159,0.5104,0.99969
head-adapt,160,0.5196,0.99889
head-adapt,161,0.5138,0.99945
head-adapt,162,0.4862,0.99945
head-adapt,163,0.5364,0.99617
head-adapt,164,0.4858,0.99942
head-adapt,165,0.4884,0.99961
head-adapt,166,0.5438,0.99446
head-adapt,167,0.4778,0.99858
head-adapt,168,0.4968,0.99997
head-adapt,169,0.4888,0.99964
head-adapt,170,0.5078,0.99982
head-adapt,171,0.4556,0.9943
head-adapt,172,0.5186,0.999
head-adapt,173,0.4998,1.0
head-adapt,174,0.5308,0.99726
head-adapt,175,0.513,0.99951
head-adapt,176,0.5194,0.99891
head-adapt,177,0.4724,0.9978
head-adapt,178,0.5032,0.99997
head-adapt,179,0.4676,0.99697
head-adapt,180,0.5056,0.99991
head-adapt,181,0.5006,1.0
head-adapt,182,0.4666,0.99678
head-adapt,183,0.55,0.99277
head-adapt,184,0.5216,0.99865
head-adapt,185,0.5024,0.99998
head-adapt,186,0.487,0.99951
head-adapt,187,0.4644,0.99634
head-adapt,188,0.4892,0.99966
head-adapt,189,0.5068,0.99987
head-adapt,190,0.5078,0.99982
head-adapt,191,0.4468,0.99182
head-adapt,192,0.5092,0.99976
head-adapt,193,0.4706,0.9975
head-adapt,194,0.5034,0.99997
head-adapt,195,0.4942,0.9999
head-adapt,196,0.4884,0.99961
head-adapt,197,0.4742,0.99808
head-adapt,198,0.497,0.99997
head-adapt,199,0.5024,0.99998
head-adapt,200,0.53,0.9974
head-adapt,201,0.5112,0.99964
head-adapt,202,0.5714,0.98524
head-adapt,203,0.4924,0.99983
head-adapt,204,0.5196,0.99889
head-adapt,205,0.526,0.99805
head-adapt,206,0.4694,0.9973
head-adapt,207,0.46,0.99538
head-adapt,208,0.4822,0.99909
head-adapt,209,0.5132,0.9995
head-adapt,210,0.4816,0.99902
head-adapt,211,0.5216,0.99865
head-adapt,212,0.4594,0.99524
head-adapt,213,0.5178,0.99909
head-adapt,214,0.496,0.99995
head-adapt,215,0.513,0.99951
head-adapt,216,0.5204,0.9988
head-adapt,217,0.523,0.99847
head-adapt,218,0.5334,0.99678
head-adapt,219,0.466,0.99666
head-adapt,220,0.5108,0.99966
head-adapt,221,0.516,0.99926
head-adapt,222,0.474,0.99805
head-adapt,223,0.4958,0.99995
head-adapt,224,0.4986,0.99999
head-adapt,225,0.509,0.99977
head-adapt,226,0.4794,0.99878
head-adapt,227,0.4704,0.99747
head-adapt,228,0.5058,0.9999
head-adapt,229,0.468,0.99704
head-adapt,230,0.4996,1.0
head-adapt,231,0.5088,0.99978
head-adapt,232,0.5254,0.99814
head-adapt,233,0.515,0.99935
head-adapt,234,0.5034,0.99997
head-adapt,235,0.4752,0.99822
head-adapt,236,0.4948,0.99992
head-adapt,237,0.4862,0.99945
head-adapt,238,0.444,0.99093
head-adapt,239,0.531,0.99723
head-adapt,240,0.4896,0.99969
head-adapt,241,0.4916,0.9998
head-adapt,242,0.4842,0.99928
head-adapt,243,0.5318,0.99708
head-adapt,244,0.4984,0.99999
head-adapt,245,0.486,0.99943
head-adapt,246,0.5528,0.99194
head-adapt,247,0.543,0.99466
head-adapt,248,0.4912,0.99978
head-adapt,249,0.4838,0.99924
head-adapt,250,0.5034,0.99997
head-adapt,251,0.5008,1.0
head-adapt,252,0.5144,0.9994
head-adapt,253,0.4748,0.99817
head-adapt,254,0.5208,0.99875
head-adapt,255,0.507,0.99986
head-adapt,256,0.4876,0.99956
head-adapt,257,0.4842,0.99928
head-adapt,258,0.5018,0.99999
head-adapt,259,0.5206,0.99878
head-adapt,260,0.5154,0.99932
head-adapt,261,0.5174,0.99913
head-adapt,262,0.4928,0.99985
head-adapt,263,0.4618,0.99579
head-adapt,264,0.4632,0.99609
head-adapt,265,0.4788,0.9987
head-adapt,266,0.4864,0.99947
head-adapt,267,0.4938,0.99989
head-adapt,268,0.4946,0.99992
head-adapt,269,0.5082,0.99981
head-adapt,270,0.5122,0.99957
head-adapt,271,0.495,0.99993
head-adapt,272,0.4854,0.99938
head-adapt,273,0.458,0.9949
head-adapt,274,0.5134,0.99948
head-adapt,275,0.5024,0.99998
head-adapt,276,0.537,0.99605
head-adapt,277,0.528,0.99774
head-adapt,278,0.5016,0.99999
head-adapt,279,0.5148,0.99937
head-adapt,280,0.491,0.99977
head-adapt,281,0.5154,0.99932
head-adapt,282,0.4868,0.9995
head-adapt,283,0.5178,0.99909
head-adapt,284,0.4776,0.99855
head-adapt,285,0.4614,0.9957
head-adapt,286,0.4878,0.99957
head-adapt,287,0.493,0.99986
head-adapt,288,0.4706,0.9975
head-adapt,289,0.5036,0.99996
head-adapt,290,0.5066,0.99987
head-adapt,291,0.5266,0.99796
head-adapt,292,0.5194,0.99891
head-adapt,293,0.4902,0.99972
head-adapt,294,0.5248,0.99822
head-adapt,295,0.4754,0.99825
head-adapt,296,0.5236,0.99839
head-adapt,297,0.5114,0.99962
head-adapt,298,0.4936,0.99988
head-adapt,299,0.4954,0.99994
head-adapt,300,0.529,0.99757
head-adapt,301,0.5118,0.9996
head-adapt,302,0.4744,0.99811
head-adapt,303,0.4834,0.9992
head-adapt,304,0.4868,0.9995
head-adapt,305,0.5224,0.99855
head-adapt,306,0.54,0.99538
head-adapt,307,0.4696,0.99733
head-adapt,308,0.4876,0.99956
head-adapt,309,0.511,0.99965
head-adapt,310,0.4792,0.99875
head-adapt,311,0.524,0.99834
head-adapt,312,0.4908,0.99976
head-adapt,313,0.4674,0.99693
head-adapt,314,0.4922,0.99982
head-adapt,315,0.5012,1.0
head-adapt,316,0.5456,0.99399
head-adapt,317,0.4956,0.99994
head-adapt,318,0.525,0.9982
head-adapt,319,0.519,0.99896
head-adapt,320,0.4314,0.98638
head-adapt,321,0.4704,0.99747
head-adapt,322,0.4714,0.99764
head-adapt,323,0.4916,0.9998
head-adapt,324,0.543,0.99466
head-adapt,325,0.4806,0.99891
head-adapt,326,0.5332,0.99682
head-adapt,327,0.4896,0.99969
head-adapt,328,0.475,0.9982
head-adapt,329,0.5332,0.99682
head-adapt,330,0.4998,1.0
head-adapt,331,0.5014,0.99999
head-adapt,332,0.4778,0.99858
head-adapt,333,0.5032,0.99997
head-adapt,334,0.5278,0.99777
head-adapt,335,0.4964,0.99996
head-adapt,336,0.4962,0.99996
head-adapt,337,0.4926,0.99984
head-adapt,338,0.4632,0.99609
head-adapt,339,0.5232,0.99845
head-adapt,340,0.5188,0.99898
head-adapt,341,0.5056,0.99991
head-adapt,342,0.5006,1.0
head-adapt,343,0.5122,0.99957
head-adapt,344,0.5126,0.99954
head-adapt,345,0.499,1.0
head-adapt,346,0.5006,1.0
head-adapt,347,0.4796,0.9988
head-adapt,348,0.4734,0.99796
head-adapt,349,0.476,0.99834
head-adapt,350,0.536,0.99626
head-adapt,351,0.4808,0.99894
head-adapt,352,0.5116,0.99961
head-adapt,353,0.4856,0.9994
head-adapt,354,0.4824,0.99911
head-adapt,355,0.5016,0.99999
head-adapt,356,0.4724,0.9978
head-adapt,357,0.4672,0.99689
head-adapt,358,0.4844,0.9993
head-adapt,359,0.4728,0.99786
head-adapt,360,0.5044,0.99994
head-adapt,361,0.4684,0.99712
head-adapt,362,0.5616,0.98902
head-adapt,363,0.4982,0.99999
head-adapt,364,0.4914,0.99979
head-adapt,365,0.5122,0.99957
head-adapt,366,0.5054,0.99992
head-adapt,367,0.4978,0.99999
head-adapt,368,0.514,0.99943
head-adapt,369,0.5116,0.99961
head-adapt,370,0.5068,0.99987
head-adapt,371,0.5158,0.99928
head-adapt,372,0.4436,0.9908
head-adapt,373,0.5144,0.9994
head-adapt,374,0.5174,0.99913
head-adapt,375,0.4764,0.99839
head-adapt,376,0.5426,0.99476
head-adapt,377,0.5136,0.99947
head-adapt,378,0.5046,0.99994
head-adapt,379,0.496,0.99995
head-adapt,380,0.4752,0.99822
head-adapt,381,0.5104,0.99969
head-adapt,382,0.533,0.99686
head-adapt,383,0.4428,0.99054
head-adapt,384,0.5028,0.99998
head-adapt,385,0.531,0.99723
head-adapt,386,0.526,0.99805
head-adapt,387,0.5662,0.98732
head-adapt,388,0.5002,1.0
head-adapt,389,0.433,0.98701
head-adapt,390,0.4934,0.99987
head-adapt,391,0.5334,0.99678
head-adapt,392,0.4602,0.99542
head-adapt,393,0.5,1.0
head-adapt,394,0.4958,0.99995
head-adapt,395,0.4632,0.99609
head-adapt,396,0.495,0.99993
head-adapt,397,0.4972,0.99998
head-adapt,398,0.5228,0.9985
head-adapt,399,0.5282,0.9977
head-adapt,400,0.5166,0.9992
head-adapt,401,0.4822,0.99909
head-adapt,402,0.4928,0.99985
head-adapt,403,0.5004,1.0
head-adapt,404,0.4628,0.996
head-adapt,405,0.5286,0.99764
head-adapt,406,0.4964,0.99996
head-adapt,407,0.4944,0.99991
head-adapt,408,0.49,0.99971
head-adapt,409,0.5022,0.99999
head-adapt,410,0.5284,0.99767
head-adapt,411,0.5034,0.99997
head-adapt,412,0.5262,0.99802
head-adapt,413,0.5008,1.0
head-adapt,414,0.5096,0.99973
head-adapt,415,0.4772,0.9985
head-adapt,416,0.5332,0.99682
head-adapt,417,0.4918,0.99981
head-adapt,418,0.506,0.9999
head-adapt,419,0.5186,0.999
head-adapt,420,0.5132,0.9995
head-adapt,421,0.531,0.99723
head-adapt,422,0.56,0.98959
head-adapt,423,0.502,0.99999
head-adapt,424,0.4744,0.99811
head-adapt,425,0.4892,0.99966
head-adapt,426,0.5098,0.99972
head-adapt,427,0.5516,0.9923
head-adapt,428,0.495,0.99993
head-adapt,429,0.5306,0.9973
head-adapt,430,0.5196,0.99889
head-adapt,431,0.4678,0.99701
head-adapt,432,0.4736,0.99799
head-adapt,433,0.5112,0.99964
head-adapt,434,0.5226,0.99853
head-adapt,435,0.471,0.99757
head-adapt,436,0.4872,0.99953
head-adapt,437,0.539,0.99561
head-adapt,438,0.5106,0.99968
head-adapt,439,0.5384,0.99574
head-adapt,440,0.4902,0.99972
head-adapt,441,0.4946,0.99992
head-adapt,442,0.5316,0.99712
head-adapt,443,0.5194,0.99891
head-adapt,444,0.4976,0.99998
head-adapt,445,0.4902,0.99972
head-adapt,446,0.4822,0.99909
head-adapt,447,0.4966,0.99997
head-adapt,448,0.515,0.99935
head-adapt,449,0.5234,0.99842
head-adapt,450,0.4556,0.9943
head-adapt,451,0.4706,0.9975
head-adapt,452,0.5366,0.99613
head-adapt,453,0.4946,0.99992
head-adapt,454,0.466,0.99666
head-adapt,455,0.5298,0.99744
head-adapt,456,0.5058,0.9999
head-adapt,457,0.514,0.99943
head-adapt,458,0.503,0.99997
head-adapt,459,0.5198,0.99887
head-adapt,460,0.4982,0.99999
head-adapt,461,0.5068,0.99987
head-adapt,462,0.5292,0.99754
head-adapt,463,0.484,0.99926
head-adapt,464,0.5218,0.99863
head-adapt,465,0.497,0.99997
head-adapt,466,0.507,0.99986
head-adapt,467,0.4782,0.99863
head-adapt,468,0.4396,0.98945
head-adapt,469,0.5104,0.99969
head-adapt,470,0.3858,0.96204
head-adapt,471,0.5104,0.99969
head-adapt,472,0.533,0.99686
head-adapt,473,0.483,0.99917
head-adapt,474,0.4764,0.99839
head-adapt,475,0.5324,0.99697
head-adapt,476,0.4816,0.99902
head-adapt,477,0.5042,0.99995
head-adapt,478,0.5214,0.99868
head-adapt,479,0.539,0.99561
head-adapt,480,0.5146,0.99938
head-adapt,481,0.5126,0.99954
head-adapt,482,0.4678,0.99701
head-adapt,483,0.5082,0.99981
head-adapt,484,0.488,0.99958
head-adapt,485,0.4874,0.99954
head-adapt,486,0.4946,0.99992
head-adapt,487,0.502,0.99999
head-adapt,488,0.5112,0.99964
head-adapt,489,0.4676,0.99697
head-adapt,490,0.4978,0.99999
head-adapt,491,0.5204,0.9988
head-adapt,492,0.513,0.99951
head-adapt,493,0.491,0.99977
head-adapt,494,0.5158,0.99928
head-adapt,495,0.4648,0.99642
head-adapt,496,0.5068,0.99987
head-adapt,497,0.4832,0.99919
head-adapt,498,0.514,0.99943
head-adapt,499,0.494,0.9999
head-adapt,500,0.5242,0.99831
head-adapt,501,0.5086,0.99979
head-adapt,502,0.5288,0.99761
head-adapt,503,0.4874,0.99954
head-adapt,504,0.5288,0.99761
head-adapt,505,0.4906,0.99975
head-adapt,506,0.4982,0.99999
head-adapt,507,0.4908,0.99976
head-adapt,508,0.492,0.99982
head-adapt,509,0.4682,0.99708
head-adapt,510,0.514,0.99943
head-adapt,511,0.4992,1.0
head-adapt,512,0.5158,0.99928
head-adapt,513,0.5404,0.99529
head-adapt,514,0.4744,0.99811
head-adapt,515,0.541,0.99514
head-adapt,516,0.4706,0.9975
head-adapt,517,0.5114,0.99962
head-adapt,518,0.4692,0.99726
head-adapt,519,0.4372,0.98859
head-adapt,520,0.4912,0.99978
head-adapt,521,0.4954,0.99994
head-adapt,522,0.5116,0.99961
head-adapt,523,0.4948,0.99992
head-adapt,524,0.4296,0.98565
head-adapt,525,0.4814,0.999
head-adapt,526,0.4838,0.99924
head-adapt,527,0.4902,0.99972
head-adapt,528,0.494,0.9999
head-adapt,529,0.5228,0.9985
head-adapt,530,0.4832,0.99919
head-adapt,531,0.4836,0.99922
head-adapt,532,0.5072,0.99985
head-adapt,533,0.5152,0.99933
head-adapt,534,0.493,0.99986
head-adapt,535,0.502,0.99999
head-adapt,536,0.4912,0.99978
head-adapt,537,0.5522,0.99212
head-adapt,538,0.4638,0.99622
head-adapt,539,0.495,0.99993
head-adapt,540,0.5066,0.99987
head-adapt,541,0.5144,0.9994
head-adapt,542,0.5114,0.99962
head-adapt,543,0.5064,0.99988
head-adapt,544,0.5294,0.9975
head-adapt,545,0.517,0.99917
head-adapt,546,0.491,0.99977
head-adapt,547,0.5118,0.9996
head-adapt,548,0.5514,0.99236
head-adapt,549,0.5002,1.0
head-adapt,550,0.468,0.99704
head-adapt,551,0.5072,0.99985
head-adapt,552,0.492,0.99982
head-adapt,553,0.5242,0.99831
head-adapt,554,0.5058,0.9999
head-adapt,555,0.5246,0.99825
head-adapt,556,0.5216,0.99865
head-adapt,557,0.517,0.99917
head-adapt,558,0.4908,0.99976
head-adapt,559,0.536,0.99626
head-adapt,560,0.5062,0.99989
head-adapt,561,0.459,0.99514
head-adapt,562,0.5222,0.99858
head-adapt,563,0.4994,1.0
head-adapt,564,0.5102,0.9997
head-adapt,565,0.5398,0.99542
head-adapt,566,0.4632,0.99609
head-adapt,567,0.558,0.99027
head-adapt,568,0.4924,0.99983
head-adapt,569,0.4886,0.99962
head-adapt,570,0.5366,0.99613
head-adapt,571,0.5092,0.99976
head-adapt,572,0.496,0.99995
head-adapt,573,0.487,0.99951
head-adapt,574,0.4746,0.99814
head-adapt,575,0.4262,0.98423
head-adapt,576,0.497,0.99997
head-adapt,577,0.493,0.99986
head-adapt,578,0.473,0.9979
head-adapt,579,0.4682,0.99708
head-adapt,580,0.478,0.9986
head-adapt,581,0.5216,0.99865
head-adapt,582,0.5032,0.99997
head-adapt,583,0.4678,0.99701
head-adapt,584,0.4658,0.99662
head-adapt,585,0.48,0.99885
head-adapt,586,0.5146,0.99938
head-adapt,587,0.4584,0.995
head-adapt,588,0.4818,0.99904
head-adapt,589,0.5118,0.9996
head-adapt,590,0.5148,0.99937
head-adapt,591,0.488,0.99958
head-adapt,592,0.4972,0.99998
head-adapt,593,0.4684,0.99712
head-adapt,594,0.5006,1.0
head-adapt,595,0.4606,0.99552
head-adapt,596,0.492,0.99982
head-adapt,597,0.4812,0.99898
head-adapt,598,0.499,1.0
head-adapt,599,0.5034,0.99997
head-adapt,600,0.5316,0.99712
head-adapt,601,0.501,1.0
head-adapt,602,0.5182,0.99904
head-adapt,603,0.4674,0.99693
head-adapt,604,0.4832,0.99919
head-adapt,605,0.5142,0.99942
head-adapt,606,0.4772,0.9985
head-adapt,607,0.471,0.99757
head-adapt,608,0.5384,0.99574
head-adapt,609,0.5014,0.99999
head-adapt,610,0.4966,0.99997
head-adapt,611,0.4954,0.99994
head-adapt,612,0.463,0.99605
head-adapt,613,0.5064,0.99988
head-adapt,614,0.4858,0.99942
head-adapt,615,0.5038,0.99996
head-adapt,616,0.4872,0.99953
head-adapt,617,0.5308,0.99726
head-adapt,618,0.5362,0.99622
head-adapt,619,0.4778,0.99858
head-adapt,620,0.5,1.0
head-adapt,621,0.4948,0.99992
head-adapt,622,0.5328,0.99689
head-adapt,623,0.5086,0.99979
head-adapt,624,0.5212,0.9987
head-adapt,625,0.5324,0.99697
head-adapt,626,0.516,0.99926
head-adapt,627,0.4936,0.99988
head-adapt,628,0.5144,0.9994
head-adapt,629,0.4392,0.98931
head-adapt,630,0.4804,0.99889
head-adapt,631,0.5064,0.99988
head-adapt,632,0.525,0.9982
head-adapt,633,0.4862,0.99945
head-adapt,634,0.5436,0.99451
head-adapt,635,0.491,0.99977
head-adapt,636,0.5186,0.999
head-adapt,637,0.5206,0.99878
head-adapt,638,0.4652,0.9965
head-adapt,639,0.5102,0.9997
head-adapt,640,0.4926,0.99984
head-adapt,641,0.484,0.99926
head-adapt,642,0.506,0.9999
head-adapt,643,0.4948,0.99992
head-adapt,644,0.4606,0.99552
head-adapt,645,0.4582,0.99495
head-adapt,646,0.534,0.99666
head-adapt,647,0.496,0.99995
head-adapt,648,0.5164,0.99922
head-adapt,649,0.4948,0.99992
head-adapt,650,0.5238,0.99836
head-adapt,651,0.5078,0.99982
head-adapt,652,0.503,0.99997
head-adapt,653,0.4914,0.99979
head-adapt,654,0.5176,0.99911
head-adapt,655,0.523,0.99847
head-adapt,656,0.4784,0.99865
head-adapt,657,0.4872,0.99953
head-adapt,658,0.502,0.99999
head-adapt,659,0.4592,0.99519
head-adapt,660,0.5254,0.99814
head-adapt,661,0.4946,0.99992
head-adapt,662,0.4992,1.0
head-adapt,663,0.494,0.9999
head-adapt,664,0.4666,0.99678
head-adapt,665,0.5146,0.99938
head-adapt,666,0.45,0.99277
head-adapt,667,0.5408,0.99519
head-adapt,668,0.493,0.99986
head-adapt,669,0.4746,0.99814
head-adapt,670,0.5014,0.99999
head-adapt,671,0.5328,0.99689
head-adapt,672,0.4926,0.99984
head-adapt,673,0.4994,1.0
head-adapt,674,0.4882,0.9996
head-adapt,675,0.4814,0.999
head-adapt,676,0.4988,1.0
head-adapt,677,0.4744,0.99811
head-adapt,678,0.5214,0.99868
head-adapt,679,0.5172,0.99915
head-adapt,680,0.5004,1.0
head-adapt,681,0.514,0.99943
head-adapt,682,0.525,0.9982
head-adapt,683,0.4674,0.99693
head-adapt,684,0.4956,0.99994
head-adapt,685,0.4726,0.99783
head-adapt,686,0.4644,0.99634
head-adapt,687,0.5018,0.99999
head-adapt,688,0.485,0.99935
head-adapt,689,0.524,0.99834
head-adapt,690,0.4724,0.9978
head-adapt,691,0.5284,0.99767
head-adapt,692,0.4852,0.99937
head-adapt,693,0.5046,0.99994
head-adapt,694,0.4464,0.99169
head-adapt,695,0.4752,0.99822
head-adapt,696,0.5164,0.99922
head-adapt,697,0.5282,0.9977
head-adapt,698,0.5142,0.99942
head-adapt,699,0.4804,0.99889
head-adapt,700,0.4896,0.99969
head-adapt,701,0.4772,0.9985
head-adapt,702,0.5074,0.99984
head-adapt,703,0.5004,1.0
head-adapt,704,0.5134,0.99948
head-adapt,705,0.4968,0.99997
head-adapt,706,0.5254,0.99814
head-adapt,707,0.4772,0.9985
head-adapt,708,0.4736,0.99799
head-adapt,709,0.4996,1.0
head-adapt,710,0.4864,0.99947
head-adapt,711,0.4636,0.99617
head-adapt,712,0.4978,0.99999
head-adapt,713,0.4682,0.99708
head-adapt,714,0.461,0.99561
head-adapt,715,0.5118,0.9996
head-adapt,716,0.4532,0.99367
head-adapt,717,0.5658,0.98747
head-adapt,718,0.4934,0.99987
head-adapt,719,0.4676,0.99697
head-adapt,720,0.4528,0.99356
head-adapt,721,0.487,0.99951
head-adapt,722,0.5132,0.9995
head-adapt,723,0.4762,0.99836
head-adapt,724,0.4902,0.99972
head-adapt,725,0.4742,0.99808
head-adapt,726,0.5194,0.99891
head-adapt,727,0.478,0.9986
head-adapt,728,0.4804,0.99889
head-adapt,729,0.5188,0.99898
head-adapt,730,0.5026,0.99998
head-adapt,731,0.498,0.99999
head-adapt,732,0.501,1.0
head-adapt,733,0.4958,0.99995
head-adapt,734,0.5128,0.99953
head-adapt,735,0.4892,0.99966
head-adapt,736,0.521,0.99873
head-adapt,737,0.5104,0.99969
head-adapt,738,0.5326,0.99693
head-adapt,739,0.5248,0.99822
head-adapt,740,0.5128,0.99953
head-adapt,741,0.505,0.99993
head-adapt,742,0.4654,0.99654
head-adapt,743,0.4754,0.99825
head-adapt,744,0.4624,0.99592
head-adapt,745,0.5204,0.9988
head-adapt,746,0.5424,0.99481
head-adapt,747,0.5274,0.99783
head-adapt,748,0.5064,0.99988
head-adapt,749,0.5254,0.99814
head-adapt,750,0.4956,0.99994
head-adapt,751,0.5038,0.99996
head-adapt,752,0.4952,0.99993
head-adapt,753,0.5184,0.99902
head-adapt,754,0.5116,0.99961
head-adapt,755,0.5228,0.9985
head-adapt,756,0.503,0.99997
head-adapt,757,0.5274,0.99783
head-adapt,758,0.4982,0.99999
head-adapt,759,0.5046,0.99994
head-adapt,760,0.5418,0.99495
head-adapt,761,0.4786,0.99868
head-adapt,762,0.5036,0.99996
head-adapt,763,0.4926,0.99984
head-adapt,764,0.5368,0.99609
head-adapt,765,0.4814,0.999
head-adapt,766,0.4886,0.99962
head-adapt,767,0.51,0.99971
head-adapt,768,0.5078,0.99982
head-adapt,769,0.5314,0.99715
head-adapt,770,0.5186,0.999
head-adapt,771,0.4602,0.99542
head-adapt,772,0.4708,0.99754
head-adapt,773,0.4982,0.99999
head-adapt,774,0.4916,0.9998
head-adapt,775,0.5116,0.99961
head-adapt,776,0.5402,0.99533
head-adapt,777,0.522,0.9986
head-adapt,778,0.4842,0.99928
head-adapt,779,0.4964,0.99996
head-adapt,780,0.523,0.99847
head-adapt,781,0.4692,0.99726
head-adapt,782,0.5098,0.99972
head-adapt,783,0.4832,0.99919
head-adapt,784,0.528,0.99774
head-adapt,785,0.5,1.0
head-adapt,786,0.5132,0.9995
head-adapt,787,0.5034,0.99997
head-adapt,788,0.5246,0.99825
head-adapt,789,0.5026,0.99998
head-adapt,790,0.4908,0.99976
head-adapt,791,0.4766,0.99842
head-adapt,792,0.4962,0.99996
head-adapt,793,0.487,0.99951
head-adapt,794,0.5462,0.99383
head-adapt,795,0.494,0.9999
head-adapt,796,0.5104,0.99969
head-adapt,797,0.4934,0.99987
head-adapt,798,0.4864,0.99947
head-adapt,799,0.4842,0.99928
head-adapt,800,0.5472,0.99356
head-adapt,801,0.4946,0.99992
head-adapt,802,0.5186,0.999
head-adapt,803,0.5172,0.99915
head-adapt,804,0.5032,0.99997
head-adapt,805,0.522,0.9986
head-adapt,806,0.4742,0.99808
head-adapt,807,0.5192,0.99894
head-adapt,808,0.4898,0.9997
head-adapt,809,0.504,0.99995
head-adapt,810,0.493,0.99986
head-adapt,811,0.5498,0.99283
head-adapt,812,0.498,0.99999
head-adapt,813,0.5078,0.99982
head-adapt,814,0.5206,0.99878
head-adapt,815,0.5204,0.9988
head-adapt,816,0.5134,0.99948
head-adapt,817,0.5302,0.99737
head-adapt,818,0.5122,0.99957
head-adapt,819,0.4824,0.99911
head-adapt,820,0.5172,0.99915
head-adapt,821,0.484,0.99926
head-adapt,822,0.463,0.99605
head-adapt,823,0.4614,0.9957
head-adapt,824,0.4786,0.99868
head-adapt,825,0.5666,0.98716
head-adapt,826,0.535,0.99646
head-adapt,827,0.497,0.99997
head-adapt,828,0.5002,1.0
head-adapt,829,0.4478,0.99212
head-adapt,830,0.5456,0.99399
head-adapt,831,0.4738,0.99802
head-adapt,832,0.4896,0.99969
head-adapt,833,0.4834,0.9992
head-adapt,834,0.4894,0.99968
head-adapt,835,0.5196,0.99889
head-adapt,836,0.5358,0.9963
head-adapt,837,0.4588,0.9951
head-adapt,838,0.4762,0.99836
head-adapt,839,0.4502,0.99283
head-adapt,840,0.5218,0.99863
head-adapt,841,0.521,0.99873
head-adapt,842,0.5074,0.99984
head-adapt,843,0.4974,0.99998
head-adapt,844,0.474,0.99805
head-adapt,845,0.498,0.99999
head-adapt,846,0.5148,0.99937
head-adapt,847,0.4842,0.99928
head-adapt,848,0.493,0.99986
head-adapt,849,0.4888,0.99964
head-adapt,850,0.4904,0.99973
head-adapt,851,0.491,0.99977
head-adapt,852,0.4838,0.99924
head-adapt,853,0.4976,0.99998
head-adapt,854,0.4976,0.99998
head-adapt,855,0.5012,1.0
head-adapt,856,0.4964,0.99996
head-adapt,857,0.5198,0.99887
head-adapt,858,0.5186,0.999
head-adapt,859,0.5364,0.99617
head-adapt,860,0.5404,0.99529
head-adapt,861,0.512,0.99958
head-adapt,862,0.4916,0.9998
head-adapt,863,0.4942,0.9999
head-adapt,864,0.5234,0.99842
head-adapt,865,0.4886,0.99962
head-adapt,866,0.5102,0.9997
head-adapt,867,0.5088,0.99978
head-adapt,868,0.5466,0.99373
head-adapt,869,0.4862,0.99945
head-adapt,870,0.5184,0.99902
head-adapt,871,0.5098,0.99972
head-adapt,872,0.5184,0.99902
head-adapt,873,0.4968,0.99997
head-adapt,874,0.4848,0.99933
head-adapt,875,0.5222,0.99858
head-adapt,876,0.5054,0.99992
head-adapt,877,0.495,0.99993
head-adapt,878,0.4762,0.99836
head-adapt,879,0.488,0.99958
head-adapt,880,0.4918,0.99981
head-adapt,881,0.5262,0.99802
head-adapt,882,0.494,0.9999
head-adapt,883,0.4602,0.99542
head-adapt,884,0.496,0.99995
head-adapt,885,0.4928,0.99985
head-adapt,886,0.49,0.99971
head-adapt,887,0.4542,0.99394
head-adapt,888,0.4982,0.99999
head-adapt,889,0.536,0.99626
head-adapt,890,0.4864,0.99947
head-adapt,891,0.4922,0.99982
head-adapt,892,0.4944,0.99991
head-adapt,893,0.5102,0.9997
head-adapt,894,0.4924,0.99983
head-adapt,895,0.5098,0.99972
head-adapt,896,0.511,0.99965
head-adapt,897,0.5038,0.99996
head-adapt,898,0.5296,0.99747
head-adapt,899,0.5218,0.99863
head-adapt,900,0.4558,0.99436
head-adapt,901,0.5496,0.99289
head-adapt,902,0.4766,0.99842
head-adapt,903,0.5168,0.99919
head-adapt,904,0.5124,0.99956
head-adapt,905,0.5084,0.9998
head-adapt,906,0.501,1.0
head-adapt,907,0.444,0.99093
head-adapt,908,0.4744,0.99811
head-adapt,909,0.5084,0.9998
head-adapt,910,0.5438,0.99446
head-adapt,911,0.4742,0.99808
head-adapt,912,0.4964,0.99996
head-adapt,913,0.5318,0.99708
head-adapt,914,0.4694,0.9973
head-adapt,915,0.4544,0.99399
head-adapt,916,0.4882,0.9996
head-adapt,917,0.5006,1.0
head-adapt,918,0.5,1.0
head-adapt,919,0.5058,0.9999
head-adapt,920,0.4696,0.99733
head-adapt,921,0.4952,0.99993
head-adapt,922,0.4894,0.99968
head-adapt,923,0.4614,0.9957
head-adapt,924,0.4936,0.99988
head-adapt,925,0.5282,0.9977
head-adapt,926,0.4906,0.99975
head-adapt,927,0.4892,0.99966
head-adapt,928,0.4872,0.99953
head-adapt,929,0.5202,0.99882
head-adapt,930,0.4858,0.99942
head-adapt,931,0.511,0.99965
head-adapt,932,0.5216,0.99865
head-adapt,933,0.5116,0.99961
head-adapt,934,0.521,0.99873
head-adapt,935,0.4864,0.99947
head-adapt,936,0.4768,0.99845
head-adapt,937,0.4652,0.9965
head-adapt,938,0.533,0.99686
head-adapt,939,0.4884,0.99961
head-adapt,940,0.4766,0.99842
head-adapt,941,0.5136,0.99947
head-adapt,942,0.5276,0.9978
head-adapt,943,0.527,0.9979
head-adapt,944,0.4636,0.99617
head-adapt,945,0.5122,0.99957
head-adapt,946,0.547,0.99362
head-adapt,947,0.4594,0.99524
head-adapt,948,0.4762,0.99836
head-adapt,949,0.5122,0.99957
head-adapt,950,0.4974,0.99998
head-adapt,951,0.4952,0.99993
head-adapt,952,0.5284,0.99767
head-adapt,953,0.4726,0.99783
head-adapt,954,0.4982,0.99999
head-adapt,955,0.4888,0.99964
head-adapt,956,0.5382,0.99579
head-adapt,957,0.5046,0.99994
head-adapt,958,0.5084,0.9998
head-adapt,959,0.5326,0.99693
head-adapt,960,0.469,0.99723
head-adapt,961,0.5176,0.99911
head-adapt,962,0.503,0.99997
head-adapt,963,0.5254,0.99814
head-adapt,964,0.5274,0.99783
head-adapt,965,0.5478,0.9934
head-adapt,966,0.4808,0.99894
head-adapt,967,0.505,0.99993
head-adapt,968,0.5276,0.9978
head-adapt,969,0.4788,0.9987
head-adapt,970,0.4816,0.99902
head-adapt,971,0.486,0.99943
head-adapt,972,0.516,0.99926
head-adapt,973,0.5008,1.0
head-adapt,974,0.5422,0.99486
head-adapt,975,0.478,0.9986
head-adapt,976,0.533,0.99686
head-adapt,977,0.4932,0.99987
head-adapt,978,0.5028,0.99998
head-adapt,979,0.4978,0.99999
head-adapt,980,0.4596,0.99529
head-adapt,981,0.4928,0.99985
head-adapt,982,0.5074,0.99984
head-adapt,983,0.4982,0.99999
head-adapt,984,0.5264,0.99799
head-adapt,985,0.4368,0.98844
head-adapt,986,0.5172,0.99915
head-adapt,987,0.4932,0.99987
head-adapt,988,0.5086,0.99979
head-adapt,989,0.5308,0.99726
head-adapt,990,0.5416,0.995
head-adapt,991,0.467,0.99686
head-adapt,992,0.504,0.99995
head-adapt,993,0.5086,0.99979
head-adapt,994,0.5014,0.99999
head-adapt,995,0.5596,0.98973
head-adapt,996,0.4958,0.99995
head-adapt,997,0.5158,0.99928
head-adapt,998,0.4816,0.99902
head-adapt,999,0.5112,0.99964
head-adapt,1000,0.519,0.99896
head-adapt,1001,0.4844,0.9993
head-adapt,1002,0.5246,0.99825
head-adapt,1003,0.478,0.9986
head-adapt,1004,0.4882,0.9996
head-adapt,1005,0.5202,0.99882
head-adapt,1006,0.5324,0.99697
head-adapt,1007,0.482,0.99906
head-adapt,1008,0.4726,0.99783
head-adapt,1009,0.5016,0.99999
head-adapt,1010,0.4884,0.99961
head-adapt,1011,0.5228,0.9985
head-adapt,1012,0.5176,0.99911
head-adapt,1013,0.4538,0.99383
head-adapt,1014,0.4798,0.99882
head-adapt,1015,0.498,0.99999
head-adapt,1016,0.5324,0.99697
head-adapt,1017,0.5042,0.99995
head-adapt,1018,0.4916,0.9998
head-adapt,1019,0.5268,0.99793
head-adapt,1020,0.5044,0.99994
head-adapt,1021,0.4308,0.98614
head-adapt,1022,0.4948,0.99992
head-adapt,1023,0.493,0.99986
