path,qidx,success,caplen,pair_cosine,pair_hamming,mean_absz
ceiling,398,0,9,0.0826,404.0,0.02482
ceiling,3833,1,10,0.1509,208.0,0.02481
ceiling,4836,1,8,0.1712,221.0,0.02466
ceiling,4572,1,10,0.175,232.0,0.02509
ceiling,636,0,9,0.1188,276.0,0.02521
ceiling,2545,1,11,0.136,116.0,0.0247
ceiling,1161,1,9,0.1249,234.0,0.02472
ceiling,2230,0,9,0.1761,353.0,0.02471
ceiling,148,1,11,0.1147,231.0,0.02472
ceiling,2530,1,12,0.1184,254.0,0.02528
ceiling,4070,1,15,0.2731,216.0,0.02505
ceiling,1261,1,12,0.1497,242.0,0.0248
ceiling,4682,1,8,0.1423,182.0,0.02482
ceiling,333,1,10,0.1567,241.0,0.02507
ceiling,906,1,11,0.1278,246.0,0.02494
ceiling,3170,1,11,0.1843,216.0,0.02499
ceiling,483,0,11,0.0901,299.0,0.02473
ceiling,2825,1,8,0.1248,231.0,0.02496
ceiling,1778,1,11,0.2,199.0,0.02505
ceiling,2466,1,12,0.14,170.0,0.0252
ceiling,159,1,9,0.1309,176.0,0.0248
ceiling,1563,1,9,0.1347,252.0,0.02523
ceiling,402,1,10,0.1196,272.0,0.0249
ceiling,4258,1,14,0.168,219.0,0.02484
ceiling,4775,1,9,0.1534,293.0,0.02523
ceiling,1095,0,10,0.1635,336.0,0.0252
ceiling,3054,1,14,0.2053,204.0,0.02494
ceiling,4268,1,9,0.1458,212.0,0.0253
ceiling,3711,1,20,0.1996,181.0,0.02464
ceiling,453,1,8,0.1657,224.0,0.02487
ceiling,4085,1,9,0.1863,155.0,0.02513
ceiling,3861,1,9,0.1648,188.0,0.0249
ceiling,4390,1,9,0.1899,172.0,0.02508
ceiling,1902,0,11,0.1044,307.0,0.02483
ceiling,2412,1,8,0.1463,142.0,0.02486
ceiling,1362,1,10,0.1748,179.0,0.02508
ceiling,3777,1,14,0.1366,168.0,0.02503
ceiling,3589,0,9,0.1513,283.0,0.02496
ceiling,3897,1,8,0.1373,190.0,0.0248
ceiling,3411,0,10,0.0699,416.0,0.02534
ceiling,3635,1,12,0.1751,163.0,0.0253
ceiling,2550,1,11,0.1856,156.0,0.0248
ceiling,4643,0,12,0.1045,297.0,0.02501
ceiling,1571,0,9,0.1289,229.0,0.02536
ceiling,608,1,8,0.2102,175.0,0.02489
ceiling,2172,1,8,0.1548,256.0,0.02485
ceiling,675,0,9,0.0922,316.0,0.0248
ceiling,4175,1,10,0.1606,260.0,0.02486
ceiling,376,1,9,0.1358,309.0,0.02535
ceiling,3009,1,8,0.1476,242.0,0.02523
ceiling,3901,0,11,0.1021,344.0,0.02501
ceiling,3740,1,9,0.1715,181.0,0.02488
ceiling,134,1,9,0.125,263.0,0.02526
ceiling,1654,1,9,0.1557,182.0,0.02509
ceiling,1875,1,8,0.2377,201.0,0.02484
ceiling,4344,1,11,0.2288,243.0,0.02553
ceiling,533,1,12,0.1403,284.0,0.02487
ceiling,4763,0,13,0.1522,288.0,0.02507
ceiling,2219,1,12,0.144,182.0,0.02493
ceiling,2876,1,12,0.1029,220.0,0.02495
ceiling,2111,0,12,0.1075,312.0,0.02497
ceiling,933,0,11,0.134,309.0,0.02498
ceiling,2636,0,11,0.1376,279.0,0.02529
ceiling,3048,1,9,0.1282,204.0,0.02512
ceiling,4394,0,9,0.122,261.0,0.02508
ceiling,464,1,10,0.1274,169.0,0.02507
ceiling,2048,0,11,0.0502,415.0,0.02488
ceiling,2796,1,15,0.1049,244.0,0.02534
ceiling,4523,1,10,0.2012,197.0,0.02494
ceiling,2036,0,11,0.1248,310.0,0.02494
ceiling,381,1,11,0.1939,273.0,0.0247
ceiling,3936,1,13,0.1967,197.0,0.02514
ceiling,862,1,9,0.1813,182.0,0.02514
ceiling,3696,1,10,0.1717,181.0,0.02496
ceiling,567,1,16,0.1417,262.0,0.02512
ceiling,1281,1,15,0.1644,221.0,0.02495
ceiling,1002,1,10,0.1755,206.0,0.02488
ceiling,138,1,9,0.1367,205.0,0.02509
ceiling,3625,1,9,0.1494,230.0,0.02455
ceiling,3222,1,10,0.1583,206.0,0.0249
ceiling,2886,1,9,0.1828,178.0,0.02514
ceiling,308,1,12,0.1894,237.0,0.02504
ceiling,3528,0,9,0.1589,244.0,0.02521
ceiling,304,0,9,0.097,384.0,0.02516
ceiling,1270,1,10,0.2265,185.0,0.02501
ceiling,817,1,12,0.1614,214.0,0.02466
ceiling,1098,1,8,0.1349,213.0,0.02478
ceiling,1329,1,9,0.1615,229.0,0.02493
ceiling,1965,1,12,0.1947,212.0,0.02498
ceiling,3583,1,11,0.1578,214.0,0.0249
ceiling,3014,1,10,0.1692,164.0,0.02505
ceiling,690,1,9,0.1228,287.0,0.02481
ceiling,4178,1,10,0.1649,179.0,0.02512
ceiling,502,1,11,0.1423,152.0,0.02498
ceiling,291,1,11,0.0665,248.0,0.0251
ceiling,2929,0,13,0.0884,340.0,0.02498
ceiling,2814,1,11,0.1834,143.0,0.02533
ceiling,4214,1,8,0.1359,222.0,0.02504
ceiling,2831,0,8,0.1114,227.0,0.0247
ceiling,1139,1,11,0.1346,178.0,0.02516
ceiling,949,1,10,0.1489,256.0,0.02511
ceiling,1379,0,11,0.1525,272.0,0.02493
ceiling,4787,1,9,0.133,231.0,0.02455
ceiling,4102,1,9,0.1347,247.0,0.02487
ceiling,891,1,10,0.1203,238.0,0.02498
ceiling,3774,1,10,0.1793,197.0,0.02507
ceiling,3682,1,13,0.1719,210.0,0.02515
ceiling,1526,1,9,0.219,269.0,0.02527
ceiling,4185,1,8,0.1637,210.0,0.02506
ceiling,1835,1,12,0.1426,232.0,0.02529
ceiling,113,1,11,0.1471,206.0,0.02481
ceiling,4257,1,12,0.1689,206.0,0.02506
ceiling,3594,1,13,0.172,192.0,0.02515
ceiling,1465,1,10,0.1807,124.0,0.02491
ceiling,1450,0,10,0.1215,218.0,0.02491
ceiling,2513,1,10,0.1742,203.0,0.0249
ceiling,4284,1,11,0.1697,218.0,0.02484
ceiling,3812,1,8,0.1129,217.0,0.0248
ceiling,4371,1,11,0.1838,178.0,0.02501
ceiling,2587,1,10,0.1282,223.0,0.02482
ceiling,2027,1,11,0.1338,236.0,0.02491
ceiling,4315,1,8,0.119,245.0,0.02493
ceiling,1470,1,11,0.2173,194.0,0.02475
ceiling,4348,1,9,0.2179,165.0,0.02456
ceiling,4544,1,9,0.1379,213.0,0.02508
ceiling,3846,1,10,0.1554,221.0,0.02503
ceiling,214,1,9,0.1427,217.0,0.02505
ceiling,2465,1,9,0.1313,193.0,0.02533
ceiling,4834,1,10,0.1482,199.0,0.02466
ceiling,1351,0,13,0.0741,314.0,0.02474
ceiling,678,1,18,0.2136,157.0,0.02494
ceiling,4863,1,11,0.1155,216.0,0.02511
ceiling,3052,0,13,0.1214,306.0,0.02528
ceiling,939,1,11,0.1334,217.0,0.02496
ceiling,520,1,15,0.1835,236.0,0.02439
ceiling,3650,1,17,0.151,214.0,0.02506
ceiling,1974,0,9,0.1422,242.0,0.02478
ceiling,4467,1,9,0.1578,131.0,0.02499
ceiling,2154,1,10,0.1764,154.0,0.02488
ceiling,3288,1,9,0.1664,252.0,0.02482
ceiling,2216,0,8,0.1526,246.0,0.02496
ceiling,142,1,10,0.1301,291.0,0.02512
ceiling,3488,1,9,0.1713,200.0,0.02498
ceiling,4130,0,10,-0.0085,381.0,0.02508
ceiling,2329,1,10,0.1253,321.0,0.02492
ceiling,1702,1,9,0.1072,216.0,0.02509
ceiling,4120,1,11,0.1294,185.0,0.02491
ceiling,3733,0,11,0.1258,292.0,0.02488
ceiling,3865,0,8,0.0874,303.0,0.02458
ceiling,3443,1,9,0.1515,141.0,0.0252
ceiling,405,1,12,0.1413,199.0,0.02525
ceiling,3655,1,13,0.0613,303.0,0.025
ceiling,4169,1,13,0.1558,182.0,0.02474
ceiling,4150,1,10,0.1446,279.0,0.02509
ceiling,298,1,8,0.1919,217.0,0.02509
ceiling,735,1,11,0.1287,272.0,0.02467
ceiling,4672,0,11,0.1141,247.0,0.02459
ceiling,2370,1,12,0.096,159.0,0.02497
ceiling,42,0,13,0.1086,326.0,0.0252
ceiling,4244,0,12,0.0806,327.0,0.02514
ceiling,624,1,9,0.149,218.0,0.02446
ceiling,4583,1,9,0.1351,210.0,0.02504
ceiling,3595,0,8,0.1438,290.0,0.02468
ceiling,666,1,12,0.1962,297.0,0.02495
ceiling,1793,1,11,0.2248,177.0,0.02493
ceiling,3001,0,11,0.106,302.0,0.02445
ceiling,4995,1,8,0.1226,174.0,0.02487
ceiling,4612,1,9,0.1291,282.0,0.02524
ceiling,4445,1,12,0.1335,199.0,0.02519
ceiling,1109,1,10,0.1003,241.0,0.0249
ceiling,2247,1,8,0.1369,206.0,0.02505
ceiling,4248,1,14,0.1387,203.0,0.02493
ceiling,4137,1,12,0.1661,234.0,0.02486
ceiling,562,1,10,0.1378,199.0,0.02468
ceiling,2452,1,10,0.1263,231.0,0.0248
ceiling,2707,1,10,0.0798,193.0,0.02511
ceiling,3830,1,11,0.1684,176.0,0.02507
ceiling,2782,1,9,0.0977,306.0,0.02464
ceiling,4170,0,10,0.1451,303.0,0.02512
ceiling,1680,1,11,0.1914,208.0,0.02516
ceiling,1122,1,12,0.1468,250.0,0.0248
ceiling,49,1,11,0.1561,262.0,0.02469
ceiling,1091,1,10,0.1434,170.0,0.02476
ceiling,137,1,9,0.1011,294.0,0.02512
ceiling,3098,1,11,0.1443,184.0,0.02496
ceiling,302,1,11,0.1084,245.0,0.02523
ceiling,3362,1,14,0.1406,226.0,0.02504
ceiling,12,1,9,0.1678,201.0,0.02486
ceiling,4540,1,8,0.1292,269.0,0.025
ceiling,2631,1,9,0.1513,220.0,0.02511
ceiling,4098,1,10,0.1762,247.0,0.02471
ceiling,4694,1,11,0.1342,235.0,0.02473
ceiling,130,1,12,0.1746,147.0,0.02508
ceiling,1141,1,10,0.1218,313.0,0.0251
ceiling,30,0,8,0.1051,371.0,0.02485
ceiling,2776,1,8,0.1532,203.0,0.02518
ceiling,4506,1,13,0.1608,181.0,0.02515
ceiling,1803,1,12,0.1738,268.0,0.0254
ceiling,4363,1,9,0.0859,275.0,0.02511
ceiling,977,1,12,0.1415,204.0,0.02517
ceiling,871,1,12,0.2045,242.0,0.02526
ceiling,3794,1,11,0.1959,222.0,0.02515
ceiling,3270,1,11,0.1411,215.0,0.02509
ceiling,202,1,11,0.1673,157.0,0.02507
ceiling,2038,1,10,0.1339,222.0,0.0247
ceiling,575,1,10,0.1478,274.0,0.02473
ceiling,4030,1,11,0.1303,217.0,0.02468
ceiling,2445,1,9,0.1562,183.0,0.02455
ceiling,3801,1,7,0.1414,253.0,0.02495
ceiling,1511,1,10,0.1384,239.0,0.02523
ceiling,3554,1,8,0.1055,277.0,0.02511
ceiling,2951,1,10,0.0993,165.0,0.02473
ceiling,2864,1,10,0.1377,283.0,0.02556
ceiling,3881,1,9,0.1938,163.0,0.02489
ceiling,704,1,12,0.0978,241.0,0.0246
ceiling,4463,1,10,0.1899,186.0,0.02478
ceiling,125,1,8,0.1556,170.0,0.02506
ceiling,3580,1,10,0.2122,248.0,0.02479
ceiling,2378,1,13,0.1692,174.0,0.02483
ceiling,154,1,12,0.1266,210.0,0.02493
ceiling,4837,1,13,0.1476,203.0,0.02488
ceiling,3380,0,14,0.14,281.0,0.0253
ceiling,2030,1,10,0.1514,188.0,0.02495
ceiling,3464,1,9,0.2252,315.0,0.0251
ceiling,601,0,13,0.1501,296.0,0.02487
ceiling,1237,0,9,0.0938,291.0,0.02487
ceiling,3348,0,9,0.1013,263.0,0.02534
ceiling,98,0,9,0.0601,349.0,0.02533
ceiling,3993,1,8,0.1479,203.0,0.02488
ceiling,1490,0,8,0.1412,252.0,0.02505
ceiling,3577,1,9,0.1428,203.0,0.02476
ceiling,39,1,10,0.1065,311.0,0.02509
ceiling,3416,1,11,0.2124,220.0,0.02476
ceiling,1741,0,11,0.1021,341.0,0.02473
ceiling,4872,0,9,0.0732,322.0,0.02488
ceiling,348,1,8,0.1401,268.0,0.02471
ceiling,2531,0,12,0.089,291.0,0.02521
ceiling,72,1,10,0.1053,255.0,0.0252
ceiling,867,1,9,0.1344,232.0,0.02539
ceiling,812,1,10,0.1725,206.0,0.02463
ceiling,4345,1,10,0.1718,233.0,0.02514
ceiling,3664,1,14,0.1604,155.0,0.02494
ceiling,4323,1,18,0.1769,234.0,0.02463
ceiling,1185,1,9,0.1608,178.0,0.02455
ceiling,4843,1,12,0.1452,226.0,0.02452
ceiling,3201,1,10,0.1578,183.0,0.02478
ceiling,3507,0,10,0.0912,296.0,0.02501
ceiling,1670,1,15,0.1553,223.0,0.02486
ceiling,4468,1,9,0.0612,240.0,0.02525
ceiling,1343,1,11,0.2137,208.0,0.02469
ceiling,491,1,10,0.1446,221.0,0.0249
ceiling,495,1,11,0.206,176.0,0.0247
ceiling,2091,1,8,0.1425,262.0,0.02474
ceiling,3779,1,10,0.1162,190.0,0.02497
ceiling,3239,1,11,0.1906,160.0,0.02503
ceiling,3575,1,9,0.1704,163.0,0.02505
ceiling,3539,1,9,0.1252,209.0,0.02483
ceiling,2816,1,14,0.1363,306.0,0.02508
ceiling,4847,0,8,0.1231,367.0,0.02497
ceiling,2616,1,11,0.1633,253.0,0.02524
ceiling,3606,1,9,0.1505,241.0,0.0249
ceiling,4171,1,15,0.2115,245.0,0.02481
ceiling,1658,0,8,0.1064,343.0,0.02518
ceiling,1772,1,10,0.2263,189.0,0.02515
ceiling,4580,1,10,0.1627,217.0,0.02493
ceiling,1852,1,10,0.1344,151.0,0.02454
ceiling,499,1,9,0.14,229.0,0.02522
ceiling,1544,1,9,0.1241,210.0,0.02474
ceiling,4452,1,10,0.1312,223.0,0.02474
ceiling,849,1,10,0.1555,194.0,0.02483
ceiling,2807,1,9,0.0684,265.0,0.02482
ceiling,2686,0,10,0.1187,289.0,0.02466
ceiling,4328,1,10,0.1299,224.0,0.02493
ceiling,2640,0,10,0.1097,286.0,0.02494
ceiling,3634,1,12,0.2342,175.0,0.02479
ceiling,2118,1,13,0.118,292.0,0.02521
ceiling,716,0,9,0.0687,376.0,0.02493
ceiling,158,1,11,0.1093,205.0,0.02517
ceiling,4166,0,10,0.1293,216.0,0.02497
ceiling,1005,0,10,0.1563,291.0,0.02494
ceiling,124,1,8,0.1485,203.0,0.02492
ceiling,4204,0,16,0.1401,307.0,0.02533
ceiling,4121,0,8,0.0714,324.0,0.02501
ceiling,3177,1,9,0.1605,191.0,0.02457
ceiling,2232,1,10,0.1806,182.0,0.02496
ceiling,2939,1,9,0.1686,280.0,0.02525
ceiling,530,1,11,0.1938,233.0,0.02525
ceiling,776,1,11,0.1518,283.0,0.02502
ceiling,4391,1,8,0.1195,225.0,0.02485
ceiling,2239,1,10,0.153,178.0,0.02452
ceiling,3453,1,8,0.1238,208.0,0.02501
ceiling,2815,0,9,0.1353,329.0,0.025
ceiling,3217,1,10,0.1275,247.0,0.02496
ceiling,918,0,9,0.1119,199.0,0.02509
ceiling,1328,1,10,0.2028,278.0,0.02502
ceiling,446,1,8,0.1301,226.0,0.02487
ceiling,4953,1,8,0.1535,242.0,0.02501
ceiling,1377,1,10,0.1649,205.0,0.02497
ceiling,3899,1,10,0.1857,159.0,0.02525
ceiling,1259,1,12,0.2109,208.0,0.02494
ceiling,4844,1,11,0.1487,217.0,0.02516
ceiling,3743,1,9,0.2047,203.0,0.02515
ceiling,842,1,12,0.198,244.0,0.02458
ceiling,3866,1,10,0.1707,198.0,0.02527
ceiling,3731,0,10,0.1036,361.0,0.02487
ceiling,241,1,11,0.1517,232.0,0.02518
ceiling,2839,1,9,0.1451,233.0,0.02487
ceiling,2985,1,10,0.1352,218.0,0.02508
ceiling,4979,1,9,0.1986,145.0,0.02518
ceiling,771,1,11,0.1839,188.0,0.02504
ceiling,3824,0,11,0.0527,245.0,0.02509
ceiling,3876,1,11,0.1411,206.0,0.02531
ceiling,1011,1,9,0.1828,183.0,0.02533
ceiling,843,1,8,0.1532,174.0,0.02473
ceiling,4700,1,8,0.1101,214.0,0.02531
ceiling,1545,1,12,0.1548,161.0,0.02513
ceiling,192,1,11,0.1009,245.0,0.02508
ceiling,3735,1,10,0.1602,231.0,0.02514
ceiling,2872,1,11,0.1069,199.0,0.02522
ceiling,1338,0,9,0.1448,235.0,0.02537
ceiling,3343,1,16,0.098,296.0,0.02538
ceiling,2517,1,10,0.1391,229.0,0.02517
ceiling,3689,1,12,0.1353,275.0,0.02538
ceiling,3354,1,10,0.218,233.0,0.02511
ceiling,380,0,11,0.0948,288.0,0.02507
ceiling,29,1,12,0.1283,217.0,0.02516
ceiling,4243,0,8,0.1399,280.0,0.02487
ceiling,3672,1,10,0.1797,177.0,0.02483
ceiling,3771,1,11,0.1513,216.0,0.02487
ceiling,1051,1,8,0.1407,253.0,0.02529
ceiling,534,1,11,0.1163,215.0,0.02469
ceiling,1267,1,12,0.1566,200.0,0.0252
ceiling,3274,1,9,0.1111,300.0,0.02496
ceiling,4533,1,11,0.2012,180.0,0.0253
ceiling,3503,0,12,0.0977,311.0,0.02475
ceiling,4510,1,11,0.1776,150.0,0.02462
ceiling,2947,1,10,0.1534,173.0,0.0248
ceiling,1116,0,15,0.0958,366.0,0.02518
ceiling,1969,1,11,0.1262,148.0,0.02474
ceiling,4283,1,9,0.0639,294.0,0.02496
ceiling,3307,1,12,0.1804,188.0,0.02505
ceiling,4617,1,9,0.1905,211.0,0.025
ceiling,3923,0,8,0.0876,357.0,0.02513
ceiling,4522,0,8,0.1468,359.0,0.02484
ceiling,2658,1,10,0.1784,244.0,0.02479
ceiling,1115,1,8,0.1884,236.0,0.02455
ceiling,3892,1,14,0.1706,208.0,0.02526
ceiling,2731,1,9,0.138,231.0,0.02486
ceiling,1949,1,9,0.1742,258.0,0.02506
ceiling,4529,1,12,0.1317,231.0,0.02481
ceiling,4961,1,15,0.1765,210.0,0.02479
ceiling,3970,1,9,0.1398,225.0,0.02504
ceiling,1765,0,10,0.118,307.0,0.02498
ceiling,347,1,11,0.1729,204.0,0.02526
ceiling,4613,0,8,0.0721,415.0,0.02499
ceiling,3188,1,9,0.1162,341.0,0.02488
ceiling,2590,1,12,0.1448,226.0,0.0249
ceiling,3845,1,12,0.2033,178.0,0.02476
ceiling,4441,1,11,0.1537,195.0,0.02494
ceiling,1419,0,11,0.1163,261.0,0.02498
ceiling,1800,0,10,0.1243,284.0,0.02516
ceiling,1399,1,8,0.1499,181.0,0.02491
ceiling,1705,1,11,0.1088,271.0,0.02485
ceiling,661,1,9,0.1509,261.0,0.02458
ceiling,1977,1,8,0.0506,267.0,0.02507
ceiling,4982,1,13,0.1978,159.0,0.02512
ceiling,4379,1,11,0.2384,188.0,0.02486
ceiling,4594,1,8,0.1422,259.0,0.02477
ceiling,1428,0,9,0.1098,252.0,0.02455
ceiling,4727,1,9,0.1508,257.0,0.02459
ceiling,4932,1,9,0.1399,197.0,0.02544
ceiling,1620,1,10,0.1554,169.0,0.02491
ceiling,3859,0,9,0.0925,266.0,0.02529
ceiling,2417,1,9,0.1299,254.0,0.02483
ceiling,942,1,8,0.1709,237.0,0.0249
ceiling,4610,1,11,0.1331,268.0,0.02487
ceiling,3152,1,8,0.1756,183.0,0.02501
ceiling,2087,1,11,0.1337,170.0,0.02494
ceiling,2166,0,9,0.0967,288.0,0.02486
ceiling,3089,1,9,0.1145,225.0,0.02473
ceiling,489,1,22,0.1801,272.0,0.02475
ceiling,4963,1,9,0.1337,234.0,0.025
ceiling,1839,1,8,0.2009,197.0,0.02476
ceiling,4602,1,8,0.1339,239.0,0.02469
ceiling,4581,1,12,0.1861,144.0,0.02523
ceiling,3317,1,12,0.164,227.0,0.02503
ceiling,2519,0,9,0.1116,252.0,0.02487
ceiling,4074,1,10,0.1818,184.0,0.02479
ceiling,1114,0,9,0.1368,275.0,0.02487
ceiling,2744,1,9,0.1593,163.0,0.0249
ceiling,349,1,13,0.1261,187.0,0.02437
ceiling,4287,0,10,0.1277,316.0,0.02455
ceiling,1991,1,10,0.1693,189.0,0.02473
ceiling,3342,1,12,0.2303,209.0,0.02498
ceiling,3141,1,9,0.1167,225.0,0.02498
ceiling,1012,1,9,0.1815,170.0,0.02477
ceiling,352,1,8,0.1483,185.0,0.02489
ceiling,896,1,10,0.2045,164.0,0.02483
ceiling,799,1,11,0.2382,175.0,0.0247
ceiling,2455,1,10,0.1617,238.0,0.02502
ceiling,4474,1,12,0.1874,230.0,0.02496
ceiling,2788,1,8,0.1707,201.0,0.02504
ceiling,1957,1,11,0.1097,272.0,0.02496
ceiling,2473,1,10,0.1196,202.0,0.02506
ceiling,639,1,12,0.1511,148.0,0.02482
ceiling,1487,1,8,0.1749,230.0,0.02503
ceiling,3161,1,10,0.0848,280.0,0.02477
ceiling,2812,0,11,0.1301,324.0,0.02473
ceiling,2592,0,11,0.1078,271.0,0.02484
ceiling,3566,1,15,0.1852,180.0,0.02533
ceiling,1082,1,10,0.1496,240.0,0.02514
ceiling,4256,1,8,0.1955,141.0,0.02482
ceiling,2383,1,8,0.1261,170.0,0.02491
ceiling,531,1,12,0.1655,245.0,0.0249
ceiling,541,0,9,0.1349,307.0,0.02528
ceiling,4902,0,10,0.1439,240.0,0.02515
ceiling,825,1,9,0.1921,221.0,0.0251
ceiling,3088,1,13,0.1212,252.0,0.02553
ceiling,4413,1,9,0.131,221.0,0.02482
ceiling,1738,1,9,0.1434,209.0,0.02453
ceiling,2701,0,8,0.1252,257.0,0.02509
ceiling,314,1,11,0.1679,220.0,0.0251
ceiling,4830,1,11,0.1431,228.0,0.02494
ceiling,2848,1,11,0.1618,238.0,0.02544
ceiling,2214,0,9,0.1188,253.0,0.02524
ceiling,1387,1,9,0.2015,185.0,0.02477
ceiling,2201,1,11,0.2252,192.0,0.02536
ceiling,2630,1,9,0.1672,223.0,0.02514
ceiling,3326,0,8,0.1185,326.0,0.02479
ceiling,1366,1,10,0.1243,209.0,0.02488
ceiling,2049,1,11,0.1758,170.0,0.02492
ceiling,394,1,11,0.1538,187.0,0.02491
ceiling,4667,0,9,0.1232,257.0,0.0251
ceiling,3315,1,9,0.1479,175.0,0.02499
ceiling,2315,1,10,0.1065,243.0,0.02513
ceiling,2311,0,9,0.1123,244.0,0.02455
ceiling,2849,1,11,0.1563,194.0,0.0252
ceiling,3233,1,11,0.1344,220.0,0.02491
ceiling,1367,0,9,0.0567,277.0,0.02502
ceiling,1246,1,12,0.135,213.0,0.02499
ceiling,3608,1,9,0.161,182.0,0.02512
ceiling,4429,0,10,0.1036,248.0,0.02501
ceiling,2177,1,11,0.1511,191.0,0.02501
ceiling,4398,1,9,0.1343,242.0,0.02493
ceiling,4173,0,12,0.1471,304.0,0.02484
ceiling,4954,1,11,0.1246,227.0,0.02465
ceiling,1934,0,10,0.0528,501.0,0.0251
ceiling,4409,1,14,0.1141,214.0,0.02506
ceiling,2070,1,13,0.1815,222.0,0.02504
ceiling,727,1,8,0.1272,273.0,0.02498
ceiling,2379,1,9,0.1918,179.0,0.02484
ceiling,2075,1,12,0.0796,253.0,0.02519
ceiling,3199,0,8,0.1381,346.0,0.02484
ceiling,3864,1,10,0.159,171.0,0.02452
ceiling,487,1,11,0.1184,193.0,0.02478
ceiling,4624,0,9,0.0968,308.0,0.02491
ceiling,780,0,8,0.0993,259.0,0.02506
ceiling,3891,1,12,0.1634,264.0,0.02486
ceiling,3341,1,8,0.1337,183.0,0.02539
ceiling,3563,0,8,0.1521,299.0,0.02467
ceiling,3228,1,9,0.1322,227.0,0.02484
ceiling,218,1,11,0.153,192.0,0.02494
ceiling,4912,1,11,0.1413,247.0,0.02498
ceiling,44,1,10,0.18,197.0,0.02466
ceiling,683,1,8,0.1156,251.0,0.02535
ceiling,311,1,8,0.1733,186.0,0.02468
ceiling,3438,1,10,0.279,223.0,0.02509
ceiling,2840,1,11,0.1474,241.0,0.02459
ceiling,2182,1,9,0.1716,184.0,0.0251
ceiling,3425,1,14,0.152,172.0,0.02541
ceiling,31,1,8,0.2069,182.0,0.02515
ceiling,1418,1,9,0.1621,197.0,0.02519
ceiling,1749,1,10,0.1885,186.0,0.02473
ceiling,1108,1,11,0.205,200.0,0.02504
ceiling,3839,1,12,0.1982,159.0,0.02494
ceiling,1567,1,11,0.1731,245.0,0.02527
ceiling,4590,1,13,0.1179,231.0,0.02483
ceiling,1022,1,10,0.1622,224.0,0.02529
ceiling,2263,1,9,0.1791,182.0,0.02523
ceiling,452,0,9,0.0824,355.0,0.02457
ceiling,4899,1,8,0.1258,252.0,0.02495
ceiling,2611,1,8,0.1331,259.0,0.02484
ceiling,282,1,9,0.1935,274.0,0.02506
ceiling,651,0,11,0.0849,329.0,0.02524
ceiling,4046,1,9,0.0819,242.0,0.0251
ceiling,1326,1,10,0.1117,224.0,0.02519
ceiling,1176,1,9,0.1277,224.0,0.02457
ceiling,2500,1,8,0.1536,228.0,0.02513
ceiling,582,1,11,0.1824,140.0,0.0248
ceiling,2875,1,8,0.1379,191.0,0.02509
ceiling,2982,0,8,0.1147,286.0,0.02459
ceiling,4213,1,17,0.1955,166.0,0.02528
ceiling,4596,1,11,0.2135,217.0,0.02461
ceiling,1393,1,9,0.2471,190.0,0.02483
ceiling,3390,0,9,0.1156,226.0,0.02508
ceiling,1928,1,10,0.193,199.0,0.02479
ceiling,4366,0,8,0.1027,298.0,0.02502
ceiling,3550,1,9,0.1433,268.0,0.02455
ceiling,2189,1,8,0.0827,287.0,0.02459
ceiling,3480,1,10,0.1434,253.0,0.0246
ceiling,3871,1,11,0.1414,207.0,0.02542
ceiling,4299,0,8,0.0767,296.0,0.02507
ceiling,4719,1,8,0.1871,257.0,0.02465
ceiling,3195,1,14,0.1599,269.0,0.02489
ceiling,1922,1,8,0.1618,145.0,0.02488
ceiling,1075,1,14,0.1784,152.0,0.02494
ceiling,751,1,10,0.124,177.0,0.02492
ceiling,463,1,14,0.1425,201.0,0.0249
ceiling,4076,1,9,0.1994,190.0,0.0246
ceiling,725,1,9,0.1311,236.0,0.02499
ceiling,4785,1,11,0.1703,167.0,0.02481
ceiling,2108,1,9,0.1581,123.0,0.02517
ceiling,2164,1,11,0.2154,176.0,0.02483
ceiling,3961,1,10,0.1252,224.0,0.02481
ceiling,2752,1,12,0.1378,286.0,0.02555
ceiling,245,1,10,0.1536,210.0,0.0245
ceiling,1085,1,12,0.1594,238.0,0.02502
ceiling,4731,1,13,0.1428,220.0,0.02493
ceiling,4156,1,9,0.1359,195.0,0.02522
ceiling,2942,1,16,0.1503,268.0,0.02503
ceiling,3103,1,9,0.2092,173.0,0.02506
ceiling,2769,0,9,0.0771,415.0,0.02513
ceiling,4304,1,14,0.2057,190.0,0.02522
ceiling,2838,1,10,0.171,211.0,0.02496
ceiling,4225,1,21,0.1402,294.0,0.02476
ceiling,4347,1,10,0.1552,239.0,0.02496
ceiling,2626,1,8,0.1712,272.0,0.02462
ceiling,1712,0,11,0.0702,336.0,0.02491
ceiling,599,1,9,0.142,248.0,0.02466
ceiling,1014,0,9,0.0611,352.0,0.02457
ceiling,3699,1,8,0.1381,189.0,0.02533
ceiling,500,1,10,0.1091,196.0,0.02523
ceiling,1480,1,9,0.1492,184.0,0.02498
ceiling,3247,0,11,0.1363,274.0,0.02477
ceiling,4711,1,9,0.1424,233.0,0.02471
ceiling,3631,1,11,0.1581,170.0,0.02475
ceiling,578,0,8,0.1122,308.0,0.02509
ceiling,2131,0,8,0.093,285.0,0.02536
ceiling,4928,1,10,0.2094,177.0,0.02475
ceiling,2523,0,14,0.2205,291.0,0.02518
ceiling,3320,1,10,0.1383,255.0,0.02474
ceiling,873,0,8,0.0803,420.0,0.02465
ceiling,556,1,10,0.1762,207.0,0.02474
ceiling,2457,1,9,0.1357,153.0,0.0248
ceiling,2779,0,8,0.1426,265.0,0.02491
ceiling,2667,1,12,0.2023,192.0,0.02507
ceiling,1065,1,10,0.2172,163.0,0.02465
ceiling,470,1,8,0.0959,208.0,0.02503
ceiling,3959,1,9,0.2269,215.0,0.02491
ceiling,2879,1,12,0.1738,273.0,0.0249
ceiling,3889,1,10,0.1494,171.0,0.02497
ceiling,2217,1,14,0.1185,246.0,0.02506
ceiling,1330,1,12,0.1651,151.0,0.02466
ceiling,34,1,12,0.1878,245.0,0.02517
ceiling,4134,1,11,0.2363,224.0,0.02562
ceiling,3196,0,11,0.1087,314.0,0.0249
ceiling,4952,1,10,0.1165,230.0,0.02478
ceiling,895,1,10,0.1625,192.0,0.0251
ceiling,4942,1,14,0.1679,169.0,0.02496
ceiling,2959,0,9,0.1551,302.0,0.02467
ceiling,2400,1,10,0.1815,186.0,0.02524
ceiling,1160,1,9,0.1156,255.0,0.0246
ceiling,3435,0,9,0.0874,293.0,0.025
ceiling,2553,1,10,0.2019,146.0,0.02522
ceiling,4500,1,11,0.1544,191.0,0.0252
ceiling,104,1,9,0.1509,202.0,0.0248
ceiling,3712,1,10,0.1541,244.0,0.02497
ceiling,3151,0,10,0.0951,310.0,0.02503
ceiling,2808,1,13,0.1482,314.0,0.02498
ceiling,4911,0,9,0.1118,299.0,0.0246
ceiling,1358,1,11,0.1804,146.0,0.02526
ceiling,1921,1,8,0.1628,239.0,0.02492
ceiling,3925,1,8,0.1698,200.0,0.02497
ceiling,2394,1,8,0.1665,224.0,0.02533
ceiling,2926,1,11,0.1658,241.0,0.02525
ceiling,1531,1,11,0.151,206.0,0.02454
ceiling,634,1,10,0.11,211.0,0.02536
ceiling,3303,1,10,0.1531,256.0,0.02517
ceiling,95,1,9,0.1662,232.0,0.02498
ceiling,4586,1,10,0.1859,226.0,0.02532
ceiling,1119,1,10,0.1702,203.0,0.02458
ceiling,4929,0,15,0.1014,337.0,0.02486
ceiling,1223,1,17,0.1955,218.0,0.02514
ceiling,2527,1,11,0.1172,230.0,0.02489
ceiling,1491,1,11,0.1474,191.0,0.02493
ceiling,883,1,9,0.0849,262.0,0.0251
ceiling,2664,1,12,0.1358,190.0,0.02533
ceiling,415,0,9,0.1017,298.0,0.02471
ceiling,4080,1,9,0.1778,148.0,0.02519
ceiling,2625,1,8,0.1755,241.0,0.02491
ceiling,3814,1,9,0.088,296.0,0.02501
ceiling,224,1,10,0.1424,234.0,0.02503
ceiling,2992,0,12,0.1295,252.0,0.02507
ceiling,1586,1,12,0.1467,225.0,0.02519
ceiling,1783,1,11,0.2263,160.0,0.02509
ceiling,3673,0,11,0.0433,492.0,0.02526
ceiling,3174,1,12,0.1834,168.0,0.02482
ceiling,3281,1,10,0.1356,222.0,0.02499
ceiling,2533,1,13,0.1621,179.0,0.02458
ceiling,2716,0,14,0.0961,319.0,0.02474
ceiling,2062,1,15,0.129,238.0,0.02477
ceiling,2494,0,9,0.1136,302.0,0.02476
ceiling,3253,0,8,0.122,261.0,0.02483
ceiling,3129,1,10,0.1734,219.0,0.02549
ceiling,965,1,10,0.1976,247.0,0.02549
ceiling,269,0,8,0.1323,292.0,0.02466
ceiling,861,1,10,0.1049,308.0,0.0248
ceiling,3624,1,9,0.2033,159.0,0.02495
ceiling,3932,1,11,0.1087,199.0,0.02484
ceiling,2332,1,13,0.1757,165.0,0.02484
ceiling,507,1,12,0.1672,179.0,0.02471
ceiling,1912,1,19,0.1949,175.0,0.02513
ceiling,4251,1,11,0.2034,179.0,0.02485
ceiling,2284,1,17,0.1999,179.0,0.02512
ceiling,117,1,9,0.1831,229.0,0.02478
ceiling,1349,1,9,0.136,249.0,0.02486
ceiling,1551,1,13,0.1347,296.0,0.02507
ceiling,2013,1,11,0.1481,203.0,0.02471
ceiling,3872,1,8,0.1211,202.0,0.02501
ceiling,170,1,10,0.1203,270.0,0.02508
ceiling,383,1,10,0.1685,221.0,0.02478
ceiling,2703,1,11,0.1757,192.0,0.02502
ceiling,4577,1,10,0.1574,263.0,0.02492
ceiling,1894,1,11,0.1238,303.0,0.02485
ceiling,773,1,10,0.1456,238.0,0.02501
ceiling,4235,1,13,0.1627,226.0,0.02491
ceiling,3994,0,10,0.1458,318.0,0.02514
ceiling,4104,0,8,0.1114,299.0,0.0248
ceiling,4295,0,9,0.1134,259.0,0.02529
ceiling,4094,0,10,0.1278,313.0,0.02502
ceiling,2350,1,22,0.229,267.0,0.02493
ceiling,2364,1,11,0.1276,318.0,0.025
ceiling,3021,1,13,0.1613,241.0,0.02546
ceiling,2702,0,11,0.1016,250.0,0.02522
ceiling,4146,1,10,0.2122,224.0,0.02508
ceiling,1666,1,10,0.137,222.0,0.02505
ceiling,3654,0,12,0.1073,276.0,0.02501
ceiling,1946,1,10,0.1896,213.0,0.02502
ceiling,1675,1,14,0.2059,217.0,0.02486
ceiling,962,1,9,0.1323,221.0,0.02546
ceiling,4012,1,9,0.1285,189.0,0.02518
ceiling,1319,1,17,0.18,242.0,0.02491
ceiling,619,1,8,0.0923,223.0,0.02511
ceiling,1906,1,12,0.2005,198.0,0.02501
ceiling,872,0,9,0.029,307.0,0.02487
ceiling,223,1,9,0.1453,204.0,0.02513
ceiling,3010,1,10,0.1768,209.0,0.02508
ceiling,2944,1,9,0.1595,218.0,0.02504
ceiling,1525,1,11,0.0913,235.0,0.02489
ceiling,584,1,8,0.1877,154.0,0.02512
ceiling,2727,1,8,0.1268,262.0,0.02458
ceiling,4160,1,8,0.1624,197.0,0.02512
ceiling,866,1,12,0.2225,241.0,0.02515
ceiling,4674,0,8,0.1184,242.0,0.02488
ceiling,496,1,8,0.1516,244.0,0.02505
ceiling,831,1,11,0.1265,305.0,0.02463
ceiling,2149,1,9,0.1402,216.0,0.02518
ceiling,189,1,9,0.1913,173.0,0.02484
ceiling,173,1,8,0.233,197.0,0.02483
ceiling,4976,1,12,0.152,212.0,0.02468
ceiling,4367,1,8,0.1567,238.0,0.02524
ceiling,2762,1,14,0.1568,239.0,0.02506
ceiling,4458,1,9,0.1978,203.0,0.0251
ceiling,2104,1,9,0.155,185.0,0.02484
ceiling,3318,1,14,0.1259,286.0,0.02488
ceiling,1787,1,9,0.209,220.0,0.02512
ceiling,3414,1,10,0.1672,192.0,0.02519
ceiling,2470,0,11,0.1063,268.0,0.02521
ceiling,4346,1,8,0.1819,210.0,0.02497
ceiling,4568,1,10,0.1133,218.0,0.02474
ceiling,3002,1,8,0.1764,215.0,0.02499
ceiling,4239,1,9,0.1233,238.0,0.02499
ceiling,1995,1,9,0.1914,169.0,0.02475
ceiling,628,1,13,0.2029,222.0,0.02496
ceiling,4562,0,10,0.1011,276.0,0.0249
ceiling,410,0,10,0.1237,259.0,0.02506
ceiling,1710,1,9,0.1821,210.0,0.02543
ceiling,2854,0,12,0.0925,407.0,0.02485
ceiling,1916,1,10,0.1233,179.0,0.02526
ceiling,1475,1,11,0.1625,223.0,0.02472
ceiling,2612,1,9,0.1235,242.0,0.02463
ceiling,3061,1,10,0.1776,167.0,0.02537
ceiling,1997,1,10,0.1588,223.0,0.02479
ceiling,1309,1,11,0.1459,169.0,0.02475
ceiling,3976,1,12,0.1411,277.0,0.02488
ceiling,2980,1,9,0.1349,184.0,0.02456
ceiling,2692,1,10,0.1727,148.0,0.02529
ceiling,4208,1,16,0.186,219.0,0.02518
ceiling,1371,1,10,0.151,253.0,0.02504
ceiling,1522,1,14,0.1725,189.0,0.02503
ceiling,4062,1,12,0.1389,232.0,0.02472
ceiling,3450,0,8,0.0817,296.0,0.0254
ceiling,4783,1,13,0.2297,198.0,0.02485
ceiling,1652,1,16,0.1243,232.0,0.02531
ceiling,220,1,8,0.1096,243.0,0.02467
ceiling,2382,1,8,0.1763,137.0,0.02524
ceiling,2758,1,9,0.0848,225.0,0.02541
ceiling,2655,1,8,0.1579,201.0,0.0249
ceiling,1625,1,11,0.2128,210.0,0.02481
ceiling,3562,0,8,0.1363,304.0,0.02509
ceiling,1564,1,14,0.1554,190.0,0.0251
ceiling,2781,1,11,0.1453,172.0,0.02464
ceiling,1879,0,10,0.131,240.0,0.02494
ceiling,4815,1,8,0.1786,241.0,0.02468
ceiling,2924,1,10,0.1812,301.0,0.02475
ceiling,3535,1,9,0.1682,173.0,0.02515
ceiling,3776,1,11,0.1443,282.0,0.02499
ceiling,3600,1,10,0.1622,191.0,0.02508
ceiling,4885,0,13,0.1498,283.0,0.02453
ceiling,1824,1,12,0.1691,284.0,0.02502
ceiling,1423,1,8,0.0965,343.0,0.02484
ceiling,33,1,9,0.1091,153.0,0.02509
ceiling,2819,1,12,0.1228,143.0,0.0252
ceiling,379,1,9,0.1789,201.0,0.02496
ceiling,517,1,9,0.1993,169.0,0.02514
ceiling,864,0,9,0.039,384.0,0.02528
ceiling,1001,1,12,0.193,219.0,0.02524
ceiling,3621,1,10,0.129,240.0,0.02509
ceiling,481,1,10,0.1639,199.0,0.02509
ceiling,3739,1,10,0.234,163.0,0.02505
ceiling,3640,1,11,0.1314,278.0,0.02552
ceiling,1087,1,12,0.1405,235.0,0.02479
ceiling,1042,1,10,0.2104,247.0,0.02503
ceiling,3428,1,9,0.1587,228.0,0.02517
ceiling,4286,0,10,0.1006,346.0,0.02514
ceiling,4563,1,9,0.1381,185.0,0.02459
ceiling,162,1,9,0.1252,254.0,0.02499
ceiling,2907,1,8,0.11,192.0,0.02477
ceiling,2909,1,12,0.1596,225.0,0.02501
ceiling,3807,1,12,0.1721,184.0,0.02498
ceiling,45,1,12,0.1498,273.0,0.02437
ceiling,731,1,10,0.1331,227.0,0.0253
ceiling,2459,0,9,0.1269,251.0,0.02511
ceiling,4817,0,12,0.0481,406.0,0.025
ceiling,4546,1,12,0.1493,177.0,0.0249
ceiling,3506,0,10,0.1354,266.0,0.02486
ceiling,2768,1,9,0.1159,254.0,0.02505
ceiling,2601,1,8,0.1458,221.0,0.02455
ceiling,1986,1,14,0.1462,207.0,0.025
ceiling,4592,1,10,0.1959,215.0,0.0252
ceiling,1299,1,7,0.1629,208.0,0.02496
ceiling,2347,1,8,0.1662,237.0,0.02484
ceiling,2678,1,11,0.1494,213.0,0.02495
ceiling,3173,1,10,0.1188,206.0,0.02495
ceiling,2714,1,15,0.1304,255.0,0.02492
ceiling,3684,1,11,0.1649,215.0,0.02503
ceiling,3213,1,12,0.194,178.0,0.02529
ceiling,1669,0,10,0.1365,259.0,0.0251
ceiling,2644,0,9,0.162,258.0,0.02516
ceiling,4202,1,9,0.1635,301.0,0.02527
ceiling,3620,1,10,0.135,334.0,0.02513
ceiling,2794,1,12,0.1472,279.0,0.02514
ceiling,2994,1,12,0.1831,197.0,0.025
ceiling,2231,1,9,0.1184,255.0,0.0248
ceiling,548,1,8,0.1904,172.0,0.02501
ceiling,2617,1,8,0.098,248.0,0.02505
ceiling,1495,0,8,0.0966,273.0,0.02478
ceiling,1084,1,9,0.1362,216.0,0.02493
ceiling,2672,1,11,0.1283,252.0,0.02492
ceiling,1203,1,9,0.1186,163.0,0.02513
ceiling,3169,1,12,0.1493,225.0,0.02505
ceiling,3651,1,12,0.0891,208.0,0.02507
ceiling,976,1,12,0.2327,220.0,0.0244
ceiling,4718,0,8,0.1311,287.0,0.02504
ceiling,2365,1,9,0.1288,211.0,0.02466
ceiling,1752,1,9,0.1615,152.0,0.02481
ceiling,4427,0,12,0.1454,271.0,0.02471
ceiling,629,1,10,0.1655,173.0,0.02482
ceiling,1774,1,15,0.1739,226.0,0.02476
ceiling,4582,1,12,0.2327,162.0,0.0251
ceiling,4007,1,10,0.118,296.0,0.02504
ceiling,2228,1,11,0.1384,226.0,0.02496
ceiling,2372,1,9,0.1291,307.0,0.02444
ceiling,1411,1,10,0.104,195.0,0.02536
ceiling,3426,1,11,0.1332,269.0,0.02488
ceiling,1754,1,8,0.1495,202.0,0.0249
ceiling,910,1,9,0.195,165.0,0.02475
ceiling,3023,0,9,0.0765,344.0,0.02496
ceiling,4656,1,10,0.1787,214.0,0.02509
ceiling,3135,1,12,0.1621,284.0,0.02514
ceiling,1437,1,9,0.1493,154.0,0.02511
ceiling,4471,1,8,0.1682,253.0,0.02457
ceiling,3758,1,13,0.1758,158.0,0.02511
ceiling,4356,1,10,0.1616,141.0,0.02494
ceiling,3360,1,10,0.1703,229.0,0.02497
ceiling,1239,1,10,0.165,234.0,0.02485
ceiling,3803,1,9,0.1586,240.0,0.0253
ceiling,538,1,20,0.1842,222.0,0.02481
ceiling,2620,0,10,0.1567,275.0,0.02474
ceiling,613,1,12,0.19,193.0,0.02465
ceiling,2889,0,13,0.0624,342.0,0.02469
ceiling,3206,1,14,0.1238,285.0,0.0249
ceiling,4828,1,15,0.1467,264.0,0.02492
ceiling,1519,1,11,0.1693,171.0,0.02486
ceiling,543,1,11,0.1469,210.0,0.02456
ceiling,4531,1,16,0.1834,192.0,0.02498
ceiling,3035,1,10,0.0684,247.0,0.02519
ceiling,1590,0,13,0.0336,369.0,0.0253
ceiling,1250,1,10,0.1153,263.0,0.02527
ceiling,1643,1,7,0.1553,244.0,0.02516
ceiling,4738,0,10,0.0577,331.0,0.02545
ceiling,1180,1,15,0.1526,259.0,0.02483
ceiling,991,1,9,0.1865,207.0,0.02489
ceiling,806,0,9,0.1053,322.0,0.02467
ceiling,4576,1,19,0.111,260.0,0.02521
ceiling,2803,1,11,0.1746,227.0,0.02525
ceiling,4806,1,15,0.1615,183.0,0.02531
ceiling,3312,1,10,0.0666,193.0,0.02524
ceiling,1003,1,9,0.1856,288.0,0.02511
ceiling,882,0,9,0.1187,319.0,0.02499
ceiling,2974,1,10,0.1162,184.0,0.02489
ceiling,1951,0,10,0.1166,257.0,0.02521
ceiling,2493,1,12,0.1234,209.0,0.02472
ceiling,4634,1,8,0.1227,201.0,0.02515
ceiling,668,1,10,0.1627,159.0,0.02496
ceiling,1043,1,11,0.2067,165.0,0.02528
ceiling,4499,1,13,0.1757,188.0,0.02515
ceiling,2358,1,10,0.1583,160.0,0.02492
ceiling,4481,1,9,0.2062,227.0,0.02465
ceiling,2946,1,13,0.177,232.0,0.02505
ceiling,2730,1,13,0.1773,225.0,0.02509
ceiling,4478,1,10,0.1965,178.0,0.02496
ceiling,2778,1,13,0.1207,276.0,0.02492
ceiling,4003,1,9,0.1595,236.0,0.02468
ceiling,3230,1,10,0.1721,159.0,0.02512
ceiling,3710,1,10,0.116,248.0,0.02475
ceiling,4113,0,11,0.0929,387.0,0.02519
ceiling,2682,1,9,0.1829,207.0,0.02535
ceiling,4096,1,10,0.1973,212.0,0.02493
ceiling,135,0,10,0.1023,245.0,0.02493
ceiling,4933,0,8,0.0935,302.0,0.02488
ceiling,526,1,8,0.1593,255.0,0.0251
ceiling,2255,1,12,0.196,202.0,0.02493
ceiling,1657,1,17,0.1514,190.0,0.02503
ceiling,979,0,10,0.0686,327.0,0.02484
ceiling,641,0,8,0.1473,284.0,0.02493
ceiling,2102,1,10,0.1754,179.0,0.02498
ceiling,3985,1,11,0.121,257.0,0.02494
ceiling,1892,0,10,0.1232,384.0,0.02482
ceiling,2764,0,11,0.1524,291.0,0.025
ceiling,2565,1,13,0.1959,167.0,0.02492
ceiling,4334,1,17,0.1649,213.0,0.02484
ceiling,2600,1,8,0.1713,198.0,0.02457
ceiling,1521,1,11,0.1501,217.0,0.02469
ceiling,3847,0,8,0.0859,334.0,0.02517
ceiling,1507,1,11,0.1503,209.0,0.02514
ceiling,4002,1,8,0.1449,280.0,0.02535
ceiling,4918,1,10,0.1357,211.0,0.02533
ceiling,1431,1,7,0.1423,215.0,0.02469
ceiling,2510,1,9,0.1961,205.0,0.02496
ceiling,4475,0,8,0.1281,393.0,0.02497
ceiling,1831,1,8,0.1835,207.0,0.02478
ceiling,4569,1,10,0.1276,213.0,0.02473
ceiling,70,1,12,0.1612,221.0,0.02496
ceiling,1224,1,9,0.0706,268.0,0.02502
ceiling,728,1,13,0.1705,250.0,0.02515
ceiling,3046,1,9,0.1143,245.0,0.02459
ceiling,1530,1,8,0.1611,201.0,0.02468
ceiling,3906,1,10,0.1852,165.0,0.02492
ceiling,2726,1,12,0.1538,217.0,0.02512
ceiling,2605,1,9,0.1567,261.0,0.02506
ceiling,472,1,9,0.1438,231.0,0.02485
ceiling,4644,0,14,0.1467,281.0,0.02493
ceiling,660,1,15,0.2465,207.0,0.02496
ceiling,57,1,9,0.1256,236.0,0.02501
ceiling,2034,1,11,0.2086,226.0,0.02531
ceiling,1412,1,11,0.1298,239.0,0.02501
ceiling,4217,1,11,0.1601,205.0,0.0246
ceiling,246,1,9,0.1064,246.0,0.0255
ceiling,3184,1,10,0.2319,192.0,0.0249
ceiling,1789,1,11,0.2047,213.0,0.02503
ceiling,3166,1,9,0.1559,216.0,0.02491
ceiling,1275,0,8,0.12,345.0,0.02468
ceiling,1478,1,8,0.1125,250.0,0.02496
ceiling,271,1,13,0.1892,164.0,0.02521
ceiling,898,1,10,0.0892,246.0,0.02507
ceiling,3357,1,12,0.1453,217.0,0.02509
ceiling,2293,1,11,0.1447,224.0,0.02514
ceiling,294,1,11,0.178,235.0,0.02457
ceiling,4095,1,12,0.183,163.0,0.02517
ceiling,3548,1,14,0.1581,208.0,0.02547
ceiling,4642,1,8,0.1191,265.0,0.02452
ceiling,4938,1,8,0.2157,161.0,0.02503
ceiling,2923,0,10,0.1241,439.0,0.02491
ceiling,195,1,11,0.1861,217.0,0.02492
ceiling,514,1,10,0.1976,164.0,0.0244
ceiling,3072,1,8,0.1176,226.0,0.02494
ceiling,4559,1,14,0.1677,256.0,0.02522
ceiling,971,1,13,0.0918,193.0,0.02497
ceiling,3429,1,11,0.1243,210.0,0.025
ceiling,1172,1,15,0.172,215.0,0.02549
ceiling,4875,1,16,0.1291,195.0,0.02513
ceiling,406,0,13,0.1155,265.0,0.02483
ceiling,1784,1,9,0.1955,138.0,0.02509
ceiling,32,0,9,0.0943,301.0,0.02485
ceiling,2307,0,10,0.1249,288.0,0.02497
ceiling,854,1,12,0.1813,229.0,0.02476
ceiling,4537,1,9,0.1482,203.0,0.02509
ceiling,4269,1,11,0.194,158.0,0.0253
ceiling,4266,1,10,0.0995,244.0,0.02511
ceiling,2100,0,10,0.1509,305.0,0.02484
ceiling,1695,1,11,0.1479,240.0,0.02484
ceiling,2917,1,9,0.1849,188.0,0.02511
ceiling,3617,1,11,0.1526,242.0,0.02487
ceiling,2088,1,10,0.1245,285.0,0.02531
ceiling,2351,0,9,0.0783,389.0,0.025
ceiling,4008,1,11,0.1643,186.0,0.02488
ceiling,2250,1,8,0.1729,192.0,0.02532
ceiling,2777,1,8,0.1599,197.0,0.02455
ceiling,521,1,17,0.2095,230.0,0.02487
ceiling,4695,1,11,0.1719,232.0,0.02497
ceiling,4520,1,10,0.1652,145.0,0.02526
ceiling,4756,1,10,0.2117,180.0,0.02508
ceiling,378,1,11,0.1707,186.0,0.02495
ceiling,1385,1,9,0.1572,250.0,0.02469
ceiling,4457,1,14,0.1886,240.0,0.02501
ceiling,2905,1,8,0.1478,205.0,0.02511
ceiling,3500,1,10,0.096,170.0,0.02492
ceiling,1389,1,11,0.1824,131.0,0.02516
ceiling,3364,1,14,0.1213,235.0,0.02525
ceiling,9,0,9,0.125,294.0,0.02522
ceiling,1013,1,10,0.1571,163.0,0.0251
ceiling,1499,0,9,0.1084,318.0,0.02534
ceiling,1066,0,11,0.1287,310.0,0.02531
ceiling,3701,1,9,0.0992,214.0,0.02464
ceiling,1569,1,16,0.1874,239.0,0.02492
ceiling,4052,0,8,0.114,314.0,0.02478
ceiling,4302,1,9,0.1013,215.0,0.02518
ceiling,1688,1,11,0.1582,178.0,0.02464
ceiling,3118,1,9,0.1139,246.0,0.02437
ceiling,1461,0,10,0.1077,308.0,0.02504
ceiling,2676,1,10,0.1848,278.0,0.02522
ceiling,253,1,8,0.1349,246.0,0.02485
ceiling,4650,1,18,0.167,220.0,0.02506
ceiling,3700,1,11,0.1905,269.0,0.02525
ceiling,1697,0,9,0.1201,275.0,0.02518
ceiling,1430,1,12,0.1892,175.0,0.02467
ceiling,1870,1,12,0.1352,269.0,0.02516
ceiling,720,0,11,0.0678,345.0,0.02466
ceiling,938,1,10,0.0941,274.0,0.02507
ceiling,122,1,10,0.1435,207.0,0.02456
ceiling,4866,0,10,0.11,316.0,0.02525
ceiling,2483,0,8,0.1321,278.0,0.02527
ceiling,1069,1,10,0.1422,180.0,0.02482
ceiling,829,1,11,0.1701,178.0,0.02494
ceiling,87,1,11,0.1408,233.0,0.02512
ceiling,3934,1,12,0.2107,240.0,0.02517
ceiling,528,0,10,0.1502,325.0,0.02492
ceiling,2809,1,10,0.1645,246.0,0.02484
ceiling,2453,1,8,0.1019,252.0,0.02493
ceiling,2024,1,11,0.1626,217.0,0.02473
ceiling,161,1,11,0.1393,216.0,0.02462
ceiling,4840,1,17,0.1778,215.0,0.02493
ceiling,1248,1,12,0.1859,268.0,0.02506
ceiling,545,1,12,0.1029,252.0,0.02538
ceiling,1596,1,12,0.1305,188.0,0.0249
ceiling,1460,1,14,0.2206,218.0,0.0251
ceiling,3957,1,9,0.1297,296.0,0.02472
ceiling,3240,1,16,0.1165,220.0,0.02455
ceiling,4664,1,10,0.1527,146.0,0.02554
ceiling,263,0,10,0.108,339.0,0.02505
ceiling,2618,1,13,0.1347,214.0,0.02459
ceiling,1853,1,12,0.1953,250.0,0.02511
ceiling,3791,1,9,0.1928,167.0,0.02478
ceiling,878,1,7,0.1296,277.0,0.02512
ceiling,1540,0,8,0.1302,223.0,0.02505
ceiling,1960,0,10,0.1234,287.0,0.02478
ceiling,890,1,9,0.1448,281.0,0.02473
ceiling,852,1,12,0.141,153.0,0.02458
ceiling,4879,1,10,0.1385,236.0,0.02464
ceiling,3848,1,8,0.1412,241.0,0.02479
ceiling,4073,0,7,0.0897,284.0,0.02457
ceiling,1368,1,14,0.1308,161.0,0.02508
ceiling,1414,1,11,0.186,240.0,0.02515
ceiling,847,1,11,0.176,273.0,0.02485
ceiling,1819,0,10,0.1176,241.0,0.02533
ceiling,684,1,10,0.103,268.0,0.02522
ceiling,396,1,11,0.1044,200.0,0.02513
ceiling,2866,1,10,0.214,149.0,0.02485
ceiling,2011,1,13,0.1475,226.0,0.02517
ceiling,3053,1,9,0.151,134.0,0.02497
ceiling,3407,1,12,0.1389,264.0,0.02449
ceiling,401,1,10,0.1649,183.0,0.02489
ceiling,1606,1,8,0.1818,246.0,0.02511
ceiling,1262,0,10,0.1053,263.0,0.02492
ceiling,1529,0,10,0.0895,249.0,0.0254
ceiling,1850,1,9,0.1926,282.0,0.02473
ceiling,2501,0,13,0.1297,286.0,0.02491
ceiling,4638,1,9,0.1634,265.0,0.02512
ceiling,3704,1,11,0.1623,197.0,0.02517
ceiling,559,1,10,0.1361,278.0,0.02527
ceiling,4115,1,10,0.1659,228.0,0.02463
ceiling,2805,1,11,0.19,186.0,0.02453
ceiling,3873,1,13,0.17,177.0,0.02508
ceiling,1391,1,9,0.1857,212.0,0.02542
ceiling,4228,1,9,0.1204,208.0,0.02504
ceiling,2367,0,8,0.1181,262.0,0.025
ceiling,788,1,10,0.15,213.0,0.02529
ceiling,1452,1,10,0.0812,286.0,0.02494
ceiling,3265,1,11,0.1101,311.0,0.02483
ceiling,2913,1,9,0.1553,223.0,0.02478
ceiling,3275,0,10,0.0995,302.0,0.02431
ceiling,775,1,11,0.1661,207.0,0.02468
ceiling,217,0,8,0.1109,281.0,0.02486
ceiling,1245,1,8,0.1554,255.0,0.02492
ceiling,4316,1,11,0.1222,167.0,0.02493
ceiling,4619,1,9,0.1896,198.0,0.02528
ceiling,1363,1,14,0.1868,209.0,0.02512
ceiling,630,1,10,0.1896,237.0,0.02467
ceiling,3572,1,8,0.1603,199.0,0.02507
ceiling,4124,1,12,0.1149,280.0,0.02465
ceiling,4101,1,13,0.1497,266.0,0.02506
ceiling,1881,0,8,0.1553,244.0,0.02513
ceiling,1482,1,9,0.0898,239.0,0.02485
ceiling,156,1,8,0.0983,171.0,0.02503
ceiling,1196,1,12,0.1464,207.0,0.02517
ceiling,2824,0,9,0.131,269.0,0.02494
ceiling,3283,1,12,0.1488,245.0,0.02502
ceiling,3809,1,9,0.0852,277.0,0.02505
ceiling,3908,1,9,0.099,286.0,0.0247
ceiling,2006,0,9,0.1523,274.0,0.02527
ceiling,4740,1,12,0.1128,239.0,0.02496
ceiling,2490,1,10,0.1311,230.0,0.02535
ceiling,4139,1,11,0.148,277.0,0.0247
ceiling,22,1,13,0.1979,150.0,0.02519
ceiling,4196,0,14,0.1524,305.0,0.02493
ceiling,4054,1,9,0.1443,193.0,0.02501
ceiling,2799,1,11,0.1265,194.0,0.02516
ceiling,3578,0,10,0.1329,296.0,0.0251
ceiling,4722,1,9,0.2447,207.0,0.02506
ceiling,4372,1,8,0.14,153.0,0.02483
ceiling,3376,1,11,0.1846,139.0,0.02465
ceiling,3662,1,11,0.1027,254.0,0.02453
ceiling,4716,1,8,0.1032,220.0,0.02497
ceiling,3780,1,8,0.1653,222.0,0.02488
ceiling,1715,1,11,0.1694,267.0,0.02523
ceiling,2377,1,8,0.1066,260.0,0.02489
ceiling,3805,1,9,0.1227,255.0,0.02515
ceiling,4993,1,12,0.1351,226.0,0.02517
ceiling,3755,1,8,0.1339,220.0,0.02515
ceiling,1900,1,9,0.1021,212.0,0.02517
ceiling,4881,1,9,0.134,244.0,0.02516
ceiling,2112,1,11,0.2021,208.0,0.02488
ceiling,326,1,8,0.1484,221.0,0.02498
ceiling,252,1,9,0.1529,252.0,0.02507
ceiling,1290,1,10,0.1782,213.0,0.02492
ceiling,3355,1,9,0.1857,222.0,0.02515
ceiling,2137,1,9,0.1035,234.0,0.02469
ceiling,2439,1,11,0.1611,282.0,0.02497
ceiling,4114,0,11,0.1054,299.0,0.02502
ceiling,1448,0,10,0.1321,215.0,0.02483
ceiling,2200,1,18,0.1866,224.0,0.02525
ceiling,167,1,10,0.0781,199.0,0.025
ceiling,1940,0,14,0.1333,343.0,0.02525
ceiling,844,1,9,0.145,220.0,0.02508
ceiling,4172,1,12,0.2428,219.0,0.02528
ceiling,1509,0,10,0.0842,342.0,0.02447
ceiling,2976,1,10,0.0974,236.0,0.02493
ceiling,2829,1,7,0.1011,220.0,0.02503
ceiling,4483,1,10,0.1212,198.0,0.02497
ceiling,888,1,10,0.1792,225.0,0.02522
ceiling,4530,1,10,0.1344,322.0,0.02495
ceiling,4842,1,10,0.1729,207.0,0.0247
ceiling,3565,1,9,0.1421,228.0,0.0248
ceiling,4630,1,8,0.1188,246.0,0.02522
ceiling,2337,1,20,0.1774,166.0,0.02494
ceiling,1708,0,10,0.1228,260.0,0.02527
ceiling,1177,0,9,0.0632,295.0,0.02489
ceiling,4502,1,11,0.1948,172.0,0.02483
ceiling,1958,1,10,0.1783,126.0,0.02479
ceiling,581,1,8,0.1749,124.0,0.02467
ceiling,3144,1,9,0.1929,137.0,0.02534
ceiling,3785,1,8,0.1152,277.0,0.02453
ceiling,3051,1,16,0.1779,216.0,0.02516
ceiling,3707,1,10,0.1996,245.0,0.02477
ceiling,4111,1,9,0.1087,169.0,0.02515
ceiling,2065,0,9,0.1201,284.0,0.02524
ceiling,1996,1,9,0.1622,171.0,0.02511
ceiling,4654,1,8,0.1002,281.0,0.02492
ceiling,4203,0,14,0.1323,299.0,0.02464
ceiling,2755,1,10,0.1246,280.0,0.02507
ceiling,2719,1,12,0.1558,140.0,0.02518
ceiling,2069,1,10,0.1352,188.0,0.02474
ceiling,4916,1,10,0.1566,203.0,0.02539
ceiling,2619,0,9,0.1013,307.0,0.02502
ceiling,3518,1,12,0.1002,200.0,0.02506
ceiling,980,1,8,0.1623,163.0,0.02472
ceiling,2606,1,11,0.2233,206.0,0.02504
ceiling,2491,1,9,0.1209,244.0,0.0248
ceiling,1533,1,13,0.1294,210.0,0.02467
ceiling,3697,1,15,0.1945,211.0,0.02498
ceiling,3920,1,10,0.1505,227.0,0.02499
ceiling,3099,0,10,0.098,276.0,0.02542
ceiling,2991,1,9,0.1829,144.0,0.0249
ceiling,2285,1,9,0.1593,289.0,0.02539
ceiling,4628,1,8,0.141,312.0,0.02531
ceiling,1891,1,11,0.1753,207.0,0.02485
ceiling,1814,1,11,0.1545,213.0,0.02512
ceiling,230,1,17,0.1885,236.0,0.02486
ceiling,4709,1,8,0.2027,220.0,0.02472
ceiling,283,1,8,0.1761,203.0,0.02481
ceiling,1696,0,11,0.1492,230.0,0.02502
ceiling,2915,1,12,0.2015,193.0,0.02459
ceiling,2666,1,10,0.157,210.0,0.0245
ceiling,3484,1,10,0.1794,147.0,0.02504
ceiling,4018,1,12,0.1921,192.0,0.02491
ceiling,4743,0,12,0.0852,373.0,0.025
ceiling,4200,1,8,0.1668,218.0,0.02476
ceiling,3659,1,8,0.1292,209.0,0.02514
ceiling,4083,1,10,0.098,238.0,0.02469
ceiling,3245,1,8,0.15,191.0,0.02474
ceiling,2212,1,15,0.1339,219.0,0.02521
ceiling,4223,1,12,0.1885,197.0,0.02517
ceiling,88,1,13,0.1435,172.0,0.02503
ceiling,4388,1,14,0.1674,218.0,0.02505
ceiling,2303,1,8,0.1078,239.0,0.02484
ceiling,1380,0,10,0.1333,354.0,0.02499
ceiling,1556,0,8,0.1586,273.0,0.02515
ceiling,4277,1,9,0.1609,211.0,0.02501
ceiling,648,1,10,0.1797,183.0,0.02468
ceiling,1632,1,8,0.1664,216.0,0.02448
ceiling,1298,1,13,0.216,211.0,0.02484
ceiling,995,1,8,0.2001,274.0,0.02486
ceiling,1420,0,9,0.0333,417.0,0.02502
ceiling,3570,1,8,0.1248,272.0,0.02494
ceiling,4925,0,12,0.1009,300.0,0.02503
ceiling,1118,1,15,0.2438,155.0,0.02488
ceiling,2983,1,9,0.1034,279.0,0.02504
ceiling,2224,0,11,0.1451,322.0,0.02478
ceiling,3761,1,11,0.0951,256.0,0.02541
ceiling,3576,0,10,0.1045,380.0,0.02463
ceiling,667,0,8,0.0584,339.0,0.02472
ceiling,1706,1,9,0.1771,244.0,0.02466
ceiling,4300,1,11,0.1732,201.0,0.02456
ceiling,1829,1,13,0.1606,263.0,0.02487
ceiling,3680,1,9,0.1157,223.0,0.02475
ceiling,1272,1,11,0.1652,213.0,0.02517
ceiling,2407,1,11,0.1208,248.0,0.02497
ceiling,2647,1,9,0.1575,254.0,0.02465
ceiling,4960,1,10,0.1123,242.0,0.02517
ceiling,2196,1,19,0.1472,163.0,0.02532
ceiling,900,0,10,0.0763,302.0,0.02517
ceiling,1979,0,8,0.1477,260.0,0.02481
ceiling,3194,1,10,0.2479,192.0,0.02471
ceiling,4016,0,12,0.0972,303.0,0.0247
ceiling,2615,1,9,0.1639,226.0,0.02443
ceiling,3910,0,11,0.0406,424.0,0.02503
ceiling,1332,0,12,0.1381,271.0,0.02475
ceiling,1505,1,9,0.1446,280.0,0.02504
ceiling,2373,1,13,0.1695,231.0,0.02505
ceiling,1364,1,12,0.133,223.0,0.02489
ceiling,2106,0,11,0.1592,227.0,0.02532
ceiling,1104,1,9,0.1221,200.0,0.02518
ceiling,325,1,13,0.1684,177.0,0.02483
ceiling,345,1,12,0.0658,304.0,0.02498
ceiling,4512,1,8,0.1537,278.0,0.02502
ceiling,1750,0,13,0.1256,358.0,0.025
ceiling,23,1,10,0.1707,195.0,0.02506
ceiling,1,1,12,0.1767,231.0,0.0253
ceiling,2873,1,12,0.1295,222.0,0.02498
ceiling,3493,1,10,0.1504,224.0,0.02545
ceiling,708,0,10,0.0996,268.0,0.02496
ceiling,3350,1,12,0.1478,196.0,0.0247
ceiling,4922,1,10,0.1897,225.0,0.02496
ceiling,4013,1,14,0.0965,299.0,0.02499
ceiling,555,1,11,0.1323,299.0,0.02431
ceiling,1766,1,13,0.1842,188.0,0.02459
ceiling,4692,1,9,0.1277,219.0,0.02452
ceiling,2160,1,11,0.1634,222.0,0.0248
ceiling,4199,1,15,0.1382,232.0,0.02542
ceiling,4159,0,8,0.0773,285.0,0.02509
ceiling,2345,1,11,0.1398,234.0,0.02507
ceiling,4945,1,12,0.2694,162.0,0.02498
ceiling,2044,1,8,0.1823,214.0,0.02511
ceiling,2260,1,10,0.1239,208.0,0.02535
ceiling,1327,1,8,0.2351,182.0,0.0251
ceiling,4761,0,9,0.0368,352.0,0.02465
ceiling,3434,1,10,0.2139,225.0,0.02504
ceiling,982,1,8,0.1474,181.0,0.02485
ceiling,1855,1,13,0.1955,210.0,0.02482
ceiling,4717,1,8,0.1216,215.0,0.02528
ceiling,1410,0,9,0.0655,438.0,0.02481
ceiling,4215,1,12,0.1515,214.0,0.02477
ceiling,4712,1,10,0.0929,341.0,0.02513
ceiling,927,0,8,0.0916,302.0,0.02516
ceiling,3335,1,11,0.1072,239.0,0.02499
ceiling,1790,1,8,0.1825,200.0,0.02536
ceiling,480,1,12,0.1703,262.0,0.02498
ceiling,2954,1,15,0.1823,166.0,0.02524
ceiling,2223,1,10,0.1098,268.0,0.0251
ceiling,803,0,10,0.0536,503.0,0.02516
ceiling,2724,1,10,0.0763,289.0,0.02495
ceiling,536,1,14,0.1844,217.0,0.02529
ceiling,2243,0,25,0.0931,294.0,0.02487
ceiling,3388,1,14,0.1797,179.0,0.02509
ceiling,3025,1,10,0.1955,188.0,0.02477
ceiling,4396,1,14,0.1522,207.0,0.02495
ceiling,4194,1,11,0.1987,213.0,0.02477
ceiling,3473,1,10,0.1244,199.0,0.02494
ceiling,3156,1,14,0.14,216.0,0.02489
ceiling,2447,1,8,0.112,234.0,0.02448
ceiling,2275,1,10,0.0795,220.0,0.02502
ceiling,3491,1,8,0.1081,229.0,0.02473
ceiling,4770,1,8,0.1459,202.0,0.02449
ceiling,4939,1,8,0.1314,176.0,0.02506
ceiling,4349,0,8,0.0784,286.0,0.02501
ceiling,4418,1,12,0.0814,264.0,0.02473
ceiling,1953,1,10,0.1478,206.0,0.02497
ceiling,4748,1,10,0.1023,245.0,0.02522
ceiling,4411,1,15,0.1809,145.0,0.02488
ceiling,638,1,13,0.1447,306.0,0.02484
ceiling,185,1,10,0.2102,225.0,0.02495
ceiling,3381,1,10,0.1899,215.0,0.02462
ceiling,2888,1,10,0.1824,121.0,0.0247
ceiling,680,1,9,0.0787,252.0,0.02523
ceiling,2124,0,9,0.1024,279.0,0.02496
ceiling,4132,1,11,0.2301,195.0,0.02498
ceiling,3432,0,11,0.0787,328.0,0.02451
ceiling,485,0,8,0.1563,290.0,0.02511
ceiling,4955,1,10,0.1307,162.0,0.02479
ceiling,4072,0,10,0.1252,246.0,0.02515
ceiling,1761,1,12,0.1387,213.0,0.02506
ceiling,4802,1,10,0.1644,223.0,0.02489
ceiling,4143,1,13,0.1206,274.0,0.02507
ceiling,1220,1,11,0.134,268.0,0.02513
ceiling,3332,1,9,0.147,145.0,0.02484
ceiling,4118,1,9,0.1648,204.0,0.02522
ceiling,462,1,9,0.1275,249.0,0.02507
ceiling,3162,1,12,0.1338,221.0,0.02494
ceiling,3628,1,8,0.1421,224.0,0.0248
ceiling,4093,0,9,0.0802,370.0,0.02479
ceiling,2140,1,8,0.1518,280.0,0.02513
ceiling,4848,1,10,0.1187,210.0,0.02476
ceiling,3956,1,10,0.1637,228.0,0.02464
ceiling,2188,1,11,0.1593,249.0,0.02518
ceiling,1826,1,15,0.1335,243.0,0.02472
ceiling,553,1,12,0.1268,243.0,0.02507
ceiling,2828,0,9,0.1634,253.0,0.0247
ceiling,4181,1,9,0.1623,205.0,0.02486
ceiling,1767,1,13,0.1902,246.0,0.0257
ceiling,3119,0,15,0.0957,325.0,0.02492
ceiling,3481,1,13,0.1584,172.0,0.02534
ceiling,2487,1,12,0.1956,255.0,0.02498
ceiling,4796,1,9,0.1578,236.0,0.02488
ceiling,286,0,10,0.1184,269.0,0.02512
ceiling,465,1,8,0.1792,233.0,0.02474
ceiling,2670,1,18,0.2473,199.0,0.02524
ceiling,37,0,11,0.1358,323.0,0.02498
ceiling,3081,0,10,0.0924,317.0,0.02512
ceiling,2287,1,8,0.1492,220.0,0.02489
ceiling,4154,0,11,0.0702,464.0,0.02526
ceiling,4820,0,9,0.1251,312.0,0.02492
ceiling,1202,0,9,0.1308,258.0,0.02505
ceiling,3759,1,10,0.1269,239.0,0.02496
ceiling,622,1,15,0.1552,202.0,0.02476
ceiling,4365,1,8,0.1398,219.0,0.02481
ceiling,1457,1,10,0.1301,199.0,0.02507
ceiling,2058,0,10,0.1445,283.0,0.02505
ceiling,2078,1,12,0.1423,206.0,0.02508
ceiling,1536,1,10,0.1735,144.0,0.02488
ceiling,1642,1,13,0.1157,275.0,0.02494
ceiling,2215,1,9,0.1225,221.0,0.02505
ceiling,2863,1,12,0.1755,182.0,0.02511
ceiling,3349,1,9,0.1818,216.0,0.02533
ceiling,3374,1,10,0.1719,220.0,0.02536
ceiling,4689,1,9,0.1177,294.0,0.02482
ceiling,3287,1,7,0.1946,178.0,0.02481
ceiling,3687,1,13,0.1266,262.0,0.02522
ceiling,408,1,12,0.2082,222.0,0.02492
ceiling,4753,1,11,0.2252,134.0,0.02511
ceiling,1376,1,12,0.1495,242.0,0.02477
ceiling,1077,1,7,0.1656,174.0,0.0252
ceiling,1515,1,11,0.1815,186.0,0.02486
ceiling,1926,1,9,0.1781,320.0,0.02489
ceiling,4708,0,9,0.0668,320.0,0.02499
ceiling,2669,1,8,0.1124,239.0,0.02483
ceiling,4598,1,11,0.1768,198.0,0.02491
ceiling,1256,1,17,0.2456,197.0,0.02507
ceiling,429,0,9,0.1092,293.0,0.02506
ceiling,4894,0,8,0.0646,299.0,0.0247
ceiling,3058,1,10,0.1354,326.0,0.02509
ceiling,2033,1,12,0.1463,226.0,0.02471
ceiling,3482,1,9,0.1181,189.0,0.02484
ceiling,2338,1,10,0.135,276.0,0.02475
ceiling,4231,1,11,0.1673,198.0,0.02485
ceiling,1127,1,8,0.1221,242.0,0.02535
ceiling,2962,0,10,0.0458,344.0,0.02511
ceiling,1489,0,10,0.1565,264.0,0.02488
ceiling,2718,1,11,0.1339,229.0,0.02503
ceiling,2953,1,12,0.1602,201.0,0.02523
ceiling,917,1,9,0.1479,220.0,0.02504
ceiling,1432,1,10,0.1828,190.0,0.02479
ceiling,3008,1,11,0.2039,180.0,0.0247
ceiling,2958,1,11,0.1414,231.0,0.02508
ceiling,1163,1,11,0.2006,187.0,0.02499
ceiling,1999,1,9,0.1429,326.0,0.02497
ceiling,4560,1,9,0.1647,307.0,0.02505
ceiling,3983,1,8,0.1507,222.0,0.02508
ceiling,4940,1,14,0.1909,191.0,0.02507
ceiling,85,0,10,0.072,368.0,0.02484
ceiling,4501,1,13,0.2126,174.0,0.02462
ceiling,248,1,8,0.1636,167.0,0.02522
ceiling,519,1,10,0.1206,231.0,0.025
ceiling,2743,1,9,0.1321,233.0,0.02512
ceiling,4065,1,10,0.1654,144.0,0.02499
ceiling,712,1,10,0.1241,230.0,0.02496
ceiling,1277,1,9,0.1697,190.0,0.02498
ceiling,4400,0,11,0.1304,320.0,0.02516
ceiling,1662,1,9,0.1843,205.0,0.02495
ceiling,3637,0,10,0.0996,311.0,0.02513
ceiling,3065,1,11,0.1739,185.0,0.02487
ceiling,809,0,10,0.1072,273.0,0.02513
ceiling,2381,1,12,0.1797,202.0,0.02488
ceiling,3519,1,11,0.1093,178.0,0.02551
ceiling,501,0,9,0.1123,326.0,0.02495
ceiling,3229,1,10,0.0921,275.0,0.02535
ceiling,227,1,12,0.137,163.0,0.02515
ceiling,2125,1,10,0.1893,181.0,0.02516
ceiling,3477,1,11,0.1441,247.0,0.02514
ceiling,3180,1,11,0.2225,188.0,0.02501
ceiling,1068,0,9,0.0953,371.0,0.02535
ceiling,3095,1,11,0.2173,134.0,0.02508
ceiling,1651,1,11,0.2198,162.0,0.02503
ceiling,2736,1,10,0.2144,181.0,0.02517
ceiling,620,0,9,0.1251,336.0,0.02534
ceiling,621,1,8,0.1225,227.0,0.02538
ceiling,4446,0,11,0.1013,276.0,0.02519
ceiling,2012,1,12,0.17,208.0,0.02531
ceiling,3286,1,8,0.137,297.0,0.02487
ceiling,3305,0,10,0.0859,323.0,0.02503
ceiling,4157,1,9,0.2145,202.0,0.02501
ceiling,3319,0,13,0.1245,346.0,0.0253
ceiling,2081,1,12,0.1641,171.0,0.02513
ceiling,748,0,11,0.1572,293.0,0.02527
ceiling,1763,1,12,0.2067,173.0,0.02522
ceiling,4292,1,11,0.0949,237.0,0.02464
ceiling,4547,1,8,0.1412,189.0,0.02486
ceiling,685,1,9,0.1518,277.0,0.02487
ceiling,4240,0,10,0.1495,275.0,0.0251
ceiling,4079,1,9,0.1504,214.0,0.02451
ceiling,221,0,9,0.1474,335.0,0.02515
ceiling,1433,1,11,0.1506,293.0,0.02501
ceiling,203,1,11,0.1746,226.0,0.02534
ceiling,1009,1,12,0.1135,217.0,0.02506
ceiling,36,1,12,0.1645,209.0,0.02517
ceiling,4161,1,9,0.1551,236.0,0.02474
ceiling,4326,1,11,0.1955,203.0,0.02502
ceiling,4313,1,9,0.1274,226.0,0.02491
ceiling,3569,1,14,0.1317,252.0,0.02481
ceiling,3585,1,8,0.1549,166.0,0.02485
ceiling,1992,1,9,0.1798,145.0,0.02522
ceiling,1271,1,10,0.1557,181.0,0.02548
ceiling,1021,1,10,0.1046,241.0,0.02501
ceiling,2397,1,13,0.1752,220.0,0.02488
ceiling,4144,0,8,0.099,325.0,0.02488
ceiling,1726,1,10,0.2108,178.0,0.02484
ceiling,1232,1,11,0.0959,268.0,0.02498
ceiling,4791,1,8,0.1316,138.0,0.02448
ceiling,1474,0,9,0.1144,311.0,0.02523
ceiling,2460,1,10,0.1418,200.0,0.02515
ceiling,576,0,9,0.0462,453.0,0.02511
ceiling,836,1,11,0.1724,245.0,0.02512
ceiling,1722,1,10,0.1889,153.0,0.02518
ceiling,4298,0,9,0.1366,326.0,0.02507
ceiling,3986,1,10,0.185,189.0,0.02507
ceiling,569,1,11,0.166,166.0,0.02501
ceiling,2865,1,14,0.1939,211.0,0.02503
ceiling,2278,1,9,0.164,156.0,0.0253
ceiling,1622,1,13,0.1537,213.0,0.02528
ceiling,182,1,11,0.1797,227.0,0.02502
ceiling,382,1,8,0.124,167.0,0.02535
ceiling,4493,1,9,0.1347,227.0,0.02527
ceiling,3238,0,10,0.0594,456.0,0.02535
ceiling,3804,1,11,0.1729,221.0,0.02494
ceiling,1615,1,9,0.1486,211.0,0.02493
ceiling,4237,1,10,0.1306,297.0,0.02516
ceiling,706,1,8,0.1746,148.0,0.02517
ceiling,1888,1,11,0.1133,239.0,0.02481
ceiling,4686,0,13,0.0991,310.0,0.02482
ceiling,1736,1,10,0.1464,180.0,0.02504
ceiling,206,0,10,0.132,273.0,0.02491
ceiling,1759,1,8,0.1095,196.0,0.02489
ceiling,384,1,9,0.1047,213.0,0.02485
ceiling,2753,1,9,0.1615,243.0,0.02478
ceiling,2134,1,8,0.1433,194.0,0.0251
ceiling,1755,1,14,0.1661,207.0,0.02478
ceiling,4168,1,11,0.2083,175.0,0.02518
ceiling,3311,1,12,0.1215,262.0,0.02506
ceiling,457,1,10,0.1697,198.0,0.02474
ceiling,4036,1,8,0.1581,191.0,0.02518
ceiling,3289,1,8,0.0768,206.0,0.02533
ceiling,3629,1,10,0.1513,233.0,0.02489
ceiling,2306,1,12,0.1622,304.0,0.0251
ceiling,3905,0,10,0.0846,378.0,0.02506
ceiling,2150,1,11,0.2022,185.0,0.02491
ceiling,2016,1,9,0.0739,199.0,0.02494
ceiling,4183,1,10,0.1323,262.0,0.02494
ceiling,663,0,10,0.0737,314.0,0.02495
ceiling,2635,1,8,0.0964,328.0,0.02516
ceiling,3392,0,8,0.1335,242.0,0.02515
ceiling,1547,1,22,0.1921,214.0,0.02474
ceiling,3553,0,12,0.1209,255.0,0.02484
ceiling,2339,1,8,0.1073,214.0,0.02509
ceiling,1692,0,11,0.1364,192.0,0.02496
ceiling,1471,1,15,0.1566,225.0,0.02474
ceiling,768,1,15,0.2058,238.0,0.02477
ceiling,3235,1,9,0.1239,227.0,0.0246
ceiling,3967,1,13,0.2692,209.0,0.02478
ceiling,4209,1,10,0.118,204.0,0.02495
ceiling,2076,1,13,0.2034,247.0,0.02485
ceiling,3371,1,12,0.0927,235.0,0.02489
ceiling,3086,1,11,0.1679,230.0,0.02495
ceiling,1861,1,12,0.1593,245.0,0.02518
ceiling,1813,0,11,0.1467,305.0,0.02504
ceiling,1640,1,9,0.1106,208.0,0.02491
ceiling,4936,1,11,0.1988,292.0,0.02475
ceiling,3561,1,11,0.1671,251.0,0.02492
ceiling,3108,1,11,0.2026,195.0,0.02518
ceiling,4495,1,8,0.1808,252.0,0.02528
ceiling,841,1,9,0.1312,204.0,0.02482
ceiling,4989,1,9,0.1539,191.0,0.02502
ceiling,1815,1,11,0.1421,192.0,0.02523
ceiling,4490,1,10,0.1635,200.0,0.02478
ceiling,3648,1,9,0.1802,197.0,0.02489
ceiling,3517,0,10,0.0976,239.0,0.02534
ceiling,3726,1,9,0.1072,216.0,0.02525
ceiling,3783,1,10,0.1402,211.0,0.02505
ceiling,4659,1,10,0.161,215.0,0.02469
ceiling,857,1,8,0.189,201.0,0.02493
ceiling,2009,1,12,0.1488,210.0,0.02474
ceiling,2795,1,10,0.1563,157.0,0.02481
ceiling,1303,0,10,0.1342,267.0,0.02487
ceiling,925,1,14,0.1546,209.0,0.02495
ceiling,2846,1,9,0.0919,230.0,0.02526
ceiling,1771,0,11,0.0438,329.0,0.02519
ceiling,1742,1,15,0.1242,271.0,0.0245
ceiling,3987,1,13,0.1723,233.0,0.02505
ceiling,2175,0,10,0.1115,286.0,0.02477
ceiling,1422,1,9,0.1319,256.0,0.02472
ceiling,4551,1,11,0.1389,205.0,0.025
ceiling,2585,1,14,0.1385,246.0,0.0252
ceiling,4188,1,12,0.0827,319.0,0.02511
ceiling,4399,1,10,0.1445,187.0,0.0249
ceiling,3082,1,11,0.1124,239.0,0.02523
ceiling,2472,0,8,0.1357,324.0,0.02488
ceiling,3960,1,9,0.1359,255.0,0.02504
ceiling,1497,0,9,0.0763,531.0,0.02481
ceiling,1889,1,9,0.1565,161.0,0.0247
ceiling,1273,0,9,0.1067,306.0,0.02533
ceiling,1288,1,9,0.1802,187.0,0.02501
ceiling,4165,1,12,0.1714,195.0,0.02529
ceiling,1834,0,10,0.1381,258.0,0.02476
ceiling,4440,1,10,0.1831,238.0,0.02525
ceiling,3077,1,10,0.1807,210.0,0.02503
ceiling,3887,1,9,0.1925,221.0,0.02514
ceiling,4744,1,9,0.0993,233.0,0.02502
ceiling,2878,1,9,0.1779,254.0,0.02477
ceiling,4691,1,10,0.0963,191.0,0.02473
ceiling,687,0,8,0.1294,264.0,0.02482
ceiling,1907,0,9,0.1742,287.0,0.02525
ceiling,3226,1,9,0.1694,218.0,0.02495
ceiling,3267,1,12,0.0721,308.0,0.02523
ceiling,3011,1,10,0.2018,205.0,0.02502
ceiling,3996,1,10,0.1435,251.0,0.02504
ceiling,2574,1,11,0.1279,240.0,0.02465
ceiling,2281,1,12,0.1595,231.0,0.02479
ceiling,527,1,8,0.1215,292.0,0.02503
ceiling,3282,1,9,0.1806,198.0,0.02468
ceiling,1230,1,10,0.1487,204.0,0.02521
ceiling,2971,1,11,0.1495,165.0,0.02537
ceiling,4460,0,14,0.1042,247.0,0.02493
ceiling,1867,1,8,0.168,231.0,0.02508
ceiling,2748,0,10,0.1258,228.0,0.0249
ceiling,794,1,10,0.1945,179.0,0.02508
ceiling,2165,1,9,0.1089,209.0,0.02465
ceiling,3489,1,12,0.1406,180.0,0.02477
ceiling,1493,1,14,0.119,284.0,0.02499
ceiling,1982,1,9,0.1094,226.0,0.02494
ceiling,1804,0,10,0.1016,309.0,0.02515
ceiling,4005,0,10,0.0909,287.0,0.02483
ceiling,4179,1,8,0.1012,264.0,0.02471
ceiling,3236,1,10,0.0728,270.0,0.0253
ceiling,2760,1,14,0.1278,234.0,0.02504
ceiling,853,1,10,0.1409,170.0,0.02542
ceiling,787,1,12,0.2112,184.0,0.0251
ceiling,3963,0,12,0.0698,366.0,0.02514
ceiling,4386,0,10,0.0973,400.0,0.02483
ceiling,4609,1,10,0.1642,264.0,0.02486
ceiling,1523,1,14,0.1846,226.0,0.025
ceiling,1718,0,10,0.126,319.0,0.0248
ceiling,2324,1,10,0.1739,155.0,0.0254
ceiling,1324,1,10,0.1034,205.0,0.02479
ceiling,546,1,10,0.1955,166.0,0.02542
ceiling,615,1,11,0.1477,200.0,0.02535
ceiling,369,1,12,0.1661,189.0,0.02501
ceiling,4554,1,9,0.151,234.0,0.02461
ceiling,4807,1,13,0.1267,265.0,0.02503
ceiling,1073,1,9,0.1126,222.0,0.02498
ceiling,2906,1,12,0.1202,202.0,0.02463
ceiling,1357,1,11,0.2371,193.0,0.02519
distillation,398,0,9,0.1054,389.0,0.02481
distillation,3833,1,10,0.1195,261.0,0.02461
distillation,4836,1,8,0.149,229.0,0.0247
distillation,4572,1,10,0.1898,203.0,0.0252
distillation,636,0,9,0.1249,270.0,0.02517
distillation,2545,1,11,0.1627,106.0,0.02476
distillation,1161,1,9,0.1208,215.0,0.025
distillation,2230,0,9,0.1011,324.0,0.02478
distillation,148,0,11,0.0837,263.0,0.02473
distillation,2530,1,12,0.1041,243.0,0.02518
distillation,4070,1,15,0.0665,249.0,0.0249
distillation,1261,0,12,0.1121,291.0,0.0244
distillation,4682,1,8,0.1108,249.0,0.02451
distillation,333,1,10,0.1914,221.0,0.02511
distillation,906,1,11,0.1095,217.0,0.02531
distillation,3170,1,11,0.1754,228.0,0.02477
distillation,483,0,11,0.1144,262.0,0.02462
distillation,2825,0,8,0.1033,275.0,0.0255
distillation,1778,1,11,0.1653,196.0,0.02503
distillation,2466,1,12,0.1147,177.0,0.02517
distillation,159,1,9,0.1182,180.0,0.02475
distillation,1563,1,9,0.1502,240.0,0.02524
distillation,402,1,10,0.0654,237.0,0.02469
distillation,4258,1,14,0.1185,251.0,0.02489
distillation,4775,1,9,0.0725,307.0,0.02533
distillation,1095,0,10,0.0985,323.0,0.02508
distillation,3054,1,14,0.1733,238.0,0.02481
distillation,4268,1,9,0.1447,217.0,0.0253
distillation,3711,1,20,0.167,198.0,0.02498
distillation,453,1,8,0.1579,229.0,0.02521
distillation,4085,1,9,0.1444,201.0,0.02481
distillation,3861,1,9,0.1489,181.0,0.02518
distillation,4390,1,9,0.113,186.0,0.02472
distillation,1902,0,11,0.1035,311.0,0.02482
distillation,2412,1,8,0.1508,160.0,0.02483
distillation,1362,1,10,0.1684,164.0,0.02478
distillation,3777,1,14,0.1493,170.0,0.02498
distillation,3589,0,9,0.1187,312.0,0.02485
distillation,3897,1,8,0.1712,184.0,0.0248
distillation,3411,0,10,0.046,455.0,0.02508
distillation,3635,1,12,0.0626,176.0,0.02546
distillation,2550,1,11,0.1652,196.0,0.02442
distillation,4643,0,12,0.1194,308.0,0.02494
distillation,1571,0,9,0.1301,228.0,0.02543
distillation,608,1,8,0.197,167.0,0.02472
distillation,2172,1,8,0.1371,256.0,0.02485
distillation,675,0,9,0.0954,327.0,0.02483
distillation,4175,1,10,0.1362,265.0,0.02462
distillation,376,0,9,0.114,311.0,0.0251
distillation,3009,1,8,0.055,217.0,0.02511
distillation,3901,0,11,0.0841,333.0,0.02481
distillation,3740,1,9,0.1697,197.0,0.025
distillation,134,1,9,0.1455,285.0,0.02502
distillation,1654,1,9,0.1636,208.0,0.02483
distillation,1875,1,8,0.1198,243.0,0.02486
distillation,4344,1,11,0.1725,261.0,0.02543
distillation,533,0,12,0.064,365.0,0.0248
distillation,4763,0,13,0.1224,308.0,0.02528
distillation,2219,1,12,0.1741,205.0,0.02512
distillation,2876,1,12,0.136,208.0,0.02494
distillation,2111,0,12,0.0963,302.0,0.02528
distillation,933,0,11,0.1259,303.0,0.0249
distillation,2636,0,11,0.1327,245.0,0.02517
distillation,3048,1,9,0.1167,236.0,0.02494
distillation,4394,0,9,0.0528,295.0,0.0249
distillation,464,1,10,0.127,189.0,0.0249
distillation,2048,0,11,0.0333,371.0,0.02474
distillation,2796,0,15,0.1252,245.0,0.02542
distillation,4523,1,10,0.1506,202.0,0.02507
distillation,2036,0,11,0.0901,293.0,0.02506
distillation,381,1,11,0.1746,256.0,0.02477
distillation,3936,1,13,0.13,229.0,0.02489
distillation,862,1,9,0.0758,206.0,0.02505
distillation,3696,1,10,0.089,201.0,0.02509
distillation,567,1,16,0.1099,253.0,0.02491
distillation,1281,1,15,0.1628,215.0,0.02485
distillation,1002,1,10,0.1734,166.0,0.02508
distillation,138,1,9,0.0799,265.0,0.02493
distillation,3625,0,9,0.129,253.0,0.02472
distillation,3222,1,10,0.1581,195.0,0.02501
distillation,2886,1,9,0.1389,177.0,0.02506
distillation,308,1,12,0.1926,233.0,0.02484
distillation,3528,0,9,0.1643,213.0,0.0251
distillation,304,0,9,0.0793,374.0,0.02496
distillation,1270,1,10,0.1718,209.0,0.02486
distillation,817,1,12,0.17,217.0,0.02481
distillation,1098,1,8,0.1433,183.0,0.02469
distillation,1329,1,9,0.0867,235.0,0.02486
distillation,1965,1,12,0.1478,192.0,0.02473
distillation,3583,1,11,0.1554,234.0,0.02488
distillation,3014,1,10,0.1979,186.0,0.02512
distillation,690,0,9,0.0678,320.0,0.02478
distillation,4178,1,10,0.1315,158.0,0.0252
distillation,502,1,11,0.1014,197.0,0.02465
distillation,291,1,11,0.0852,251.0,0.02513
distillation,2929,1,13,0.0869,288.0,0.02493
distillation,2814,1,11,0.143,143.0,0.02523
distillation,4214,1,8,0.143,214.0,0.02516
distillation,2831,0,8,0.1348,245.0,0.02459
distillation,1139,1,11,0.1375,167.0,0.02505
distillation,949,1,10,0.1504,256.0,0.02498
distillation,1379,0,11,0.1731,221.0,0.02516
distillation,4787,0,9,0.1155,264.0,0.02463
distillation,4102,1,9,0.0967,214.0,0.02497
distillation,891,0,10,0.0811,307.0,0.02492
distillation,3774,1,10,0.1589,172.0,0.02482
distillation,3682,1,13,0.112,233.0,0.02496
distillation,1526,1,9,0.1076,298.0,0.02524
distillation,4185,1,8,0.1333,219.0,0.02504
distillation,1835,1,12,0.1678,208.0,0.02526
distillation,113,0,11,0.1307,236.0,0.02471
distillation,4257,1,12,0.1711,243.0,0.02519
distillation,3594,1,13,0.0781,305.0,0.02504
distillation,1465,1,10,0.1811,156.0,0.02494
distillation,1450,1,10,0.1189,218.0,0.0249
distillation,2513,1,10,0.1954,201.0,0.02493
distillation,4284,1,11,0.16,227.0,0.02468
distillation,3812,1,8,0.1176,202.0,0.02508
distillation,4371,1,11,0.1425,168.0,0.02526
distillation,2587,1,10,0.1315,188.0,0.02458
distillation,2027,1,11,0.1442,212.0,0.02503
distillation,4315,1,8,0.1015,217.0,0.02506
distillation,1470,0,11,0.1674,251.0,0.02471
distillation,4348,1,9,0.2044,175.0,0.02459
distillation,4544,1,9,0.0859,257.0,0.02509
distillation,3846,1,10,0.1486,246.0,0.02505
distillation,214,1,9,0.1029,234.0,0.02468
distillation,2465,1,9,0.1098,191.0,0.02521
distillation,4834,1,10,0.1463,180.0,0.02466
distillation,1351,0,13,0.1109,283.0,0.02499
distillation,678,1,18,0.1914,186.0,0.02516
distillation,4863,1,11,0.1002,234.0,0.02495
distillation,3052,0,13,0.0975,301.0,0.02512
distillation,939,1,11,0.1074,250.0,0.02496
distillation,520,1,15,0.1549,223.0,0.02492
distillation,3650,1,17,0.1141,191.0,0.02489
distillation,1974,0,9,0.116,224.0,0.02469
distillation,4467,1,9,0.1412,193.0,0.02478
distillation,2154,1,10,0.1908,143.0,0.02496
distillation,3288,0,9,0.1042,273.0,0.02487
distillation,2216,0,8,0.1245,267.0,0.02494
distillation,142,1,10,0.1299,268.0,0.02507
distillation,3488,1,9,0.1384,237.0,0.02504
distillation,4130,0,10,-0.0278,382.0,0.02525
distillation,2329,0,10,0.1095,343.0,0.02517
distillation,1702,0,9,0.0701,288.0,0.0251
distillation,4120,1,11,0.0791,232.0,0.02484
distillation,3733,0,11,0.1269,309.0,0.02498
distillation,3865,0,8,0.1103,278.0,0.02453
distillation,3443,1,9,0.1599,121.0,0.0251
distillation,405,1,12,0.1309,218.0,0.02512
distillation,3655,1,13,0.0572,295.0,0.02474
distillation,4169,1,13,0.1677,161.0,0.02487
distillation,4150,1,10,0.1231,269.0,0.0252
distillation,298,1,8,0.0868,268.0,0.02478
distillation,735,1,11,0.1197,273.0,0.02457
distillation,4672,0,11,0.1093,253.0,0.02442
distillation,2370,1,12,0.1427,139.0,0.0248
distillation,42,0,13,0.1354,324.0,0.02554
distillation,4244,0,12,0.0266,343.0,0.0248
distillation,624,0,9,0.0853,270.0,0.02407
distillation,4583,0,9,0.0923,283.0,0.02527
distillation,3595,0,8,0.1505,270.0,0.02482
distillation,666,0,12,0.1151,336.0,0.02487
distillation,1793,1,11,0.2042,204.0,0.02493
distillation,3001,0,11,0.102,305.0,0.02432
distillation,4995,1,8,0.1033,204.0,0.02506
distillation,4612,0,9,0.1179,281.0,0.02512
distillation,4445,1,12,0.093,278.0,0.02512
distillation,1109,1,10,0.1087,223.0,0.02458
distillation,2247,1,8,0.1348,199.0,0.02495
distillation,4248,1,14,0.1339,207.0,0.02495
distillation,4137,1,12,0.1299,242.0,0.0246
distillation,562,1,10,0.1107,217.0,0.02482
distillation,2452,1,10,0.0932,253.0,0.02497
distillation,2707,1,10,0.0841,187.0,0.02497
distillation,3830,1,11,0.1698,180.0,0.02512
distillation,2782,1,9,0.1587,269.0,0.02442
distillation,4170,0,10,0.0464,291.0,0.02484
distillation,1680,1,11,0.1431,201.0,0.0252
distillation,1122,1,12,0.1445,237.0,0.0249
distillation,49,0,11,0.11,273.0,0.0243
distillation,1091,1,10,0.1108,192.0,0.02461
distillation,137,1,9,0.1032,295.0,0.02501
distillation,3098,1,11,0.1582,168.0,0.02494
distillation,302,1,11,0.1277,243.0,0.02502
distillation,3362,1,14,0.122,217.0,0.02494
distillation,12,1,9,0.1877,250.0,0.02482
distillation,4540,1,8,0.1021,284.0,0.02513
distillation,2631,1,9,0.1202,246.0,0.02519
distillation,4098,0,10,0.1474,277.0,0.02444
distillation,4694,1,11,0.0615,224.0,0.02449
distillation,130,1,12,0.1368,157.0,0.02514
distillation,1141,1,10,0.0961,277.0,0.02478
distillation,30,0,8,0.0631,404.0,0.025
distillation,2776,1,8,0.1384,226.0,0.02512
distillation,4506,1,13,0.1565,178.0,0.02512
distillation,1803,1,12,0.1688,265.0,0.02525
distillation,4363,0,9,0.0884,256.0,0.02496
distillation,977,1,12,0.1441,193.0,0.02501
distillation,871,0,12,0.0806,326.0,0.02468
distillation,3794,1,11,0.1962,204.0,0.0251
distillation,3270,1,11,0.1367,236.0,0.02521
distillation,202,1,11,0.0872,236.0,0.02494
distillation,2038,0,10,0.1185,229.0,0.02468
distillation,575,1,10,0.1679,274.0,0.02491
distillation,4030,1,11,0.1449,217.0,0.02496
distillation,2445,1,9,0.1715,179.0,0.02448
distillation,3801,1,7,0.1652,219.0,0.02463
distillation,1511,1,10,0.1342,279.0,0.02513
distillation,3554,1,8,0.0765,287.0,0.02498
distillation,2951,1,10,0.1552,165.0,0.02462
distillation,2864,1,10,0.1326,262.0,0.02568
distillation,3881,1,9,0.1715,184.0,0.02477
distillation,704,1,12,0.1573,227.0,0.02473
distillation,4463,1,10,0.1815,178.0,0.02491
distillation,125,1,8,0.1,192.0,0.02517
distillation,3580,1,10,0.2125,242.0,0.02486
distillation,2378,1,13,0.1633,171.0,0.02484
distillation,154,1,12,0.1053,188.0,0.02507
distillation,4837,1,13,0.1491,232.0,0.0248
distillation,3380,1,14,0.1389,248.0,0.02519
distillation,2030,1,10,0.1141,226.0,0.02499
distillation,3464,0,9,0.1497,279.0,0.02548
distillation,601,0,13,0.1288,253.0,0.02437
distillation,1237,0,9,0.101,251.0,0.02496
distillation,3348,0,9,0.1201,254.0,0.02527
distillation,98,0,9,0.0288,362.0,0.02519
distillation,3993,1,8,0.1127,193.0,0.02506
distillation,1490,0,8,0.1729,243.0,0.02483
distillation,3577,1,9,0.1596,186.0,0.02501
distillation,39,1,10,0.0677,309.0,0.02495
distillation,3416,1,11,0.1474,269.0,0.0245
distillation,1741,0,11,0.0625,345.0,0.0249
distillation,4872,0,9,0.0666,318.0,0.02494
distillation,348,0,8,0.048,330.0,0.02471
distillation,2531,0,12,0.0546,274.0,0.02527
distillation,72,1,10,0.0801,250.0,0.02485
distillation,867,1,9,0.1379,214.0,0.02549
distillation,812,0,10,0.131,231.0,0.02475
distillation,4345,1,10,0.1267,227.0,0.0251
distillation,3664,1,14,0.1462,148.0,0.025
distillation,4323,1,18,0.1557,183.0,0.02476
distillation,1185,1,9,0.1653,220.0,0.02473
distillation,4843,1,12,0.1452,225.0,0.0247
distillation,3201,1,10,0.1476,175.0,0.02493
distillation,3507,1,10,0.1073,255.0,0.02487
distillation,1670,1,15,0.1658,175.0,0.02491
distillation,4468,0,9,0.0552,275.0,0.02512
distillation,1343,1,11,0.1098,252.0,0.02463
distillation,491,1,10,0.111,222.0,0.02494
distillation,495,1,11,0.2193,172.0,0.02466
distillation,2091,0,8,0.1031,247.0,0.0254
distillation,3779,1,10,0.1088,202.0,0.02518
distillation,3239,1,11,0.1851,175.0,0.02538
distillation,3575,1,9,0.179,136.0,0.02482
distillation,3539,1,9,0.118,207.0,0.02457
distillation,2816,1,14,0.063,295.0,0.02488
distillation,4847,0,8,0.1134,336.0,0.02473
distillation,2616,0,11,0.128,286.0,0.02517
distillation,3606,1,9,0.1154,268.0,0.02488
distillation,4171,1,15,0.1315,215.0,0.02472
distillation,1658,0,8,0.0848,356.0,0.02501
distillation,1772,1,10,0.1981,172.0,0.02553
distillation,4580,1,10,0.1294,210.0,0.02473
distillation,1852,1,10,0.1295,174.0,0.02476
distillation,499,1,9,0.1898,209.0,0.02502
distillation,1544,1,9,0.1366,190.0,0.02472
distillation,4452,1,10,0.1038,251.0,0.02486
distillation,849,1,10,0.1394,184.0,0.02462
distillation,2807,1,9,0.0609,269.0,0.02502
distillation,2686,0,10,0.1407,290.0,0.025
distillation,4328,1,10,0.1398,200.0,0.0247
distillation,2640,0,10,0.1349,288.0,0.02474
distillation,3634,1,12,0.1459,233.0,0.02471
distillation,2118,0,13,0.0568,322.0,0.02499
distillation,716,0,9,-0.0154,387.0,0.02493
distillation,158,1,11,0.0933,226.0,0.02517
distillation,4166,0,10,0.139,239.0,0.02487
distillation,1005,0,10,0.0924,312.0,0.02513
distillation,124,1,8,0.0882,195.0,0.02512
distillation,4204,0,16,0.1287,338.0,0.02533
distillation,4121,0,8,0.0989,318.0,0.02514
distillation,3177,1,9,0.1669,179.0,0.02477
distillation,2232,1,10,0.0793,245.0,0.02515
distillation,2939,1,9,0.0636,290.0,0.02537
distillation,530,0,11,0.1274,272.0,0.02502
distillation,776,0,11,0.0991,311.0,0.02486
distillation,4391,1,8,0.1378,211.0,0.02484
distillation,2239,1,10,0.1423,176.0,0.02484
distillation,3453,1,8,0.1328,185.0,0.02511
distillation,2815,0,9,0.1465,279.0,0.0246
distillation,3217,1,10,0.1085,271.0,0.02475
distillation,918,1,9,0.1132,186.0,0.02509
distillation,1328,1,10,0.093,261.0,0.02511
distillation,446,1,8,0.1311,222.0,0.02493
distillation,4953,1,8,0.1025,228.0,0.02499
distillation,1377,1,10,0.1453,199.0,0.02496
distillation,3899,1,10,0.149,173.0,0.02532
distillation,1259,1,12,0.1116,268.0,0.02513
distillation,4844,1,11,0.1407,204.0,0.02505
distillation,3743,1,9,0.1499,209.0,0.02508
distillation,842,1,12,0.1642,215.0,0.0249
distillation,3866,1,10,0.1129,236.0,0.0253
distillation,3731,0,10,0.1049,359.0,0.02504
distillation,241,1,11,0.0899,259.0,0.02518
distillation,2839,1,9,0.1355,245.0,0.0247
distillation,2985,1,10,0.1394,208.0,0.02484
distillation,4979,1,9,0.2007,108.0,0.02503
distillation,771,1,11,0.0677,218.0,0.02513
distillation,3824,0,11,0.0536,252.0,0.02494
distillation,3876,1,11,0.1211,269.0,0.02521
distillation,1011,1,9,0.1395,221.0,0.02488
distillation,843,1,8,0.1698,157.0,0.02478
distillation,4700,1,8,0.0976,241.0,0.02512
distillation,1545,1,12,0.1221,183.0,0.02495
distillation,192,1,11,0.0927,235.0,0.02515
distillation,3735,0,10,0.086,325.0,0.02505
distillation,2872,1,11,0.1146,202.0,0.02509
distillation,1338,0,9,0.1303,242.0,0.02541
distillation,3343,1,16,0.1104,287.0,0.02519
distillation,2517,1,10,0.1032,220.0,0.02497
distillation,3689,1,12,0.1382,270.0,0.02505
distillation,3354,0,10,0.114,279.0,0.02501
distillation,380,0,11,0.1023,304.0,0.02528
distillation,29,1,12,0.1521,202.0,0.02478
distillation,4243,0,8,0.0796,284.0,0.02502
distillation,3672,1,10,0.1692,176.0,0.02471
distillation,3771,1,11,0.1386,224.0,0.0248
distillation,1051,1,8,0.1545,259.0,0.02511
distillation,534,1,11,0.1542,194.0,0.02456
distillation,1267,1,12,0.1632,151.0,0.02499
distillation,3274,0,9,0.1105,293.0,0.02485
distillation,4533,1,11,0.1385,166.0,0.02507
distillation,3503,0,12,0.1072,336.0,0.02465
distillation,4510,1,11,0.1423,189.0,0.02465
distillation,2947,1,10,0.1607,179.0,0.02471
distillation,1116,0,15,0.0954,321.0,0.02518
distillation,1969,1,11,0.1437,160.0,0.02491
distillation,4283,1,9,0.0231,222.0,0.0252
distillation,3307,1,12,0.1647,194.0,0.02499
distillation,4617,1,9,0.1779,192.0,0.02492
distillation,3923,0,8,0.0433,427.0,0.02504
distillation,4522,0,8,0.0297,372.0,0.02449
distillation,2658,1,10,0.1353,228.0,0.02437
distillation,1115,0,8,0.1128,311.0,0.02462
distillation,3892,1,14,0.1766,202.0,0.02517
distillation,2731,1,9,0.1507,223.0,0.02502
distillation,1949,1,9,0.0673,249.0,0.02515
distillation,4529,1,12,0.1119,256.0,0.02472
distillation,4961,1,15,0.1444,220.0,0.02481
distillation,3970,1,9,0.1443,239.0,0.02487
distillation,1765,1,10,0.1164,302.0,0.02499
distillation,347,1,11,0.1794,213.0,0.02506
distillation,4613,0,8,0.0913,394.0,0.02482
distillation,3188,1,9,0.0868,300.0,0.02503
distillation,2590,1,12,0.1181,185.0,0.02485
distillation,3845,1,12,0.1671,166.0,0.02468
distillation,4441,1,11,0.127,204.0,0.02512
distillation,1419,0,11,0.1383,255.0,0.0254
distillation,1800,0,10,0.1299,294.0,0.0252
distillation,1399,1,8,0.1686,175.0,0.02476
distillation,1705,1,11,0.0768,285.0,0.02498
distillation,661,1,9,0.1417,271.0,0.02463
distillation,1977,1,8,0.072,239.0,0.02499
distillation,4982,1,13,0.1563,201.0,0.02481
distillation,4379,1,11,0.1493,222.0,0.02477
distillation,4594,1,8,0.1535,191.0,0.025
distillation,1428,0,9,0.1248,248.0,0.02448
distillation,4727,0,9,0.083,273.0,0.02442
distillation,4932,1,9,0.0415,265.0,0.02486
distillation,1620,1,10,0.1296,213.0,0.02506
distillation,3859,0,9,0.121,237.0,0.02508
distillation,2417,1,9,0.1359,223.0,0.02487
distillation,942,1,8,0.138,252.0,0.02491
distillation,4610,0,11,0.1071,276.0,0.02498
distillation,3152,1,8,0.17,177.0,0.0251
distillation,2087,1,11,0.125,182.0,0.02508
distillation,2166,0,9,0.1005,262.0,0.02466
distillation,3089,1,9,0.1287,207.0,0.02488
distillation,489,1,22,0.0787,245.0,0.02483
distillation,4963,1,9,0.1188,248.0,0.02469
distillation,1839,1,8,0.1456,220.0,0.02496
distillation,4602,1,8,0.1511,205.0,0.02519
distillation,4581,1,12,0.1683,160.0,0.02501
distillation,3317,1,12,0.1723,273.0,0.0249
distillation,2519,0,9,0.115,249.0,0.02502
distillation,4074,1,10,0.1427,240.0,0.02494
distillation,1114,0,9,0.1636,264.0,0.02481
distillation,2744,1,9,0.1085,195.0,0.02494
distillation,349,1,13,0.1632,187.0,0.0247
distillation,4287,0,10,0.0748,279.0,0.02474
distillation,1991,1,10,0.1922,190.0,0.02493
distillation,3342,1,12,0.141,275.0,0.02505
distillation,3141,1,9,0.0628,236.0,0.02508
distillation,1012,1,9,0.1323,193.0,0.02476
distillation,352,1,8,0.1261,199.0,0.02498
distillation,896,1,10,0.113,198.0,0.02464
distillation,799,1,11,0.17,205.0,0.02489
distillation,2455,1,10,0.1337,241.0,0.02503
distillation,4474,1,12,0.1405,260.0,0.02493
distillation,2788,1,8,0.1564,195.0,0.02493
distillation,1957,1,11,0.0731,276.0,0.02454
distillation,2473,1,10,0.1204,170.0,0.02499
distillation,639,1,12,0.0871,226.0,0.02497
distillation,1487,0,8,0.122,262.0,0.02515
distillation,3161,0,10,0.1235,285.0,0.02467
distillation,2812,0,11,0.1151,334.0,0.0248
distillation,2592,0,11,0.1243,258.0,0.02488
distillation,3566,1,15,0.1193,206.0,0.02506
distillation,1082,1,10,0.0955,252.0,0.02471
distillation,4256,1,8,0.1663,136.0,0.02506
distillation,2383,1,8,0.1365,184.0,0.02502
distillation,531,1,12,0.1244,250.0,0.02501
distillation,541,0,9,0.1308,344.0,0.02489
distillation,4902,0,10,0.1483,235.0,0.02508
distillation,825,1,9,0.1171,254.0,0.02502
distillation,3088,0,13,0.0864,254.0,0.02534
distillation,4413,1,9,0.1639,200.0,0.02491
distillation,1738,1,9,0.1451,211.0,0.02453
distillation,2701,0,8,0.1369,247.0,0.02507
distillation,314,1,11,0.1355,234.0,0.02514
distillation,4830,0,11,0.1529,265.0,0.02487
distillation,2848,0,11,0.0907,247.0,0.02534
distillation,2214,0,9,0.0857,265.0,0.02542
distillation,1387,1,9,0.1763,208.0,0.02497
distillation,2201,1,11,0.1672,204.0,0.02535
distillation,2630,1,9,0.1592,218.0,0.02488
distillation,3326,0,8,0.1228,322.0,0.02463
distillation,1366,1,10,0.1139,215.0,0.02504
distillation,2049,1,11,0.1698,172.0,0.02496
distillation,394,1,11,0.1294,206.0,0.02488
distillation,4667,0,9,0.1239,242.0,0.02518
distillation,3315,1,9,0.1467,225.0,0.02513
distillation,2315,1,10,0.1044,222.0,0.02494
distillation,2311,0,9,0.1207,242.0,0.02448
distillation,2849,1,11,0.1049,199.0,0.02504
distillation,3233,1,11,0.1033,292.0,0.02468
distillation,1367,0,9,0.0902,264.0,0.02503
distillation,1246,1,12,0.1023,231.0,0.02516
distillation,3608,1,9,0.1464,177.0,0.02511
distillation,4429,0,10,0.1071,257.0,0.02495
distillation,2177,1,11,0.1425,198.0,0.02517
distillation,4398,0,9,0.1633,249.0,0.02491
distillation,4173,0,12,0.1283,273.0,0.02464
distillation,4954,1,11,0.1179,221.0,0.02465
distillation,1934,0,10,0.0653,486.0,0.02525
distillation,4409,1,14,0.124,247.0,0.02516
distillation,2070,0,13,0.1188,274.0,0.025
distillation,727,1,8,0.1427,218.0,0.02496
distillation,2379,1,9,0.1584,197.0,0.02495
distillation,2075,0,12,0.1206,267.0,0.02497
distillation,3199,0,8,0.0672,346.0,0.0247
distillation,3864,1,10,0.1692,142.0,0.02491
distillation,487,1,11,0.0995,196.0,0.02515
distillation,4624,0,9,0.1062,298.0,0.02489
distillation,780,0,8,0.1078,243.0,0.02487
distillation,3891,0,12,0.1179,295.0,0.02499
distillation,3341,1,8,0.1268,210.0,0.02516
distillation,3563,0,8,0.1344,311.0,0.02418
distillation,3228,1,9,0.1389,223.0,0.02473
distillation,218,1,11,0.1743,171.0,0.02499
distillation,4912,1,11,0.1459,227.0,0.02492
distillation,44,1,10,0.0657,217.0,0.02447
distillation,683,0,8,0.0877,294.0,0.02486
distillation,311,1,8,0.1515,201.0,0.0249
distillation,3438,1,10,0.2193,198.0,0.02511
distillation,2840,1,11,0.1015,220.0,0.02484
distillation,2182,1,9,0.1609,197.0,0.02467
distillation,3425,1,14,0.1548,164.0,0.02538
distillation,31,1,8,0.13,199.0,0.02514
distillation,1418,1,9,0.1356,198.0,0.02478
distillation,1749,1,10,0.0968,227.0,0.02457
distillation,1108,1,11,0.0616,250.0,0.02469
distillation,3839,1,12,0.2282,168.0,0.02493
distillation,1567,1,11,0.159,221.0,0.02519
distillation,4590,1,13,0.1077,217.0,0.02469
distillation,1022,1,10,0.1516,246.0,0.02471
distillation,2263,1,9,0.1521,219.0,0.02496
distillation,452,0,9,0.0925,381.0,0.02514
distillation,4899,1,8,0.127,247.0,0.02518
distillation,2611,0,8,0.1698,266.0,0.0251
distillation,282,1,9,0.1378,306.0,0.0251
distillation,651,0,11,0.0996,318.0,0.02512
distillation,4046,0,9,0.0775,256.0,0.02462
distillation,1326,1,10,0.127,207.0,0.02534
distillation,1176,1,9,0.0999,221.0,0.02472
distillation,2500,1,8,0.142,214.0,0.0249
distillation,582,1,11,0.17,134.0,0.02475
distillation,2875,1,8,0.1333,207.0,0.02534
distillation,2982,1,8,0.1152,231.0,0.02441
distillation,4213,1,17,0.1727,169.0,0.02525
distillation,4596,0,11,0.1473,283.0,0.02462
distillation,1393,1,9,0.0928,318.0,0.02484
distillation,3390,0,9,0.1251,230.0,0.02512
distillation,1928,1,10,0.1157,215.0,0.02445
distillation,4366,0,8,0.1104,261.0,0.02506
distillation,3550,1,9,0.1127,265.0,0.02465
distillation,2189,0,8,0.1078,327.0,0.02485
distillation,3480,1,10,0.1299,244.0,0.02454
distillation,3871,1,11,0.127,184.0,0.02517
distillation,4299,0,8,0.0625,303.0,0.02511
distillation,4719,0,8,0.1544,282.0,0.02479
distillation,3195,1,14,0.139,258.0,0.02505
distillation,1922,1,8,0.1249,185.0,0.02474
distillation,1075,1,14,0.1689,146.0,0.02518
distillation,751,1,10,0.1214,184.0,0.02495
distillation,463,1,14,0.13,207.0,0.02474
distillation,4076,1,9,0.1368,245.0,0.02478
distillation,725,1,9,0.1586,225.0,0.02512
distillation,4785,1,11,0.164,160.0,0.02449
distillation,2108,1,9,0.186,149.0,0.02519
distillation,2164,1,11,0.1735,229.0,0.02452
distillation,3961,1,10,0.1007,196.0,0.0251
distillation,2752,0,12,0.0598,304.0,0.0256
distillation,245,1,10,0.1337,198.0,0.02438
distillation,1085,1,12,0.1686,264.0,0.02548
distillation,4731,1,13,0.1462,245.0,0.02494
distillation,4156,0,9,0.1217,253.0,0.02507
distillation,2942,1,16,0.1151,244.0,0.02507
distillation,3103,1,9,0.2021,178.0,0.02494
distillation,2769,0,9,0.0573,416.0,0.02528
distillation,4304,1,14,0.1131,261.0,0.02498
distillation,2838,0,10,0.1512,216.0,0.02513
distillation,4225,1,21,0.0932,296.0,0.02471
distillation,4347,1,10,0.1403,255.0,0.02487
distillation,2626,1,8,0.1489,275.0,0.02465
distillation,1712,0,11,0.0819,337.0,0.02482
distillation,599,1,9,0.1286,236.0,0.02466
distillation,1014,1,9,0.0729,311.0,0.02447
distillation,3699,1,8,0.1659,178.0,0.02516
distillation,500,1,10,0.1181,216.0,0.02505
distillation,1480,1,9,0.1199,228.0,0.02481
distillation,3247,1,11,0.1479,231.0,0.02484
distillation,4711,1,9,0.1184,211.0,0.02489
distillation,3631,1,11,0.1079,224.0,0.02492
distillation,578,0,8,0.11,311.0,0.02535
distillation,2131,1,8,0.0912,219.0,0.02494
distillation,4928,1,10,0.1595,210.0,0.02465
distillation,2523,0,14,0.1336,265.0,0.02471
distillation,3320,0,10,0.1066,262.0,0.02495
distillation,873,0,8,0.0879,423.0,0.02482
distillation,556,1,10,0.1528,180.0,0.02512
distillation,2457,1,9,0.1014,173.0,0.02487
distillation,2779,0,8,0.1413,268.0,0.02485
distillation,2667,1,12,0.1771,178.0,0.02505
distillation,1065,1,10,0.1539,206.0,0.02505
distillation,470,1,8,0.1077,204.0,0.02495
distillation,3959,1,9,0.16,229.0,0.02488
distillation,2879,1,12,0.1746,248.0,0.02485
distillation,3889,1,10,0.1177,195.0,0.0248
distillation,2217,1,14,0.075,274.0,0.02521
distillation,1330,1,12,0.1658,185.0,0.02459
distillation,34,1,12,0.1608,234.0,0.02497
distillation,4134,1,11,0.1573,231.0,0.025
distillation,3196,0,11,0.0651,308.0,0.02506
distillation,4952,0,10,0.132,211.0,0.02486
distillation,895,1,10,0.1654,173.0,0.02522
distillation,4942,1,14,0.1482,174.0,0.02485
distillation,2959,0,9,0.0696,324.0,0.02503
distillation,2400,1,10,0.1527,197.0,0.02525
distillation,1160,1,9,0.1005,275.0,0.02469
distillation,3435,0,9,0.1208,272.0,0.0249
distillation,2553,1,10,0.1492,156.0,0.02523
distillation,4500,1,11,0.1183,220.0,0.02502
distillation,104,1,9,0.1146,192.0,0.02482
distillation,3712,1,10,0.1397,220.0,0.02525
distillation,3151,0,10,0.1117,303.0,0.02478
distillation,2808,1,13,0.1246,250.0,0.02528
distillation,4911,0,9,0.1019,308.0,0.0248
distillation,1358,1,11,0.1377,186.0,0.02514
distillation,1921,1,8,0.15,243.0,0.02476
distillation,3925,1,8,0.1789,190.0,0.02493
distillation,2394,0,8,0.1209,289.0,0.02515
distillation,2926,1,11,0.1446,283.0,0.02485
distillation,1531,1,11,0.1642,219.0,0.02465
distillation,634,1,10,0.1256,210.0,0.02524
distillation,3303,0,10,0.0974,255.0,0.02514
distillation,95,1,9,0.1861,234.0,0.02511
distillation,4586,1,10,0.1447,203.0,0.02507
distillation,1119,1,10,0.1304,211.0,0.0249
distillation,4929,0,15,0.0225,374.0,0.02528
distillation,1223,1,17,0.1253,256.0,0.02512
distillation,2527,1,11,0.0796,210.0,0.02509
distillation,1491,1,11,0.1146,180.0,0.02464
distillation,883,1,9,0.0962,270.0,0.02538
distillation,2664,1,12,0.1308,179.0,0.02505
distillation,415,0,9,0.1231,275.0,0.02482
distillation,4080,1,9,0.132,259.0,0.02506
distillation,2625,1,8,0.1549,244.0,0.02487
distillation,3814,0,9,0.0558,361.0,0.02473
distillation,224,1,10,0.1491,230.0,0.02509
distillation,2992,0,12,0.1355,256.0,0.0251
distillation,1586,1,12,0.1279,244.0,0.0253
distillation,1783,1,11,0.1468,216.0,0.02515
distillation,3673,0,11,0.0602,476.0,0.02531
distillation,3174,1,12,0.1648,162.0,0.02511
distillation,3281,1,10,0.1326,208.0,0.02482
distillation,2533,1,13,0.1683,231.0,0.0245
distillation,2716,0,14,0.0869,318.0,0.02493
distillation,2062,1,15,0.1396,243.0,0.02486
distillation,2494,0,9,0.1343,349.0,0.02474
distillation,3253,1,8,0.1349,247.0,0.02479
distillation,3129,1,10,0.1423,242.0,0.02524
distillation,965,0,10,0.1062,306.0,0.02486
distillation,269,1,8,0.1058,263.0,0.02476
distillation,861,0,10,0.0811,287.0,0.02515
distillation,3624,1,9,0.1779,171.0,0.02504
distillation,3932,0,11,0.1058,230.0,0.02513
distillation,2332,1,13,0.1354,170.0,0.02493
distillation,507,1,12,0.1349,202.0,0.02469
distillation,1912,1,19,0.109,245.0,0.02512
distillation,4251,1,11,0.1662,227.0,0.02518
distillation,2284,1,17,0.1924,192.0,0.0252
distillation,117,1,9,0.1585,235.0,0.02524
distillation,1349,1,9,0.1061,244.0,0.02475
distillation,1551,0,13,0.0948,310.0,0.02538
distillation,2013,1,11,0.1303,198.0,0.0246
distillation,3872,1,8,0.0944,230.0,0.02503
distillation,170,1,10,0.0841,185.0,0.02509
distillation,383,1,10,0.1322,244.0,0.02473
distillation,2703,1,11,0.1441,199.0,0.02461
distillation,4577,0,10,0.1348,299.0,0.02494
distillation,1894,1,11,0.1242,297.0,0.02503
distillation,773,0,10,0.1299,256.0,0.02486
distillation,4235,1,13,0.1336,216.0,0.02523
distillation,3994,0,10,0.1263,300.0,0.02484
distillation,4104,0,8,0.0919,285.0,0.02489
distillation,4295,0,9,0.1144,271.0,0.02514
distillation,4094,0,10,0.0971,334.0,0.02484
distillation,2350,1,22,0.1373,270.0,0.02478
distillation,2364,1,11,0.0982,314.0,0.02495
distillation,3021,1,13,0.1613,267.0,0.02555
distillation,2702,0,11,0.1009,265.0,0.02501
distillation,4146,1,10,0.1281,244.0,0.02508
distillation,1666,1,10,0.1007,182.0,0.02529
distillation,3654,0,12,0.1283,283.0,0.02515
distillation,1946,1,10,0.1515,222.0,0.02543
distillation,1675,1,14,0.1513,252.0,0.02488
distillation,962,1,9,0.1717,237.0,0.02505
distillation,4012,1,9,0.1249,194.0,0.02482
distillation,1319,1,17,0.025,306.0,0.02468
distillation,619,1,8,0.0886,217.0,0.0247
distillation,1906,1,12,0.1837,180.0,0.02504
distillation,872,0,9,0.0648,279.0,0.02477
distillation,223,1,9,0.1344,186.0,0.02503
distillation,3010,1,10,0.0992,217.0,0.02535
distillation,2944,1,9,0.1149,247.0,0.02498
distillation,1525,0,11,0.0783,246.0,0.02489
distillation,584,1,8,0.1787,160.0,0.0252
distillation,2727,1,8,0.1392,264.0,0.02444
distillation,4160,1,8,0.0713,252.0,0.0251
distillation,866,1,12,0.119,244.0,0.02515
distillation,4674,0,8,0.1209,282.0,0.02465
distillation,496,1,8,0.1258,251.0,0.02465
distillation,831,0,11,0.0829,327.0,0.02488
distillation,2149,1,9,0.1318,226.0,0.02529
distillation,189,1,9,0.1687,170.0,0.0247
distillation,173,1,8,0.1674,224.0,0.02488
distillation,4976,1,12,0.1103,201.0,0.02484
distillation,4367,1,8,0.1346,243.0,0.02511
distillation,2762,1,14,0.1028,237.0,0.025
distillation,4458,1,9,0.2036,193.0,0.02503
distillation,2104,1,9,0.1116,191.0,0.02477
distillation,3318,1,14,0.0919,312.0,0.02469
distillation,1787,1,9,0.1571,223.0,0.02474
distillation,3414,1,10,0.1539,230.0,0.0249
distillation,2470,0,11,0.0739,245.0,0.0253
distillation,4346,1,8,0.2037,206.0,0.02501
distillation,4568,1,10,0.1352,200.0,0.02472
distillation,3002,1,8,0.1582,199.0,0.02494
distillation,4239,1,9,0.1068,235.0,0.02487
distillation,1995,1,9,0.153,169.0,0.02465
distillation,628,1,13,0.1849,198.0,0.02495
distillation,4562,0,10,0.1083,270.0,0.02493
distillation,410,0,10,0.0855,241.0,0.02426
distillation,1710,1,9,0.1711,217.0,0.02547
distillation,2854,0,12,0.1059,372.0,0.02492
distillation,1916,1,10,0.1362,170.0,0.02515
distillation,1475,1,11,0.1473,231.0,0.02487
distillation,2612,0,9,0.0646,278.0,0.02474
distillation,3061,1,10,0.1726,171.0,0.02539
distillation,1997,1,10,0.1156,230.0,0.02504
distillation,1309,1,11,0.1424,183.0,0.02476
distillation,3976,1,12,0.1323,252.0,0.02501
distillation,2980,1,9,0.1788,223.0,0.02459
distillation,2692,1,10,0.1246,202.0,0.02555
distillation,4208,1,16,0.1454,241.0,0.02497
distillation,1371,1,10,0.077,265.0,0.02474
distillation,1522,1,14,0.1471,181.0,0.02497
distillation,4062,1,12,0.1963,209.0,0.02479
distillation,3450,0,8,0.0815,314.0,0.02516
distillation,4783,1,13,0.1993,206.0,0.0248
distillation,1652,1,16,0.0991,238.0,0.02528
distillation,220,1,8,0.1206,241.0,0.02439
distillation,2382,1,8,0.1955,140.0,0.02523
distillation,2758,1,9,0.0929,225.0,0.0251
distillation,2655,1,8,0.1031,240.0,0.02502
distillation,1625,0,11,0.1647,236.0,0.02476
distillation,3562,0,8,0.1378,294.0,0.02474
distillation,1564,1,14,0.1399,206.0,0.02507
distillation,2781,1,11,0.1557,205.0,0.02472
distillation,1879,0,10,0.1393,241.0,0.02494
distillation,4815,1,8,0.0541,270.0,0.02507
distillation,2924,1,10,0.1023,331.0,0.02467
distillation,3535,1,9,0.0958,181.0,0.02489
distillation,3776,0,11,0.068,329.0,0.02465
distillation,3600,1,10,0.1177,257.0,0.02542
distillation,4885,0,13,0.1592,271.0,0.02473
distillation,1824,1,12,0.1494,229.0,0.02476
distillation,1423,0,8,0.0146,455.0,0.02481
distillation,33,1,9,0.0747,198.0,0.02502
distillation,2819,1,12,0.163,156.0,0.02501
distillation,379,1,9,0.139,242.0,0.02533
distillation,517,0,9,0.0394,277.0,0.02485
distillation,864,0,9,0.0092,433.0,0.0254
distillation,1001,1,12,0.1768,216.0,0.02513
distillation,3621,1,10,0.0845,249.0,0.02522
distillation,481,1,10,0.1738,184.0,0.02518
distillation,3739,1,10,0.2031,165.0,0.02522
distillation,3640,0,11,0.0263,360.0,0.02551
distillation,1087,0,12,0.0671,260.0,0.02515
distillation,1042,1,10,0.1349,258.0,0.02467
distillation,3428,1,9,0.1943,218.0,0.02518
distillation,4286,0,10,0.0703,352.0,0.02496
distillation,4563,1,9,0.1258,187.0,0.02459
distillation,162,1,9,0.0993,213.0,0.02481
distillation,2907,0,8,0.1416,265.0,0.02464
distillation,2909,1,12,0.0835,230.0,0.02518
distillation,3807,1,12,0.1209,206.0,0.02528
distillation,45,1,12,0.1343,230.0,0.02412
distillation,731,0,10,0.1304,247.0,0.02526
distillation,2459,0,9,0.1443,250.0,0.02511
distillation,4817,0,12,0.0494,404.0,0.0246
distillation,4546,1,12,0.1573,178.0,0.02494
distillation,3506,0,10,0.1176,296.0,0.02476
distillation,2768,1,9,0.1419,236.0,0.0251
distillation,2601,1,8,0.1246,205.0,0.02472
distillation,1986,1,14,0.1422,216.0,0.02485
distillation,4592,1,10,0.1783,208.0,0.02529
distillation,1299,0,7,0.0096,319.0,0.02521
distillation,2347,1,8,0.1132,241.0,0.02479
distillation,2678,1,11,0.1151,188.0,0.025
distillation,3173,1,10,0.1111,213.0,0.02472
distillation,2714,1,15,0.1376,269.0,0.02499
distillation,3684,1,11,0.1195,227.0,0.02486
distillation,3213,1,12,0.1399,252.0,0.02517
distillation,1669,0,10,0.1464,257.0,0.02498
distillation,2644,0,9,0.1953,232.0,0.02501
distillation,4202,0,9,0.0818,317.0,0.02501
distillation,3620,0,10,0.0991,328.0,0.02492
distillation,2794,1,12,0.1604,272.0,0.0252
distillation,2994,1,12,0.1231,215.0,0.02538
distillation,2231,1,9,0.1247,231.0,0.02469
distillation,548,1,8,0.2218,161.0,0.02492
distillation,2617,1,8,0.1067,216.0,0.02495
distillation,1495,0,8,0.0911,280.0,0.02477
distillation,1084,1,9,0.1041,202.0,0.02485
distillation,2672,0,11,0.0163,337.0,0.02544
distillation,1203,1,9,0.1567,176.0,0.02513
distillation,3169,1,12,0.1473,206.0,0.02503
distillation,3651,1,12,0.0991,224.0,0.0254
distillation,976,0,12,0.0934,286.0,0.02414
distillation,4718,0,8,0.1333,272.0,0.02496
distillation,2365,1,9,0.1313,209.0,0.02433
distillation,1752,1,9,0.1551,179.0,0.02486
distillation,4427,0,12,0.1459,297.0,0.02473
distillation,629,1,10,0.2052,156.0,0.02476
distillation,1774,1,15,0.1604,221.0,0.0248
distillation,4582,1,12,0.182,173.0,0.02519
distillation,4007,1,10,0.0926,308.0,0.02492
distillation,2228,1,11,0.0368,253.0,0.02475
distillation,2372,1,9,0.0866,301.0,0.02449
distillation,1411,1,10,0.1165,221.0,0.02539
distillation,3426,0,11,0.1354,291.0,0.02484
distillation,1754,1,8,0.1382,185.0,0.0249
distillation,910,1,9,0.1351,152.0,0.02486
distillation,3023,0,9,0.0737,353.0,0.02505
distillation,4656,1,10,0.1509,245.0,0.02501
distillation,3135,1,12,0.1268,275.0,0.02505
distillation,1437,1,9,0.0942,185.0,0.02504
distillation,4471,1,8,0.186,263.0,0.02481
distillation,3758,1,13,0.1608,173.0,0.02489
distillation,4356,1,10,0.1155,183.0,0.02501
distillation,3360,1,10,0.1215,238.0,0.02508
distillation,1239,1,10,0.1527,216.0,0.02472
distillation,3803,1,9,0.1285,262.0,0.0251
distillation,538,1,20,0.1834,230.0,0.02489
distillation,2620,0,10,0.1272,267.0,0.02463
distillation,613,1,12,0.1405,207.0,0.02498
distillation,2889,0,13,0.0799,326.0,0.02481
distillation,3206,1,14,0.0661,276.0,0.02489
distillation,4828,0,15,0.1276,307.0,0.02471
distillation,1519,1,11,0.1536,148.0,0.02525
distillation,543,1,11,0.1438,239.0,0.02467
distillation,4531,0,16,0.1245,287.0,0.02515
distillation,3035,1,10,0.0871,242.0,0.02505
distillation,1590,0,13,0.0397,376.0,0.02514
distillation,1250,0,10,0.1192,273.0,0.02523
distillation,1643,0,7,0.1492,246.0,0.02521
distillation,4738,0,10,0.0552,332.0,0.02525
distillation,1180,0,15,0.1139,301.0,0.02464
distillation,991,1,9,0.1928,200.0,0.02511
distillation,806,0,9,0.1127,302.0,0.02494
distillation,4576,1,19,0.115,195.0,0.02506
distillation,2803,1,11,0.1654,206.0,0.02535
distillation,4806,1,15,0.1666,178.0,0.02534
distillation,3312,1,10,0.0758,212.0,0.02503
distillation,1003,0,9,0.0405,306.0,0.02516
distillation,882,0,9,0.1179,327.0,0.02495
distillation,2974,1,10,0.1137,207.0,0.02481
distillation,1951,0,10,0.1227,270.0,0.02503
distillation,2493,1,12,0.1278,200.0,0.02482
distillation,4634,1,8,0.1349,222.0,0.02478
distillation,668,1,10,0.1107,199.0,0.02497
distillation,1043,1,11,0.187,181.0,0.02512
distillation,4499,1,13,0.1291,184.0,0.02509
distillation,2358,1,10,0.1367,158.0,0.02489
distillation,4481,1,9,0.0935,281.0,0.02485
distillation,2946,1,13,0.1721,221.0,0.02505
distillation,2730,1,13,0.1461,250.0,0.02516
distillation,4478,1,10,0.1051,220.0,0.02547
distillation,2778,0,13,0.0744,338.0,0.02518
distillation,4003,1,9,0.128,259.0,0.02479
distillation,3230,1,10,0.1371,262.0,0.0247
distillation,3710,0,10,0.1026,281.0,0.02478
distillation,4113,0,11,0.0664,387.0,0.02473
distillation,2682,1,9,0.1764,171.0,0.02535
distillation,4096,1,10,0.1967,192.0,0.02495
distillation,135,0,10,0.1005,270.0,0.02481
distillation,4933,0,8,0.1135,278.0,0.02527
distillation,526,1,8,0.1443,269.0,0.02498
distillation,2255,1,12,0.1557,222.0,0.02491
distillation,1657,1,17,0.137,190.0,0.02519
distillation,979,0,10,0.0801,323.0,0.02473
distillation,641,0,8,0.088,281.0,0.025
distillation,2102,1,10,0.1854,165.0,0.02522
distillation,3985,1,11,0.1206,218.0,0.0247
distillation,1892,0,10,0.0864,375.0,0.02504
distillation,2764,0,11,0.1337,292.0,0.02502
distillation,2565,1,13,0.1584,189.0,0.02498
distillation,4334,1,17,0.1733,203.0,0.02479
distillation,2600,1,8,0.0975,227.0,0.025
distillation,1521,1,11,0.1029,246.0,0.02456
distillation,3847,0,8,0.1161,338.0,0.02512
distillation,1507,1,11,0.1628,221.0,0.02529
distillation,4002,0,8,0.1263,302.0,0.02501
distillation,4918,1,10,0.16,166.0,0.0254
distillation,1431,1,7,0.1705,210.0,0.02443
distillation,2510,1,9,0.1307,254.0,0.02507
distillation,4475,0,8,0.1167,351.0,0.02476
distillation,1831,1,8,0.142,237.0,0.0249
distillation,4569,1,10,0.1328,189.0,0.0248
distillation,70,1,12,0.1342,302.0,0.025
distillation,1224,1,9,0.0791,222.0,0.02511
distillation,728,1,13,0.1378,236.0,0.0251
distillation,3046,1,9,0.1284,201.0,0.02457
distillation,1530,1,8,0.1595,221.0,0.0246
distillation,3906,1,10,0.1158,272.0,0.02452
distillation,2726,1,12,0.1684,192.0,0.02516
distillation,2605,1,9,0.0745,224.0,0.02504
distillation,472,1,9,0.1239,242.0,0.02505
distillation,4644,0,14,0.1599,270.0,0.02483
distillation,660,1,15,0.1756,240.0,0.02503
distillation,57,1,9,0.1292,238.0,0.02496
distillation,2034,1,11,0.1912,219.0,0.02538
distillation,1412,1,11,0.143,230.0,0.02465
distillation,4217,1,11,0.1557,179.0,0.02471
distillation,246,1,9,0.1358,261.0,0.02522
distillation,3184,1,10,0.1982,187.0,0.02505
distillation,1789,1,11,0.1611,218.0,0.02512
distillation,3166,1,9,0.1271,234.0,0.02474
distillation,1275,1,8,0.1144,271.0,0.02478
distillation,1478,0,8,0.0908,255.0,0.02488
distillation,271,1,13,0.1926,144.0,0.02526
distillation,898,0,10,0.1131,261.0,0.02518
distillation,3357,1,12,0.0997,236.0,0.02485
distillation,2293,1,11,0.1118,248.0,0.02502
distillation,294,1,11,0.1195,260.0,0.02484
distillation,4095,1,12,0.182,193.0,0.02502
distillation,3548,1,14,0.1382,221.0,0.02535
distillation,4642,0,8,0.1152,246.0,0.02472
distillation,4938,1,8,0.1404,185.0,0.02506
distillation,2923,0,10,0.0854,485.0,0.02511
distillation,195,1,11,0.1058,235.0,0.02481
distillation,514,1,10,0.158,215.0,0.02455
distillation,3072,0,8,0.0917,273.0,0.02505
distillation,4559,1,14,0.1044,202.0,0.02489
distillation,971,1,13,0.0808,218.0,0.02501
distillation,3429,1,11,0.1246,208.0,0.02514
distillation,1172,1,15,0.1119,219.0,0.02502
distillation,4875,1,16,0.1237,174.0,0.02493
distillation,406,0,13,0.0789,327.0,0.025
distillation,1784,1,9,0.1927,131.0,0.02505
distillation,32,0,9,0.1327,276.0,0.02488
distillation,2307,0,10,0.1085,295.0,0.02506
distillation,854,1,12,0.1185,269.0,0.02502
distillation,4537,1,9,0.1367,215.0,0.02498
distillation,4269,1,11,0.1649,132.0,0.02535
distillation,4266,1,10,0.091,253.0,0.02496
distillation,2100,0,10,0.0628,397.0,0.02496
distillation,1695,1,11,0.1508,223.0,0.02474
distillation,2917,1,9,0.1714,216.0,0.02519
distillation,3617,0,11,0.1463,258.0,0.02433
distillation,2088,1,10,0.1173,281.0,0.02536
distillation,2351,0,9,0.058,365.0,0.02521
distillation,4008,1,11,0.1423,168.0,0.02485
distillation,2250,1,8,0.19,184.0,0.02496
distillation,2777,1,8,0.1732,191.0,0.02444
distillation,521,1,17,0.1785,217.0,0.02509
distillation,4695,1,11,0.1403,231.0,0.02514
distillation,4520,1,10,0.1899,152.0,0.0252
distillation,4756,1,10,0.1488,177.0,0.0252
distillation,378,1,11,0.185,191.0,0.02481
distillation,1385,1,9,0.1346,238.0,0.02509
distillation,4457,1,14,0.1587,303.0,0.02509
distillation,2905,1,8,0.0797,257.0,0.02511
distillation,3500,1,10,0.0375,169.0,0.02489
distillation,1389,1,11,0.116,195.0,0.02491
distillation,3364,1,14,0.1265,248.0,0.02535
distillation,9,0,9,0.1063,308.0,0.02487
distillation,1013,1,10,0.1279,186.0,0.0252
distillation,1499,0,9,0.062,328.0,0.02476
distillation,1066,0,11,0.092,330.0,0.02491
distillation,3701,1,9,0.1233,190.0,0.02482
distillation,1569,1,16,0.149,219.0,0.02487
distillation,4052,0,8,0.1249,307.0,0.02459
distillation,4302,1,9,0.0935,223.0,0.02492
distillation,1688,1,11,0.166,162.0,0.02487
distillation,3118,0,9,0.0775,275.0,0.02421
distillation,1461,0,10,0.114,302.0,0.02501
distillation,2676,1,10,0.059,256.0,0.02533
distillation,253,1,8,0.1466,263.0,0.02469
distillation,4650,1,18,0.1885,221.0,0.02488
distillation,3700,1,11,0.1019,282.0,0.025
distillation,1697,0,9,0.1121,252.0,0.02508
distillation,1430,1,12,0.1354,218.0,0.02437
distillation,1870,0,12,0.0879,299.0,0.02485
distillation,720,0,11,0.1072,356.0,0.02478
distillation,938,1,10,0.0922,260.0,0.02511
distillation,122,1,10,0.0684,252.0,0.02466
distillation,4866,0,10,0.091,312.0,0.02533
distillation,2483,0,8,0.1099,247.0,0.02517
distillation,1069,1,10,0.0873,176.0,0.02499
distillation,829,1,11,0.0963,209.0,0.02464
distillation,87,0,11,0.0451,320.0,0.02508
distillation,3934,1,12,0.1485,279.0,0.0249
distillation,528,0,10,0.1343,299.0,0.02478
distillation,2809,1,10,0.1002,265.0,0.02467
distillation,2453,1,8,0.1234,249.0,0.0252
distillation,2024,1,11,0.1529,199.0,0.02496
distillation,161,1,11,0.1378,181.0,0.02477
distillation,4840,1,17,0.1383,227.0,0.02497
distillation,1248,1,12,0.1681,282.0,0.02507
distillation,545,1,12,0.1517,231.0,0.02495
distillation,1596,1,12,0.1343,172.0,0.025
distillation,1460,1,14,0.1189,270.0,0.02525
distillation,3957,1,9,0.0769,288.0,0.0249
distillation,3240,1,16,0.1489,220.0,0.02452
distillation,4664,1,10,0.1626,148.0,0.02535
distillation,263,0,10,0.102,317.0,0.02486
distillation,2618,1,13,0.1127,231.0,0.02484
distillation,1853,0,12,0.1312,283.0,0.02487
distillation,3791,1,9,0.1868,172.0,0.02507
distillation,878,1,7,0.0813,247.0,0.02453
distillation,1540,0,8,0.1498,225.0,0.02512
distillation,1960,1,10,0.125,263.0,0.02482
distillation,890,1,9,0.1362,293.0,0.02472
distillation,852,1,12,0.1276,187.0,0.02461
distillation,4879,1,10,0.127,216.0,0.02481
distillation,3848,0,8,0.1171,243.0,0.02493
distillation,4073,0,7,0.1088,250.0,0.02503
distillation,1368,1,14,0.1285,182.0,0.02515
distillation,1414,1,11,0.1956,217.0,0.02501
distillation,847,0,11,0.0886,330.0,0.02485
distillation,1819,0,10,0.1175,241.0,0.02505
distillation,684,1,10,0.1059,265.0,0.0251
distillation,396,1,11,0.1466,176.0,0.02501
distillation,2866,1,10,0.1236,142.0,0.02484
distillation,2011,1,13,0.1513,206.0,0.0253
distillation,3053,1,9,0.1525,126.0,0.02504
distillation,3407,1,12,0.1499,255.0,0.02484
distillation,401,1,10,0.1345,235.0,0.02483
distillation,1606,1,8,0.1353,267.0,0.02508
distillation,1262,0,10,0.1481,242.0,0.02506
distillation,1529,0,10,0.0859,268.0,0.02535
distillation,1850,0,9,0.1601,248.0,0.02488
distillation,2501,0,13,0.1098,290.0,0.02481
distillation,4638,0,9,0.1233,297.0,0.02518
distillation,3704,1,11,0.1688,206.0,0.02507
distillation,559,1,10,0.126,269.0,0.02494
distillation,4115,1,10,0.0564,281.0,0.02479
distillation,2805,1,11,0.1809,224.0,0.02431
distillation,3873,1,13,0.1199,232.0,0.02487
distillation,1391,1,9,0.1535,226.0,0.02527
distillation,4228,1,9,0.0988,200.0,0.02516
distillation,2367,0,8,0.1084,255.0,0.0248
distillation,788,1,10,0.113,210.0,0.02524
distillation,1452,1,10,0.08,269.0,0.02504
distillation,3265,1,11,0.1203,269.0,0.02487
distillation,2913,1,9,0.1702,210.0,0.02473
distillation,3275,0,10,0.1007,273.0,0.02437
distillation,775,1,11,0.1281,212.0,0.0248
distillation,217,0,8,0.1006,288.0,0.02481
distillation,1245,0,8,0.1322,276.0,0.02518
distillation,4316,1,11,0.1233,199.0,0.02499
distillation,4619,1,9,0.1136,265.0,0.02519
distillation,1363,1,14,-0.0099,263.0,0.02483
distillation,630,1,10,0.1259,258.0,0.02491
distillation,3572,1,8,0.1562,213.0,0.02482
distillation,4124,1,12,0.1232,241.0,0.02484
distillation,4101,1,13,0.1504,286.0,0.02474
distillation,1881,0,8,0.113,275.0,0.02506
distillation,1482,0,9,0.0691,275.0,0.02477
distillation,156,1,8,0.1352,245.0,0.0249
distillation,1196,1,12,0.1199,172.0,0.02541
distillation,2824,0,9,0.1143,284.0,0.02521
distillation,3283,0,12,0.0949,274.0,0.02525
distillation,3809,0,9,0.0846,288.0,0.02502
distillation,3908,1,9,0.0702,289.0,0.02471
distillation,2006,0,9,0.1387,260.0,0.02525
distillation,4740,1,12,0.1081,240.0,0.02497
distillation,2490,1,10,0.0997,235.0,0.02517
distillation,4139,1,11,0.143,282.0,0.02476
distillation,22,1,13,0.1981,149.0,0.02488
distillation,4196,0,14,0.0472,343.0,0.0249
distillation,4054,1,9,0.1412,164.0,0.02501
distillation,2799,1,11,0.1038,200.0,0.02507
distillation,3578,0,10,0.1467,269.0,0.0248
distillation,4722,1,9,0.1354,172.0,0.02483
distillation,4372,1,8,0.1579,186.0,0.02477
distillation,3376,1,11,0.1363,180.0,0.02469
distillation,3662,1,11,0.1308,211.0,0.02456
distillation,4716,1,8,0.105,226.0,0.0247
distillation,3780,1,8,0.1773,226.0,0.02475
distillation,1715,1,11,0.1435,218.0,0.02449
distillation,2377,0,8,0.0913,284.0,0.02484
distillation,3805,1,9,0.1075,275.0,0.02532
distillation,4993,1,12,0.0836,280.0,0.02517
distillation,3755,1,8,0.1063,258.0,0.02496
distillation,1900,1,9,0.1474,198.0,0.02508
distillation,4881,1,9,0.0824,255.0,0.02495
distillation,2112,1,11,0.1211,231.0,0.02499
distillation,326,1,8,0.1779,221.0,0.02508
distillation,252,1,9,0.1633,231.0,0.02491
distillation,1290,1,10,0.1445,239.0,0.02509
distillation,3355,1,9,0.0947,265.0,0.02517
distillation,2137,0,9,0.0869,245.0,0.02526
distillation,2439,0,11,0.0114,362.0,0.02497
distillation,4114,0,11,0.1226,303.0,0.0249
distillation,1448,0,10,0.1484,201.0,0.02484
distillation,2200,1,18,0.1409,211.0,0.02503
distillation,167,1,10,0.091,195.0,0.02492
distillation,1940,0,14,0.0902,325.0,0.02468
distillation,844,0,9,0.0674,284.0,0.02532
distillation,4172,1,12,0.161,249.0,0.02538
distillation,1509,1,10,0.0772,289.0,0.02482
distillation,2976,1,10,0.1035,244.0,0.02502
distillation,2829,1,7,0.1236,189.0,0.02522
distillation,4483,1,10,0.1111,213.0,0.02493
distillation,888,1,10,0.1355,211.0,0.02535
distillation,4530,0,10,0.0679,351.0,0.02484
distillation,4842,1,10,0.173,223.0,0.02487
distillation,3565,1,9,0.0907,234.0,0.02459
distillation,4630,0,8,0.0895,254.0,0.02536
distillation,2337,0,20,0.166,244.0,0.025
distillation,1708,0,10,0.1229,240.0,0.02544
distillation,1177,0,9,0.065,263.0,0.02496
distillation,4502,1,11,0.185,171.0,0.02507
distillation,1958,1,10,0.1846,148.0,0.02487
distillation,581,1,8,0.1757,127.0,0.02476
distillation,3144,1,9,0.1673,169.0,0.02515
distillation,3785,1,8,0.0793,283.0,0.02466
distillation,3051,1,16,0.1213,226.0,0.02501
distillation,3707,1,10,0.1019,286.0,0.02488
distillation,4111,1,9,0.1382,189.0,0.02487
distillation,2065,0,9,0.1231,286.0,0.02487
distillation,1996,1,9,0.1657,153.0,0.02513
distillation,4654,0,8,0.0602,331.0,0.02523
distillation,4203,0,14,0.1147,329.0,0.02492
distillation,2755,1,10,0.1077,273.0,0.02508
distillation,2719,1,12,0.1981,140.0,0.02525
distillation,2069,1,10,0.1762,155.0,0.02482
distillation,4916,1,10,0.095,221.0,0.0253
distillation,2619,1,9,0.0981,320.0,0.02473
distillation,3518,1,12,0.1432,176.0,0.02531
distillation,980,1,8,0.1426,248.0,0.02482
distillation,2606,1,11,0.1415,198.0,0.02501
distillation,2491,1,9,0.0656,271.0,0.02499
distillation,1533,1,13,0.1379,179.0,0.02457
distillation,3697,1,15,0.1697,195.0,0.02506
distillation,3920,1,10,0.1158,242.0,0.02506
distillation,3099,0,10,0.0907,307.0,0.02544
distillation,2991,1,9,0.1696,153.0,0.02488
distillation,2285,1,9,0.1316,294.0,0.02516
distillation,4628,0,8,-0.0076,413.0,0.02464
distillation,1891,1,11,0.1157,250.0,0.02452
distillation,1814,1,11,0.1427,198.0,0.02508
distillation,230,1,17,0.0948,262.0,0.02463
distillation,4709,0,8,0.1476,264.0,0.0244
distillation,283,1,8,0.167,187.0,0.02464
distillation,1696,0,11,0.1543,222.0,0.02514
distillation,2915,1,12,0.184,194.0,0.02454
distillation,2666,1,10,0.0236,269.0,0.02476
distillation,3484,1,10,0.1723,181.0,0.02501
distillation,4018,1,12,0.1801,193.0,0.02482
distillation,4743,0,12,0.0888,359.0,0.02509
distillation,4200,1,8,0.1522,213.0,0.02496
distillation,3659,1,8,0.1039,229.0,0.02499
distillation,4083,1,10,0.0911,203.0,0.02498
distillation,3245,1,8,0.1376,233.0,0.02485
distillation,2212,1,15,0.1272,226.0,0.02498
distillation,4223,1,12,0.1249,208.0,0.02509
distillation,88,1,13,0.1597,155.0,0.02478
distillation,4388,1,14,0.1154,235.0,0.02515
distillation,2303,1,8,0.0918,233.0,0.02518
distillation,1380,0,10,0.1443,327.0,0.02501
distillation,1556,0,8,0.137,288.0,0.0251
distillation,4277,1,9,0.1659,234.0,0.02484
distillation,648,1,10,0.1841,226.0,0.02491
distillation,1632,1,8,0.1358,211.0,0.02465
distillation,1298,1,13,0.1213,221.0,0.02525
distillation,995,1,8,0.063,237.0,0.02485
distillation,1420,0,9,0.0156,447.0,0.02488
distillation,3570,1,8,0.1183,253.0,0.02474
distillation,4925,0,12,0.0881,300.0,0.02514
distillation,1118,1,15,0.1543,184.0,0.02489
distillation,2983,0,9,0.0957,334.0,0.02515
distillation,2224,0,11,0.1476,306.0,0.02477
distillation,3761,1,11,0.1099,257.0,0.02554
distillation,3576,0,10,0.0525,431.0,0.02463
distillation,667,0,8,0.067,318.0,0.02469
distillation,1706,1,9,0.1887,238.0,0.02482
distillation,4300,1,11,0.1372,188.0,0.02453
distillation,1829,1,13,0.1535,264.0,0.02493
distillation,3680,0,9,0.0788,248.0,0.02511
distillation,1272,1,11,0.087,246.0,0.02493
distillation,2407,0,11,0.0775,373.0,0.02526
distillation,2647,1,9,0.0396,243.0,0.02499
distillation,4960,1,10,0.1178,240.0,0.02512
distillation,2196,1,19,0.1408,164.0,0.02499
distillation,900,0,10,0.076,290.0,0.02493
distillation,1979,0,8,0.1161,273.0,0.02487
distillation,3194,1,10,0.1744,222.0,0.02514
distillation,4016,0,12,0.0702,351.0,0.02434
distillation,2615,1,9,0.1104,228.0,0.02472
distillation,3910,0,11,0.0334,415.0,0.02497
distillation,1332,1,12,0.1171,258.0,0.02479
distillation,1505,1,9,0.1351,276.0,0.02491
distillation,2373,1,13,0.1229,277.0,0.02499
distillation,1364,1,12,0.1671,208.0,0.02461
distillation,2106,0,11,0.1768,217.0,0.02514
distillation,1104,1,9,0.0879,199.0,0.02564
distillation,325,1,13,0.1651,196.0,0.02493
distillation,345,1,12,0.0893,257.0,0.02523
distillation,4512,1,8,0.1411,287.0,0.02505
distillation,1750,0,13,0.042,383.0,0.02503
distillation,23,1,10,0.1231,218.0,0.02495
distillation,1,1,12,0.084,263.0,0.02519
distillation,2873,1,12,0.1292,203.0,0.02474
distillation,3493,1,10,0.0994,229.0,0.02537
distillation,708,0,10,0.1018,276.0,0.02499
distillation,3350,1,12,0.0861,206.0,0.02478
distillation,4922,1,10,0.1216,255.0,0.02495
distillation,4013,0,14,0.0984,328.0,0.02497
distillation,555,1,11,0.0718,322.0,0.02436
distillation,1766,1,13,0.1574,176.0,0.02466
distillation,4692,1,9,0.0918,180.0,0.02484
distillation,2160,1,11,0.1507,241.0,0.02523
distillation,4199,1,15,0.1027,234.0,0.02483
distillation,4159,0,8,0.0639,290.0,0.02486
distillation,2345,1,11,0.1439,219.0,0.02537
distillation,4945,1,12,0.1933,172.0,0.0251
distillation,2044,1,8,0.1081,233.0,0.02518
distillation,2260,1,10,0.1428,211.0,0.02532
distillation,1327,1,8,0.0455,196.0,0.02465
distillation,4761,0,9,0.0345,336.0,0.02457
distillation,3434,1,10,0.1304,254.0,0.02507
distillation,982,1,8,0.1386,194.0,0.02499
distillation,1855,1,13,0.1197,209.0,0.02478
distillation,4717,1,8,0.1107,221.0,0.02526
distillation,1410,0,9,0.0613,396.0,0.02465
distillation,4215,0,12,0.1392,269.0,0.02489
distillation,4712,0,10,0.0461,350.0,0.02536
distillation,927,0,8,0.1102,296.0,0.02507
distillation,3335,1,11,0.1009,230.0,0.02484
distillation,1790,1,8,0.1032,238.0,0.02524
distillation,480,1,12,0.1467,257.0,0.02496
distillation,2954,1,15,0.1125,195.0,0.02487
distillation,2223,1,10,0.0836,287.0,0.02495
distillation,803,0,10,0.0621,528.0,0.02524
distillation,2724,0,10,0.0712,354.0,0.02496
distillation,536,1,14,0.1489,230.0,0.025
distillation,2243,0,25,0.095,255.0,0.02476
distillation,3388,1,14,0.1453,222.0,0.02491
distillation,3025,1,10,0.2206,181.0,0.02487
distillation,4396,1,14,0.1754,197.0,0.02494
distillation,4194,0,11,0.118,275.0,0.02517
distillation,3473,1,10,0.0926,233.0,0.02514
distillation,3156,1,14,0.1324,190.0,0.0252
distillation,2447,1,8,0.103,216.0,0.02441
distillation,2275,1,10,0.1137,195.0,0.02518
distillation,3491,1,8,0.1181,238.0,0.02472
distillation,4770,0,8,0.1666,210.0,0.0248
distillation,4939,1,8,0.0648,208.0,0.02504
distillation,4349,1,8,0.0938,289.0,0.02492
distillation,4418,0,12,0.0728,272.0,0.02491
distillation,1953,0,10,0.1187,245.0,0.02481
distillation,4748,1,10,0.1088,199.0,0.02515
distillation,4411,1,15,0.1223,169.0,0.02487
distillation,638,0,13,0.1098,387.0,0.02506
distillation,185,1,10,0.1721,238.0,0.02503
distillation,3381,1,10,0.1793,187.0,0.02464
distillation,2888,1,10,0.1732,163.0,0.02471
distillation,680,0,9,0.0629,330.0,0.02506
distillation,2124,0,9,0.1255,295.0,0.02518
distillation,4132,1,11,0.1575,202.0,0.02515
distillation,3432,0,11,0.0894,297.0,0.02422
distillation,485,1,8,0.1163,259.0,0.02496
distillation,4955,1,10,0.0874,202.0,0.02467
distillation,4072,0,10,0.1433,215.0,0.02511
distillation,1761,1,12,0.1462,210.0,0.02512
distillation,4802,1,10,0.1557,200.0,0.02516
distillation,4143,0,13,0.1119,298.0,0.02506
distillation,1220,1,11,0.0842,212.0,0.02531
distillation,3332,1,9,0.1092,190.0,0.02471
distillation,4118,0,9,0.1278,260.0,0.02497
distillation,462,1,9,0.1324,218.0,0.02498
distillation,3162,1,12,0.061,241.0,0.02478
distillation,3628,1,8,0.1351,236.0,0.02474
distillation,4093,0,9,0.0554,420.0,0.025
distillation,2140,1,8,0.0921,340.0,0.0245
distillation,4848,1,10,0.094,193.0,0.0248
distillation,3956,1,10,0.1237,220.0,0.02463
distillation,2188,1,11,0.1211,205.0,0.02489
distillation,1826,0,15,0.105,300.0,0.02444
distillation,553,1,12,0.1263,255.0,0.02501
distillation,2828,0,9,0.1459,288.0,0.02459
distillation,4181,0,9,0.0093,313.0,0.02479
distillation,1767,0,13,0.0851,218.0,0.02501
distillation,3119,0,15,0.0997,269.0,0.02414
distillation,3481,1,13,0.1407,176.0,0.02524
distillation,2487,0,12,0.1014,282.0,0.025
distillation,4796,1,9,0.1554,224.0,0.02465
distillation,286,0,10,0.1192,251.0,0.02525
distillation,465,0,8,0.0677,361.0,0.02491
distillation,2670,1,18,0.2019,227.0,0.02532
distillation,37,1,11,0.1274,293.0,0.02501
distillation,3081,0,10,0.0744,318.0,0.02505
distillation,2287,1,8,0.1547,205.0,0.02482
distillation,4154,0,11,0.0832,452.0,0.02517
distillation,4820,0,9,0.1193,272.0,0.02482
distillation,1202,0,9,0.1412,238.0,0.02495
distillation,3759,1,10,0.1373,227.0,0.02499
distillation,622,1,15,0.1343,193.0,0.0253
distillation,4365,1,8,0.0944,211.0,0.02499
distillation,1457,1,10,0.1254,192.0,0.02512
distillation,2058,0,10,0.1489,275.0,0.02508
distillation,2078,1,12,0.158,181.0,0.02506
distillation,1536,1,10,0.1757,145.0,0.02484
distillation,1642,1,13,0.1257,271.0,0.02503
distillation,2215,1,9,0.1121,243.0,0.02508
distillation,2863,1,12,0.1704,149.0,0.02501
distillation,3349,1,9,0.1496,230.0,0.0254
distillation,3374,1,10,0.0759,280.0,0.02527
distillation,4689,1,9,0.0369,288.0,0.02497
distillation,3287,1,7,0.1606,188.0,0.02478
distillation,3687,1,13,0.0868,278.0,0.0252
distillation,408,1,12,0.142,231.0,0.02464
distillation,4753,1,11,0.1229,235.0,0.02488
distillation,1376,1,12,0.1594,210.0,0.02483
distillation,1077,1,7,0.118,211.0,0.0251
distillation,1515,1,11,0.144,205.0,0.02491
distillation,1926,0,9,0.0046,415.0,0.02516
distillation,4708,0,9,0.0932,288.0,0.02502
distillation,2669,0,8,0.1198,309.0,0.02457
distillation,4598,1,11,0.1999,206.0,0.02498
distillation,1256,1,17,0.1128,247.0,0.02507
distillation,429,0,9,0.1298,262.0,0.02511
distillation,4894,0,8,0.07,313.0,0.02479
distillation,3058,0,10,0.0896,350.0,0.02499
distillation,2033,1,12,0.1701,216.0,0.02465
distillation,3482,1,9,0.0771,177.0,0.02476
distillation,2338,1,10,0.1229,264.0,0.02471
distillation,4231,1,11,0.1904,170.0,0.02493
distillation,1127,1,8,0.122,294.0,0.02511
distillation,2962,0,10,0.0106,321.0,0.02486
distillation,1489,0,10,0.0872,254.0,0.02432
distillation,2718,1,11,0.1538,188.0,0.025
distillation,2953,1,12,0.1251,218.0,0.02514
distillation,917,1,9,0.1404,216.0,0.02511
distillation,1432,1,10,0.1804,170.0,0.02502
distillation,3008,1,11,0.1506,199.0,0.02478
distillation,2958,0,11,0.1001,292.0,0.02536
distillation,1163,1,11,0.1672,243.0,0.02493
distillation,1999,0,9,0.0711,363.0,0.02455
distillation,4560,1,9,0.0878,338.0,0.02487
distillation,3983,1,8,0.1543,222.0,0.0249
distillation,4940,1,14,0.1673,169.0,0.02478
distillation,85,0,10,0.0696,335.0,0.02505
distillation,4501,1,13,0.1648,206.0,0.025
distillation,248,1,8,0.1666,183.0,0.02521
distillation,519,1,10,0.1507,161.0,0.02498
distillation,2743,0,9,0.1058,249.0,0.0253
distillation,4065,1,10,0.1675,137.0,0.02501
distillation,712,0,10,0.0954,205.0,0.02487
distillation,1277,1,9,0.1355,166.0,0.02465
distillation,4400,0,11,0.1273,260.0,0.02534
distillation,1662,1,9,0.1339,231.0,0.02496
distillation,3637,0,10,0.096,322.0,0.025
distillation,3065,1,11,0.184,221.0,0.02526
distillation,809,0,10,0.0966,263.0,0.02503
distillation,2381,1,12,0.1007,236.0,0.02495
distillation,3519,1,11,0.0938,199.0,0.02556
distillation,501,0,9,0.1173,319.0,0.02488
distillation,3229,0,10,0.0605,352.0,0.02516
distillation,227,1,12,0.1359,131.0,0.02518
distillation,2125,1,10,0.1732,201.0,0.02518
distillation,3477,1,11,0.1244,237.0,0.02497
distillation,3180,1,11,0.2348,195.0,0.02497
distillation,1068,0,9,0.095,332.0,0.02486
distillation,3095,1,11,0.2205,163.0,0.02522
distillation,1651,1,11,0.2149,191.0,0.02462
distillation,2736,1,10,0.1971,183.0,0.02472
distillation,620,0,9,0.0624,338.0,0.02531
distillation,621,1,8,0.0952,259.0,0.02524
distillation,4446,0,11,0.0515,260.0,0.02547
distillation,2012,1,12,0.1539,220.0,0.02522
distillation,3286,0,8,0.078,333.0,0.02466
distillation,3305,0,10,0.0329,285.0,0.02513
distillation,4157,1,9,0.1505,219.0,0.02482
distillation,3319,0,13,0.1544,303.0,0.02519
distillation,2081,1,12,0.151,210.0,0.02495
distillation,748,0,11,0.1473,277.0,0.0254
distillation,1763,1,12,0.1851,189.0,0.02506
distillation,4292,1,11,0.0832,235.0,0.02446
distillation,4547,1,8,0.1319,199.0,0.02525
distillation,685,0,9,0.1659,287.0,0.02484
distillation,4240,1,10,0.1314,249.0,0.02517
distillation,4079,1,9,0.1298,175.0,0.02489
distillation,221,0,9,0.1113,334.0,0.02499
distillation,1433,1,11,0.134,257.0,0.02499
distillation,203,1,11,0.1382,253.0,0.0252
distillation,1009,1,12,0.1401,230.0,0.02508
distillation,36,1,12,0.1463,210.0,0.02525
distillation,4161,0,9,0.1139,251.0,0.02473
distillation,4326,1,11,0.1239,211.0,0.02535
distillation,4313,1,9,0.1137,220.0,0.02486
distillation,3569,0,14,0.0852,270.0,0.02435
distillation,3585,1,8,0.19,164.0,0.0251
distillation,1992,1,9,0.1762,150.0,0.02524
distillation,1271,1,10,0.1438,196.0,0.02521
distillation,1021,1,10,0.091,261.0,0.02499
distillation,2397,1,13,0.1421,224.0,0.02481
distillation,4144,0,8,0.0973,355.0,0.02464
distillation,1726,1,10,0.1665,209.0,0.02486
distillation,1232,1,11,0.1021,229.0,0.02484
distillation,4791,1,8,0.1095,162.0,0.025
distillation,1474,0,9,0.0988,327.0,0.02497
distillation,2460,1,10,0.1467,191.0,0.02508
distillation,576,0,9,0.0548,422.0,0.02522
distillation,836,1,11,0.1825,239.0,0.02509
distillation,1722,1,10,0.1394,195.0,0.02499
distillation,4298,1,9,0.155,279.0,0.02512
distillation,3986,1,10,0.2106,174.0,0.02497
distillation,569,1,11,0.1412,189.0,0.0251
distillation,2865,1,14,0.1515,217.0,0.02548
distillation,2278,1,9,0.1673,179.0,0.02529
distillation,1622,1,13,0.1529,241.0,0.02504
distillation,182,1,11,0.1966,197.0,0.02508
distillation,382,1,8,0.0504,227.0,0.02495
distillation,4493,1,9,0.1239,222.0,0.02517
distillation,3238,0,10,0.0754,476.0,0.0252
distillation,3804,1,11,0.128,228.0,0.02497
distillation,1615,1,9,0.1488,258.0,0.02502
distillation,4237,1,10,0.139,301.0,0.02494
distillation,706,1,8,0.1808,155.0,0.02521
distillation,1888,1,11,0.1158,221.0,0.02502
distillation,4686,0,13,0.0363,328.0,0.02495
distillation,1736,1,10,0.1409,194.0,0.02497
distillation,206,0,10,0.1114,282.0,0.02497
distillation,1759,1,8,0.0891,194.0,0.02474
distillation,384,1,9,0.1273,159.0,0.0248
distillation,2753,0,9,0.1521,231.0,0.02479
distillation,2134,1,8,0.1276,202.0,0.02495
distillation,1755,1,14,0.1858,191.0,0.02475
distillation,4168,1,11,0.1543,196.0,0.02514
distillation,3311,1,12,0.1433,239.0,0.02516
distillation,457,1,10,0.1477,206.0,0.02477
distillation,4036,0,8,0.126,269.0,0.02487
distillation,3289,1,8,0.0682,273.0,0.02469
distillation,3629,1,10,0.146,207.0,0.02477
distillation,2306,0,12,0.0945,313.0,0.02468
distillation,3905,0,10,-0.0136,357.0,0.02493
distillation,2150,1,11,0.2026,172.0,0.02495
distillation,2016,1,9,0.0817,217.0,0.02481
distillation,4183,1,10,0.1317,284.0,0.02492
distillation,663,0,10,0.0466,290.0,0.0251
distillation,2635,0,8,0.0763,333.0,0.02521
distillation,3392,0,8,0.1283,250.0,0.02502
distillation,1547,1,22,0.1934,209.0,0.02481
distillation,3553,0,12,0.1476,236.0,0.02484
distillation,2339,1,8,0.1075,211.0,0.025
distillation,1692,1,11,0.1484,198.0,0.02504
distillation,1471,1,15,0.114,237.0,0.02479
distillation,768,1,15,0.1797,309.0,0.02495
distillation,3235,1,9,0.1106,240.0,0.02431
distillation,3967,1,13,0.1332,195.0,0.02488
distillation,4209,1,10,0.1489,176.0,0.02486
distillation,2076,1,13,0.208,225.0,0.02485
distillation,3371,1,12,0.1205,241.0,0.02498
distillation,3086,1,11,0.1794,250.0,0.02519
distillation,1861,0,12,0.1174,277.0,0.02497
distillation,1813,0,11,0.0649,284.0,0.02499
distillation,1640,1,9,0.1555,199.0,0.02486
distillation,4936,1,11,0.1455,283.0,0.02478
distillation,3561,1,11,0.1767,260.0,0.0249
distillation,3108,1,11,0.122,209.0,0.02499
distillation,4495,1,8,0.122,290.0,0.02532
distillation,841,1,9,0.1195,219.0,0.02484
distillation,4989,1,9,0.1662,167.0,0.02497
distillation,1815,0,11,0.1542,198.0,0.02523
distillation,4490,1,10,0.1364,221.0,0.02491
distillation,3648,1,9,0.2062,188.0,0.02493
distillation,3517,0,10,0.1073,217.0,0.02537
distillation,3726,1,9,0.0667,226.0,0.02513
distillation,3783,1,10,0.1388,185.0,0.02525
distillation,4659,1,10,0.1601,223.0,0.02466
distillation,857,1,8,0.0723,220.0,0.02515
distillation,2009,1,12,0.0923,232.0,0.02487
distillation,2795,1,10,0.187,179.0,0.02472
distillation,1303,1,10,0.1493,197.0,0.0249
distillation,925,1,14,0.1287,220.0,0.02476
distillation,2846,0,9,0.0899,265.0,0.02491
distillation,1771,0,11,0.0501,302.0,0.02466
distillation,1742,1,15,0.1454,182.0,0.02518
distillation,3987,1,13,0.0918,278.0,0.02493
distillation,2175,1,10,0.0706,282.0,0.02489
distillation,1422,1,9,0.119,258.0,0.02503
distillation,4551,1,11,0.1376,210.0,0.02488
distillation,2585,0,14,0.0964,287.0,0.0251
distillation,4188,1,12,0.0596,313.0,0.02511
distillation,4399,1,10,0.1189,236.0,0.02491
distillation,3082,1,11,0.0629,294.0,0.02517
distillation,2472,0,8,0.0917,361.0,0.02482
distillation,3960,1,9,0.1457,204.0,0.02485
distillation,1497,0,9,0.0495,490.0,0.02489
distillation,1889,1,9,0.1062,179.0,0.02496
distillation,1273,0,9,0.1174,287.0,0.02529
distillation,1288,1,9,0.0964,218.0,0.02492
distillation,4165,1,12,0.1118,226.0,0.02496
distillation,1834,0,10,0.1366,275.0,0.02472
distillation,4440,1,10,0.1161,220.0,0.02544
distillation,3077,1,10,0.1554,232.0,0.02488
distillation,3887,1,9,0.1462,199.0,0.02536
distillation,4744,1,9,0.125,215.0,0.02509
distillation,2878,0,9,0.1592,261.0,0.02494
distillation,4691,1,10,0.1107,192.0,0.0249
distillation,687,0,8,0.128,270.0,0.02484
distillation,1907,0,9,0.171,292.0,0.02531
distillation,3226,1,9,0.1578,222.0,0.02496
distillation,3267,1,12,0.1143,236.0,0.02474
distillation,3011,1,10,0.1682,226.0,0.02483
distillation,3996,1,10,0.1054,271.0,0.02494
distillation,2574,1,11,0.1286,210.0,0.02489
distillation,2281,1,12,0.1722,211.0,0.02517
distillation,527,0,8,0.1161,307.0,0.02512
distillation,3282,1,9,0.1687,203.0,0.02474
distillation,1230,1,10,0.1192,201.0,0.02517
distillation,2971,1,11,0.1598,171.0,0.02527
distillation,4460,0,14,0.1198,251.0,0.02488
distillation,1867,0,8,0.1523,242.0,0.02507
distillation,2748,0,10,0.1326,251.0,0.02487
distillation,794,1,10,0.1804,146.0,0.02517
distillation,2165,1,9,0.0948,227.0,0.02449
distillation,3489,1,12,0.1394,169.0,0.02488
distillation,1493,1,14,0.0615,293.0,0.02519
distillation,1982,1,9,0.1016,198.0,0.02509
distillation,1804,0,10,0.1073,306.0,0.02513
distillation,4005,0,10,0.1051,236.0,0.02471
distillation,4179,1,8,0.0321,269.0,0.02494
distillation,3236,1,10,0.0968,212.0,0.02523
distillation,2760,1,14,0.1171,208.0,0.02514
distillation,853,1,10,0.0951,199.0,0.02506
distillation,787,1,12,0.1445,200.0,0.02495
distillation,3963,0,12,0.0702,358.0,0.02465
distillation,4386,0,10,0.0402,393.0,0.02481
distillation,4609,1,10,0.1712,265.0,0.02464
distillation,1523,1,14,0.1396,222.0,0.02513
distillation,1718,0,10,0.0912,382.0,0.0249
distillation,2324,1,10,0.1427,194.0,0.02525
distillation,1324,1,10,0.1173,222.0,0.02483
distillation,546,1,10,0.1955,184.0,0.02511
distillation,615,1,11,0.1298,217.0,0.02519
distillation,369,1,12,0.2058,178.0,0.02497
distillation,4554,1,9,0.1316,162.0,0.02498
distillation,4807,1,13,0.1571,244.0,0.02537
distillation,1073,1,9,0.1089,265.0,0.02468
distillation,2906,1,12,0.1234,229.0,0.0247
distillation,1357,0,11,0.1138,268.0,0.02532
head-adapt,398,0,9,,396.0,0.02513
head-adapt,3833,1,10,,214.0,0.02481
head-adapt,4836,1,8,,210.0,0.02477
head-adapt,4572,1,10,,251.0,0.02534
head-adapt,636,0,9,,256.0,0.02516
head-adapt,2545,1,11,,152.0,0.0251
head-adapt,1161,1,9,,227.0,0.02494
head-adapt,2230,1,9,,270.0,0.02474
head-adapt,148,0,11,,251.0,0.02492
head-adapt,2530,1,12,,235.0,0.02534
head-adapt,4070,1,15,,283.0,0.02464
head-adapt,1261,1,12,,221.0,0.02493
head-adapt,4682,1,8,,216.0,0.02455
head-adapt,333,1,10,,210.0,0.02521
head-adapt,906,0,11,,253.0,0.02503
head-adapt,3170,1,11,,259.0,0.0248
head-adapt,483,0,11,,307.0,0.02482
head-adapt,2825,1,8,,209.0,0.02513
head-adapt,1778,1,11,,207.0,0.02482
head-adapt,2466,1,12,,224.0,0.02527
head-adapt,159,1,9,,252.0,0.02521
head-adapt,1563,1,9,,227.0,0.02513
head-adapt,402,0,10,,277.0,0.02521
head-adapt,4258,1,14,,254.0,0.02502
head-adapt,4775,1,9,,286.0,0.02488
head-adapt,1095,1,10,,228.0,0.0252
head-adapt,3054,1,14,,214.0,0.02489
head-adapt,4268,1,9,,201.0,0.02532
head-adapt,3711,1,20,,169.0,0.02498
head-adapt,453,1,8,,240.0,0.0255
head-adapt,4085,1,9,,195.0,0.02493
head-adapt,3861,1,9,,172.0,0.02484
head-adapt,4390,1,9,,218.0,0.02493
head-adapt,1902,0,11,,313.0,0.02507
head-adapt,2412,1,8,,156.0,0.02498
head-adapt,1362,1,10,,157.0,0.02513
head-adapt,3777,1,14,,185.0,0.02503
head-adapt,3589,0,9,,313.0,0.02496
head-adapt,3897,1,8,,197.0,0.02497
head-adapt,3411,0,10,,271.0,0.02523
head-adapt,3635,1,12,,200.0,0.02523
head-adapt,2550,1,11,,195.0,0.02476
head-adapt,4643,0,12,,298.0,0.02502
head-adapt,1571,0,9,,223.0,0.02556
head-adapt,608,1,8,,187.0,0.02504
head-adapt,2172,1,8,,270.0,0.02481
head-adapt,675,1,9,,275.0,0.02499
head-adapt,4175,1,10,,269.0,0.0247
head-adapt,376,1,9,,312.0,0.02534
head-adapt,3009,1,8,,257.0,0.0252
head-adapt,3901,0,11,,348.0,0.02486
head-adapt,3740,1,9,,241.0,0.02483
head-adapt,134,1,9,,275.0,0.02495
head-adapt,1654,1,9,,142.0,0.02496
head-adapt,1875,1,8,,223.0,0.02491
head-adapt,4344,1,11,,285.0,0.0252
head-adapt,533,0,12,,325.0,0.02497
head-adapt,4763,0,13,,341.0,0.02502
head-adapt,2219,1,12,,185.0,0.02484
head-adapt,2876,1,12,,200.0,0.02498
head-adapt,2111,0,12,,323.0,0.02509
head-adapt,933,0,11,,272.0,0.02494
head-adapt,2636,1,11,,187.0,0.02519
head-adapt,3048,1,9,,171.0,0.02518
head-adapt,4394,0,9,,278.0,0.02501
head-adapt,464,1,10,,212.0,0.025
head-adapt,2048,0,11,,369.0,0.02476
head-adapt,2796,0,15,,319.0,0.02509
head-adapt,4523,1,10,,199.0,0.02505
head-adapt,2036,0,11,,332.0,0.02498
head-adapt,381,1,11,,264.0,0.0249
head-adapt,3936,1,13,,233.0,0.02479
head-adapt,862,1,9,,229.0,0.02509
head-adapt,3696,1,10,,213.0,0.02511
head-adapt,567,1,16,,220.0,0.02526
head-adapt,1281,1,15,,179.0,0.02495
head-adapt,1002,1,10,,187.0,0.02501
head-adapt,138,1,9,,307.0,0.02479
head-adapt,3625,0,9,,214.0,0.02507
head-adapt,3222,1,10,,169.0,0.02511
head-adapt,2886,1,9,,220.0,0.02499
head-adapt,308,1,12,,252.0,0.02472
head-adapt,3528,0,9,,221.0,0.02509
head-adapt,304,0,9,,388.0,0.02497
head-adapt,1270,1,10,,247.0,0.02487
head-adapt,817,1,12,,200.0,0.02469
head-adapt,1098,1,8,,187.0,0.02495
head-adapt,1329,1,9,,200.0,0.02476
head-adapt,1965,1,12,,195.0,0.025
head-adapt,3583,0,11,,266.0,0.02513
head-adapt,3014,1,10,,203.0,0.02511
head-adapt,690,1,9,,275.0,0.02468
head-adapt,4178,1,10,,157.0,0.02512
head-adapt,502,1,11,,197.0,0.02503
head-adapt,291,0,11,,273.0,0.02501
head-adapt,2929,0,13,,330.0,0.02482
head-adapt,2814,1,11,,170.0,0.02512
head-adapt,4214,0,8,,246.0,0.02499
head-adapt,2831,0,8,,279.0,0.02473
head-adapt,1139,1,11,,197.0,0.02552
head-adapt,949,1,10,,231.0,0.02529
head-adapt,1379,0,11,,259.0,0.02524
head-adapt,4787,0,9,,245.0,0.02494
head-adapt,4102,1,9,,283.0,0.02503
head-adapt,891,0,10,,250.0,0.02482
head-adapt,3774,1,10,,167.0,0.02529
head-adapt,3682,1,13,,246.0,0.02499
head-adapt,1526,1,9,,285.0,0.02493
head-adapt,4185,1,8,,225.0,0.02522
head-adapt,1835,1,12,,225.0,0.02524
head-adapt,113,0,11,,257.0,0.02467
head-adapt,4257,1,12,,252.0,0.02461
head-adapt,3594,1,13,,207.0,0.02526
head-adapt,1465,1,10,,167.0,0.02505
head-adapt,1450,0,10,,230.0,0.02496
head-adapt,2513,1,10,,190.0,0.0254
head-adapt,4284,1,11,,220.0,0.02473
head-adapt,3812,1,8,,218.0,0.02519
head-adapt,4371,1,11,,226.0,0.02494
head-adapt,2587,1,10,,178.0,0.02449
head-adapt,2027,1,11,,193.0,0.02489
head-adapt,4315,1,8,,243.0,0.02499
head-adapt,1470,1,11,,260.0,0.02462
head-adapt,4348,1,9,,197.0,0.02474
head-adapt,4544,1,9,,238.0,0.02531
head-adapt,3846,1,10,,219.0,0.0249
head-adapt,214,1,9,,258.0,0.0246
head-adapt,2465,0,9,,214.0,0.02531
head-adapt,4834,1,10,,210.0,0.02502
head-adapt,1351,1,13,,257.0,0.02476
head-adapt,678,1,18,,181.0,0.02508
head-adapt,4863,1,11,,287.0,0.02523
head-adapt,3052,0,13,,321.0,0.02513
head-adapt,939,1,11,,217.0,0.02497
head-adapt,520,0,15,,247.0,0.0249
head-adapt,3650,1,17,,206.0,0.02501
head-adapt,1974,1,9,,208.0,0.02495
head-adapt,4467,1,9,,153.0,0.0248
head-adapt,2154,1,10,,183.0,0.0251
head-adapt,3288,0,9,,286.0,0.02496
head-adapt,2216,0,8,,296.0,0.02499
head-adapt,142,1,10,,267.0,0.02506
head-adapt,3488,1,9,,243.0,0.02488
head-adapt,4130,0,10,,315.0,0.02553
head-adapt,2329,1,10,,290.0,0.02541
head-adapt,1702,0,9,,264.0,0.02517
head-adapt,4120,1,11,,211.0,0.02508
head-adapt,3733,0,11,,306.0,0.02476
head-adapt,3865,0,8,,287.0,0.02451
head-adapt,3443,1,9,,136.0,0.0251
head-adapt,405,1,12,,229.0,0.02487
head-adapt,3655,1,13,,310.0,0.02485
head-adapt,4169,1,13,,172.0,0.0249
head-adapt,4150,1,10,,235.0,0.02509
head-adapt,298,1,8,,287.0,0.02484
head-adapt,735,0,11,,325.0,0.02473
head-adapt,4672,1,11,,264.0,0.0244
head-adapt,2370,1,12,,151.0,0.025
head-adapt,42,0,13,,315.0,0.02518
head-adapt,4244,0,12,,375.0,0.02476
head-adapt,624,1,9,,282.0,0.02477
head-adapt,4583,1,9,,235.0,0.02542
head-adapt,3595,0,8,,280.0,0.02485
head-adapt,666,0,12,,380.0,0.02502
head-adapt,1793,1,11,,235.0,0.02513
head-adapt,3001,0,11,,234.0,0.02476
head-adapt,4995,1,8,,250.0,0.02521
head-adapt,4612,1,9,,244.0,0.02496
head-adapt,4445,1,12,,245.0,0.02532
head-adapt,1109,1,10,,219.0,0.02495
head-adapt,2247,1,8,,213.0,0.02507
head-adapt,4248,1,14,,208.0,0.02502
head-adapt,4137,1,12,,235.0,0.02478
head-adapt,562,1,10,,245.0,0.02495
head-adapt,2452,1,10,,241.0,0.02513
head-adapt,2707,1,10,,176.0,0.02504
head-adapt,3830,1,11,,150.0,0.02521
head-adapt,2782,1,9,,228.0,0.02478
head-adapt,4170,0,10,,264.0,0.02492
head-adapt,1680,1,11,,213.0,0.02521
head-adapt,1122,1,12,,255.0,0.02457
head-adapt,49,0,11,,305.0,0.02525
head-adapt,1091,1,10,,204.0,0.02456
head-adapt,137,0,9,,328.0,0.02481
head-adapt,3098,1,11,,157.0,0.0251
head-adapt,302,1,11,,255.0,0.02493
head-adapt,3362,1,14,,249.0,0.02529
head-adapt,12,1,9,,247.0,0.0249
head-adapt,4540,1,8,,260.0,0.02507
head-adapt,2631,1,9,,275.0,0.02522
head-adapt,4098,1,10,,243.0,0.02469
head-adapt,4694,1,11,,208.0,0.02451
head-adapt,130,1,12,,208.0,0.02516
head-adapt,1141,1,10,,223.0,0.02508
head-adapt,30,1,8,,341.0,0.02502
head-adapt,2776,0,8,,310.0,0.02506
head-adapt,4506,1,13,,193.0,0.02499
head-adapt,1803,0,12,,288.0,0.02523
head-adapt,4363,1,9,,259.0,0.02514
head-adapt,977,1,12,,202.0,0.02514
head-adapt,871,0,12,,309.0,0.02514
head-adapt,3794,1,11,,205.0,0.02493
head-adapt,3270,1,11,,228.0,0.02506
head-adapt,202,1,11,,269.0,0.02493
head-adapt,2038,1,10,,245.0,0.02455
head-adapt,575,1,10,,266.0,0.02484
head-adapt,4030,1,11,,214.0,0.02518
head-adapt,2445,1,9,,209.0,0.02481
head-adapt,3801,1,7,,202.0,0.02478
head-adapt,1511,1,10,,263.0,0.02521
head-adapt,3554,0,8,,327.0,0.02515
head-adapt,2951,1,10,,175.0,0.0249
head-adapt,2864,1,10,,262.0,0.02553
head-adapt,3881,1,9,,167.0,0.02505
head-adapt,704,1,12,,230.0,0.02484
head-adapt,4463,1,10,,184.0,0.02484
head-adapt,125,1,8,,225.0,0.02527
head-adapt,3580,1,10,,199.0,0.02473
head-adapt,2378,1,13,,189.0,0.02491
head-adapt,154,1,12,,184.0,0.0251
head-adapt,4837,1,13,,230.0,0.02478
head-adapt,3380,1,14,,243.0,0.02517
head-adapt,2030,1,10,,236.0,0.02489
head-adapt,3464,1,9,,318.0,0.0252
head-adapt,601,0,13,,295.0,0.02484
head-adapt,1237,1,9,,185.0,0.02518
head-adapt,3348,0,9,,295.0,0.02493
head-adapt,98,0,9,,306.0,0.02502
head-adapt,3993,1,8,,233.0,0.02513
head-adapt,1490,0,8,,260.0,0.02485
head-adapt,3577,1,9,,187.0,0.02505
head-adapt,39,0,10,,381.0,0.02491
head-adapt,3416,1,11,,253.0,0.02494
head-adapt,1741,0,11,,322.0,0.02515
head-adapt,4872,0,9,,331.0,0.02476
head-adapt,348,1,8,,327.0,0.02476
head-adapt,2531,0,12,,291.0,0.02504
head-adapt,72,0,10,,305.0,0.02477
head-adapt,867,1,9,,222.0,0.02527
head-adapt,812,0,10,,264.0,0.02478
head-adapt,4345,1,10,,249.0,0.02509
head-adapt,3664,1,14,,173.0,0.02518
head-adapt,4323,1,18,,203.0,0.02472
head-adapt,1185,1,9,,191.0,0.02479
head-adapt,4843,0,12,,269.0,0.02436
head-adapt,3201,1,10,,166.0,0.02518
head-adapt,3507,1,10,,241.0,0.02502
head-adapt,1670,1,15,,228.0,0.02493
head-adapt,4468,0,9,,305.0,0.02509
head-adapt,1343,1,11,,252.0,0.02511
head-adapt,491,1,10,,204.0,0.02512
head-adapt,495,1,11,,189.0,0.02459
head-adapt,2091,1,8,,204.0,0.02524
head-adapt,3779,0,10,,222.0,0.02528
head-adapt,3239,1,11,,189.0,0.02511
head-adapt,3575,1,9,,148.0,0.02489
head-adapt,3539,1,9,,198.0,0.02469
head-adapt,2816,0,14,,364.0,0.02507
head-adapt,4847,1,8,,273.0,0.02461
head-adapt,2616,1,11,,272.0,0.02498
head-adapt,3606,1,9,,236.0,0.02489
head-adapt,4171,1,15,,261.0,0.0251
head-adapt,1658,0,8,,371.0,0.02508
head-adapt,1772,1,10,,195.0,0.02542
head-adapt,4580,1,10,,205.0,0.02478
head-adapt,1852,1,10,,138.0,0.02465
head-adapt,499,1,9,,247.0,0.02483
head-adapt,1544,1,9,,208.0,0.02488
head-adapt,4452,1,10,,221.0,0.02506
head-adapt,849,1,10,,181.0,0.02512
head-adapt,2807,0,9,,347.0,0.02494
head-adapt,2686,0,10,,283.0,0.0252
head-adapt,4328,1,10,,205.0,0.02493
head-adapt,2640,0,10,,315.0,0.02493
head-adapt,3634,1,12,,219.0,0.02479
head-adapt,2118,0,13,,317.0,0.02533
head-adapt,716,0,9,,414.0,0.02482
head-adapt,158,1,11,,275.0,0.02519
head-adapt,4166,0,10,,198.0,0.02472
head-adapt,1005,0,10,,322.0,0.02488
head-adapt,124,1,8,,245.0,0.02476
head-adapt,4204,0,16,,383.0,0.02553
head-adapt,4121,0,8,,316.0,0.0252
head-adapt,3177,1,9,,155.0,0.02501
head-adapt,2232,1,10,,259.0,0.02476
head-adapt,2939,1,9,,290.0,0.02496
head-adapt,530,0,11,,265.0,0.0253
head-adapt,776,0,11,,327.0,0.0248
head-adapt,4391,1,8,,224.0,0.02471
head-adapt,2239,1,10,,167.0,0.02474
head-adapt,3453,1,8,,226.0,0.02504
head-adapt,2815,1,9,,272.0,0.02425
head-adapt,3217,1,10,,311.0,0.02515
head-adapt,918,0,9,,229.0,0.02516
head-adapt,1328,1,10,,264.0,0.02512
head-adapt,446,0,8,,235.0,0.02479
head-adapt,4953,1,8,,213.0,0.02508
head-adapt,1377,1,10,,158.0,0.02529
head-adapt,3899,1,10,,209.0,0.02492
head-adapt,1259,1,12,,227.0,0.02485
head-adapt,4844,0,11,,313.0,0.02514
head-adapt,3743,1,9,,234.0,0.02522
head-adapt,842,1,12,,228.0,0.02487
head-adapt,3866,1,10,,210.0,0.02515
head-adapt,3731,0,10,,362.0,0.02497
head-adapt,241,1,11,,270.0,0.02503
head-adapt,2839,1,9,,290.0,0.02456
head-adapt,2985,1,10,,179.0,0.02499
head-adapt,4979,1,9,,146.0,0.02494
head-adapt,771,1,11,,195.0,0.02525
head-adapt,3824,0,11,,277.0,0.02511
head-adapt,3876,1,11,,285.0,0.02542
head-adapt,1011,1,9,,184.0,0.02473
head-adapt,843,1,8,,183.0,0.02477
head-adapt,4700,1,8,,241.0,0.02505
head-adapt,1545,1,12,,197.0,0.02473
head-adapt,192,1,11,,257.0,0.02474
head-adapt,3735,1,10,,333.0,0.02479
head-adapt,2872,1,11,,198.0,0.02526
head-adapt,1338,0,9,,231.0,0.02487
head-adapt,3343,1,16,,293.0,0.0253
head-adapt,2517,1,10,,181.0,0.02512
head-adapt,3689,1,12,,247.0,0.02535
head-adapt,3354,0,10,,301.0,0.02493
head-adapt,380,0,11,,331.0,0.02531
head-adapt,29,1,12,,222.0,0.02471
head-adapt,4243,0,8,,274.0,0.02497
head-adapt,3672,1,10,,177.0,0.0249
head-adapt,3771,1,11,,199.0,0.02507
head-adapt,1051,1,8,,244.0,0.02492
head-adapt,534,1,11,,196.0,0.02454
head-adapt,1267,1,12,,167.0,0.02503
head-adapt,3274,0,9,,296.0,0.02457
head-adapt,4533,1,11,,176.0,0.02501
head-adapt,3503,0,12,,271.0,0.02465
head-adapt,4510,1,11,,192.0,0.02498
head-adapt,2947,1,10,,164.0,0.02487
head-adapt,1116,1,15,,297.0,0.02522
head-adapt,1969,1,11,,159.0,0.02514
head-adapt,4283,1,9,,208.0,0.02541
head-adapt,3307,1,12,,194.0,0.0251
head-adapt,4617,1,9,,188.0,0.02491
head-adapt,3923,0,8,,460.0,0.02496
head-adapt,4522,0,8,,389.0,0.02523
head-adapt,2658,1,10,,216.0,0.02419
head-adapt,1115,1,8,,249.0,0.02444
head-adapt,3892,1,14,,196.0,0.02519
head-adapt,2731,1,9,,218.0,0.02526
head-adapt,1949,1,9,,261.0,0.02526
head-adapt,4529,1,12,,262.0,0.0248
head-adapt,4961,1,15,,215.0,0.02494
head-adapt,3970,1,9,,224.0,0.02532
head-adapt,1765,0,10,,339.0,0.02534
head-adapt,347,1,11,,192.0,0.02531
head-adapt,4613,0,8,,328.0,0.02474
head-adapt,3188,1,9,,199.0,0.02541
head-adapt,2590,1,12,,184.0,0.0252
head-adapt,3845,1,12,,178.0,0.0247
head-adapt,4441,1,11,,172.0,0.02528
head-adapt,1419,1,11,,255.0,0.02491
head-adapt,1800,0,10,,275.0,0.02518
head-adapt,1399,1,8,,184.0,0.02509
head-adapt,1705,1,11,,311.0,0.02502
head-adapt,661,1,9,,267.0,0.02461
head-adapt,1977,1,8,,244.0,0.025
head-adapt,4982,1,13,,178.0,0.02484
head-adapt,4379,1,11,,247.0,0.02472
head-adapt,4594,1,8,,204.0,0.02509
head-adapt,1428,0,9,,254.0,0.02481
head-adapt,4727,0,9,,321.0,0.02493
head-adapt,4932,1,9,,260.0,0.02508
head-adapt,1620,1,10,,183.0,0.02482
head-adapt,3859,1,9,,220.0,0.0248
head-adapt,2417,1,9,,224.0,0.02471
head-adapt,942,1,8,,266.0,0.0253
head-adapt,4610,0,11,,283.0,0.02467
head-adapt,3152,1,8,,222.0,0.02494
head-adapt,2087,1,11,,172.0,0.02499
head-adapt,2166,0,9,,276.0,0.02495
head-adapt,3089,1,9,,201.0,0.02495
head-adapt,489,1,22,,254.0,0.02473
head-adapt,4963,1,9,,251.0,0.02496
head-adapt,1839,1,8,,199.0,0.02512
head-adapt,4602,1,8,,231.0,0.025
head-adapt,4581,1,12,,160.0,0.02501
head-adapt,3317,1,12,,281.0,0.02486
head-adapt,2519,0,9,,257.0,0.02518
head-adapt,4074,1,10,,223.0,0.02505
head-adapt,1114,0,9,,298.0,0.02478
head-adapt,2744,1,9,,181.0,0.02508
head-adapt,349,1,13,,221.0,0.02488
head-adapt,4287,0,10,,264.0,0.02481
head-adapt,1991,1,10,,157.0,0.02488
head-adapt,3342,1,12,,288.0,0.02487
head-adapt,3141,1,9,,270.0,0.02516
head-adapt,1012,1,9,,186.0,0.02474
head-adapt,352,1,8,,171.0,0.0251
head-adapt,896,1,10,,233.0,0.02507
head-adapt,799,1,11,,183.0,0.02503
head-adapt,2455,1,10,,259.0,0.02525
head-adapt,4474,1,12,,235.0,0.02464
head-adapt,2788,1,8,,175.0,0.0249
head-adapt,1957,1,11,,335.0,0.02482
head-adapt,2473,1,10,,175.0,0.02488
head-adapt,639,1,12,,214.0,0.0252
head-adapt,1487,1,8,,211.0,0.02497
head-adapt,3161,1,10,,267.0,0.02529
head-adapt,2812,0,11,,321.0,0.02516
head-adapt,2592,0,11,,256.0,0.02485
head-adapt,3566,1,15,,209.0,0.02505
head-adapt,1082,1,10,,241.0,0.02496
head-adapt,4256,1,8,,175.0,0.02513
head-adapt,2383,1,8,,193.0,0.02506
head-adapt,531,1,12,,265.0,0.02451
head-adapt,541,0,9,,352.0,0.02485
head-adapt,4902,0,10,,259.0,0.02519
head-adapt,825,1,9,,251.0,0.02489
head-adapt,3088,0,13,,265.0,0.02546
head-adapt,4413,1,9,,205.0,0.02507
head-adapt,1738,1,9,,216.0,0.02499
head-adapt,2701,0,8,,259.0,0.0251
head-adapt,314,1,11,,267.0,0.02498
head-adapt,4830,1,11,,217.0,0.02484
head-adapt,2848,1,11,,213.0,0.02499
head-adapt,2214,0,9,,263.0,0.02523
head-adapt,1387,1,9,,269.0,0.02485
head-adapt,2201,1,11,,219.0,0.02485
head-adapt,2630,1,9,,231.0,0.02494
head-adapt,3326,1,8,,300.0,0.02458
head-adapt,1366,1,10,,216.0,0.02482
head-adapt,2049,1,11,,133.0,0.02525
head-adapt,394,1,11,,201.0,0.02484
head-adapt,4667,1,9,,226.0,0.02482
head-adapt,3315,1,9,,211.0,0.02495
head-adapt,2315,1,10,,225.0,0.02489
head-adapt,2311,0,9,,244.0,0.02481
head-adapt,2849,1,11,,202.0,0.02497
head-adapt,3233,1,11,,258.0,0.02496
head-adapt,1367,1,9,,246.0,0.02521
head-adapt,1246,1,12,,216.0,0.02546
head-adapt,3608,1,9,,234.0,0.02506
head-adapt,4429,0,10,,235.0,0.02523
head-adapt,2177,1,11,,189.0,0.02525
head-adapt,4398,1,9,,180.0,0.02465
head-adapt,4173,0,12,,281.0,0.02484
head-adapt,4954,1,11,,197.0,0.02477
head-adapt,1934,1,10,,254.0,0.02487
head-adapt,4409,1,14,,241.0,0.0251
head-adapt,2070,0,13,,323.0,0.02481
head-adapt,727,1,8,,256.0,0.02521
head-adapt,2379,1,9,,217.0,0.02504
head-adapt,2075,1,12,,243.0,0.02504
head-adapt,3199,1,8,,274.0,0.0249
head-adapt,3864,1,10,,161.0,0.02484
head-adapt,487,1,11,,210.0,0.02494
head-adapt,4624,0,9,,290.0,0.02515
head-adapt,780,1,8,,218.0,0.02515
head-adapt,3891,0,12,,260.0,0.02522
head-adapt,3341,1,8,,262.0,0.02519
head-adapt,3563,0,8,,304.0,0.02442
head-adapt,3228,1,9,,240.0,0.02478
head-adapt,218,1,11,,150.0,0.02516
head-adapt,4912,1,11,,235.0,0.02495
head-adapt,44,1,10,,260.0,0.02449
head-adapt,683,1,8,,256.0,0.02476
head-adapt,311,1,8,,216.0,0.02498
head-adapt,3438,1,10,,227.0,0.02495
head-adapt,2840,1,11,,205.0,0.02494
head-adapt,2182,1,9,,153.0,0.02539
head-adapt,3425,1,14,,179.0,0.02525
head-adapt,31,1,8,,224.0,0.02519
head-adapt,1418,1,9,,216.0,0.02472
head-adapt,1749,1,10,,239.0,0.02475
head-adapt,1108,1,11,,209.0,0.02486
head-adapt,3839,1,12,,153.0,0.02509
head-adapt,1567,0,11,,269.0,0.0251
head-adapt,4590,1,13,,203.0,0.02505
head-adapt,1022,1,10,,266.0,0.0249
head-adapt,2263,1,9,,215.0,0.02499
head-adapt,452,0,9,,373.0,0.02505
head-adapt,4899,1,8,,203.0,0.02522
head-adapt,2611,1,8,,234.0,0.02513
head-adapt,282,1,9,,261.0,0.02521
head-adapt,651,0,11,,318.0,0.02474
head-adapt,4046,1,9,,272.0,0.02498
head-adapt,1326,1,10,,204.0,0.02506
head-adapt,1176,1,9,,222.0,0.02493
head-adapt,2500,1,8,,216.0,0.02484
head-adapt,582,1,11,,162.0,0.02499
head-adapt,2875,1,8,,150.0,0.02499
head-adapt,2982,0,8,,314.0,0.02521
head-adapt,4213,1,17,,181.0,0.02526
head-adapt,4596,1,11,,273.0,0.02472
head-adapt,1393,1,9,,276.0,0.02439
head-adapt,3390,0,9,,234.0,0.02513
head-adapt,1928,1,10,,172.0,0.02454
head-adapt,4366,0,8,,285.0,0.02499
head-adapt,3550,1,9,,282.0,0.02481
head-adapt,2189,1,8,,238.0,0.02484
head-adapt,3480,1,10,,261.0,0.02458
head-adapt,3871,1,11,,189.0,0.0253
head-adapt,4299,0,8,,331.0,0.02514
head-adapt,4719,0,8,,291.0,0.02457
head-adapt,3195,1,14,,280.0,0.02507
head-adapt,1922,1,8,,224.0,0.02526
head-adapt,1075,1,14,,145.0,0.02511
head-adapt,751,1,10,,190.0,0.02505
head-adapt,463,1,14,,215.0,0.02496
head-adapt,4076,1,9,,246.0,0.02502
head-adapt,725,1,9,,218.0,0.02493
head-adapt,4785,1,11,,169.0,0.02471
head-adapt,2108,1,9,,147.0,0.02524
head-adapt,2164,1,11,,174.0,0.02466
head-adapt,3961,1,10,,207.0,0.0254
head-adapt,2752,0,12,,316.0,0.02535
head-adapt,245,0,10,,270.0,0.02466
head-adapt,1085,1,12,,240.0,0.02533
head-adapt,4731,1,13,,263.0,0.025
head-adapt,4156,1,9,,184.0,0.02546
head-adapt,2942,1,16,,285.0,0.0249
head-adapt,3103,1,9,,200.0,0.02538
head-adapt,2769,0,9,,432.0,0.02489
head-adapt,4304,1,14,,221.0,0.02488
head-adapt,2838,0,10,,208.0,0.02527
head-adapt,4225,0,21,,310.0,0.02504
head-adapt,4347,1,10,,164.0,0.02497
head-adapt,2626,1,8,,268.0,0.02459
head-adapt,1712,0,11,,298.0,0.02502
head-adapt,599,1,9,,235.0,0.02457
head-adapt,1014,1,9,,261.0,0.02479
head-adapt,3699,1,8,,190.0,0.02503
head-adapt,500,1,10,,240.0,0.02498
head-adapt,1480,1,9,,224.0,0.02518
head-adapt,3247,1,11,,219.0,0.02472
head-adapt,4711,1,9,,219.0,0.02477
head-adapt,3631,1,11,,215.0,0.02499
head-adapt,578,0,8,,317.0,0.02511
head-adapt,2131,1,8,,236.0,0.02506
head-adapt,4928,0,10,,228.0,0.02482
head-adapt,2523,1,14,,263.0,0.02468
head-adapt,3320,0,10,,300.0,0.02483
head-adapt,873,0,8,,507.0,0.02474
head-adapt,556,0,10,,246.0,0.02468
head-adapt,2457,1,9,,160.0,0.02493
head-adapt,2779,0,8,,264.0,0.025
head-adapt,2667,1,12,,205.0,0.02524
head-adapt,1065,1,10,,223.0,0.02516
head-adapt,470,0,8,,238.0,0.0251
head-adapt,3959,1,9,,247.0,0.02516
head-adapt,2879,1,12,,215.0,0.02521
head-adapt,3889,1,10,,159.0,0.0252
head-adapt,2217,1,14,,250.0,0.02519
head-adapt,1330,1,12,,178.0,0.02481
head-adapt,34,1,12,,202.0,0.02492
head-adapt,4134,1,11,,206.0,0.02517
head-adapt,3196,0,11,,282.0,0.02508
head-adapt,4952,1,10,,234.0,0.0249
head-adapt,895,1,10,,204.0,0.02535
head-adapt,4942,1,14,,193.0,0.02512
head-adapt,2959,0,9,,343.0,0.02503
head-adapt,2400,1,10,,193.0,0.02532
head-adapt,1160,1,9,,260.0,0.0247
head-adapt,3435,0,9,,255.0,0.02513
head-adapt,2553,1,10,,189.0,0.02512
head-adapt,4500,1,11,,195.0,0.02493
head-adapt,104,1,9,,220.0,0.02488
head-adapt,3712,1,10,,151.0,0.02513
head-adapt,3151,0,10,,348.0,0.02496
head-adapt,2808,1,13,,254.0,0.02486
head-adapt,4911,0,9,,324.0,0.0248
head-adapt,1358,1,11,,178.0,0.0253
head-adapt,1921,1,8,,227.0,0.02472
head-adapt,3925,1,8,,197.0,0.02504
head-adapt,2394,1,8,,275.0,0.0248
head-adapt,2926,1,11,,239.0,0.02495
head-adapt,1531,1,11,,192.0,0.02492
head-adapt,634,1,10,,198.0,0.02513
head-adapt,3303,0,10,,234.0,0.02529
head-adapt,95,1,9,,169.0,0.02491
head-adapt,4586,1,10,,208.0,0.02551
head-adapt,1119,1,10,,227.0,0.02507
head-adapt,4929,0,15,,363.0,0.02488
head-adapt,1223,1,17,,221.0,0.02513
head-adapt,2527,1,11,,242.0,0.02517
head-adapt,1491,1,11,,249.0,0.02486
head-adapt,883,1,9,,247.0,0.02486
head-adapt,2664,1,12,,221.0,0.02467
head-adapt,415,0,9,,242.0,0.02486
head-adapt,4080,0,9,,310.0,0.02517
head-adapt,2625,1,8,,208.0,0.02512
head-adapt,3814,1,9,,303.0,0.02496
head-adapt,224,1,10,,232.0,0.0254
head-adapt,2992,0,12,,225.0,0.02523
head-adapt,1586,1,12,,243.0,0.02527
head-adapt,1783,1,11,,233.0,0.02517
head-adapt,3673,0,11,,274.0,0.02534
head-adapt,3174,1,12,,188.0,0.02504
head-adapt,3281,1,10,,237.0,0.02509
head-adapt,2533,1,13,,257.0,0.02447
head-adapt,2716,1,14,,254.0,0.02508
head-adapt,2062,1,15,,231.0,0.02511
head-adapt,2494,0,9,,264.0,0.02505
head-adapt,3253,1,8,,229.0,0.02517
head-adapt,3129,1,10,,222.0,0.02517
head-adapt,965,1,10,,237.0,0.02488
head-adapt,269,0,8,,340.0,0.02487
head-adapt,861,1,10,,243.0,0.02529
head-adapt,3624,1,9,,123.0,0.02508
head-adapt,3932,1,11,,177.0,0.02522
head-adapt,2332,1,13,,191.0,0.02495
head-adapt,507,1,12,,227.0,0.02505
head-adapt,1912,1,19,,261.0,0.02474
head-adapt,4251,1,11,,220.0,0.02505
head-adapt,2284,1,17,,199.0,0.02534
head-adapt,117,1,9,,219.0,0.02502
head-adapt,1349,1,9,,262.0,0.0249
head-adapt,1551,1,13,,290.0,0.02536
head-adapt,2013,1,11,,222.0,0.02486
head-adapt,3872,1,8,,203.0,0.02509
head-adapt,170,1,10,,231.0,0.0249
head-adapt,383,1,10,,289.0,0.02483
head-adapt,2703,1,11,,200.0,0.02461
head-adapt,4577,1,10,,276.0,0.02497
head-adapt,1894,1,11,,306.0,0.02475
head-adapt,773,1,10,,230.0,0.02475
head-adapt,4235,1,13,,241.0,0.02525
head-adapt,3994,0,10,,353.0,0.02512
head-adapt,4104,1,8,,275.0,0.02491
head-adapt,4295,1,9,,228.0,0.02493
head-adapt,4094,0,10,,308.0,0.0251
head-adapt,2350,1,22,,246.0,0.02497
head-adapt,2364,1,11,,296.0,0.02489
head-adapt,3021,1,13,,284.0,0.02544
head-adapt,2702,0,11,,250.0,0.025
head-adapt,4146,1,10,,253.0,0.02489
head-adapt,1666,1,10,,215.0,0.02508
head-adapt,3654,0,12,,271.0,0.02514
head-adapt,1946,1,10,,213.0,0.02514
head-adapt,1675,1,14,,288.0,0.02493
head-adapt,962,1,9,,244.0,0.02492
head-adapt,4012,1,9,,173.0,0.02481
head-adapt,1319,1,17,,310.0,0.02472
head-adapt,619,1,8,,233.0,0.02507
head-adapt,1906,1,12,,216.0,0.02481
head-adapt,872,0,9,,298.0,0.02471
head-adapt,223,1,9,,191.0,0.02497
head-adapt,3010,1,10,,276.0,0.02497
head-adapt,2944,1,9,,212.0,0.02482
head-adapt,1525,1,11,,271.0,0.02495
head-adapt,584,1,8,,170.0,0.02504
head-adapt,2727,1,8,,296.0,0.02451
head-adapt,4160,1,8,,215.0,0.02506
head-adapt,866,1,12,,259.0,0.02462
head-adapt,4674,0,8,,269.0,0.02449
head-adapt,496,1,8,,260.0,0.02488
head-adapt,831,0,11,,269.0,0.02483
head-adapt,2149,1,9,,233.0,0.02509
head-adapt,189,1,9,,194.0,0.02468
head-adapt,173,1,8,,240.0,0.02479
head-adapt,4976,1,12,,251.0,0.02514
head-adapt,4367,1,8,,210.0,0.02529
head-adapt,2762,1,14,,263.0,0.02504
head-adapt,4458,1,9,,216.0,0.02506
head-adapt,2104,1,9,,195.0,0.02514
head-adapt,3318,1,14,,310.0,0.02504
head-adapt,1787,1,9,,243.0,0.02525
head-adapt,3414,1,10,,257.0,0.02496
head-adapt,2470,0,11,,252.0,0.02538
head-adapt,4346,1,8,,226.0,0.02529
head-adapt,4568,0,10,,228.0,0.02511
head-adapt,3002,1,8,,198.0,0.02478
head-adapt,4239,1,9,,222.0,0.02492
head-adapt,1995,1,9,,225.0,0.0249
head-adapt,628,1,13,,223.0,0.02504
head-adapt,4562,0,10,,242.0,0.02504
head-adapt,410,0,10,,265.0,0.02465
head-adapt,1710,1,9,,184.0,0.02549
head-adapt,2854,0,12,,407.0,0.02474
head-adapt,1916,1,10,,175.0,0.02511
head-adapt,1475,1,11,,218.0,0.02509
head-adapt,2612,1,9,,227.0,0.02491
head-adapt,3061,1,10,,165.0,0.02537
head-adapt,1997,1,10,,194.0,0.02506
head-adapt,1309,1,11,,187.0,0.02481
head-adapt,3976,1,12,,237.0,0.02497
head-adapt,2980,1,9,,176.0,0.0246
head-adapt,2692,1,10,,226.0,0.0251
head-adapt,4208,1,16,,214.0,0.02523
head-adapt,1371,0,10,,270.0,0.0251
head-adapt,1522,1,14,,199.0,0.02531
head-adapt,4062,1,12,,226.0,0.02484
head-adapt,3450,0,8,,329.0,0.02521
head-adapt,4783,1,13,,175.0,0.0248
head-adapt,1652,1,16,,263.0,0.02516
head-adapt,220,0,8,,237.0,0.02459
head-adapt,2382,1,8,,150.0,0.02502
head-adapt,2758,1,9,,234.0,0.02517
head-adapt,2655,1,8,,236.0,0.02458
head-adapt,1625,0,11,,239.0,0.0252
head-adapt,3562,0,8,,301.0,0.02484
head-adapt,1564,1,14,,202.0,0.02525
head-adapt,2781,1,11,,211.0,0.025
head-adapt,1879,1,10,,206.0,0.02514
head-adapt,4815,1,8,,276.0,0.02493
head-adapt,2924,1,10,,269.0,0.02467
head-adapt,3535,1,9,,188.0,0.02512
head-adapt,3776,0,11,,352.0,0.02486
head-adapt,3600,1,10,,188.0,0.02516
head-adapt,4885,0,13,,266.0,0.02519
head-adapt,1824,1,12,,214.0,0.02455
head-adapt,1423,1,8,,345.0,0.02479
head-adapt,33,1,9,,190.0,0.02532
head-adapt,2819,1,12,,154.0,0.02482
head-adapt,379,1,9,,245.0,0.02544
head-adapt,517,1,9,,266.0,0.0248
head-adapt,864,0,9,,380.0,0.02534
head-adapt,1001,1,12,,206.0,0.02513
head-adapt,3621,1,10,,285.0,0.02493
head-adapt,481,1,10,,230.0,0.02489
head-adapt,3739,1,10,,178.0,0.0251
head-adapt,3640,0,11,,319.0,0.02543
head-adapt,1087,1,12,,226.0,0.02515
head-adapt,1042,0,10,,264.0,0.02452
head-adapt,3428,1,9,,204.0,0.02509
head-adapt,4286,0,10,,333.0,0.02507
head-adapt,4563,1,9,,217.0,0.02496
head-adapt,162,1,9,,274.0,0.02519
head-adapt,2907,0,8,,300.0,0.02485
head-adapt,2909,1,12,,272.0,0.02505
head-adapt,3807,1,12,,224.0,0.025
head-adapt,45,0,12,,290.0,0.02475
head-adapt,731,0,10,,267.0,0.02505
head-adapt,2459,0,9,,231.0,0.02521
head-adapt,4817,0,12,,392.0,0.02489
head-adapt,4546,1,12,,134.0,0.02511
head-adapt,3506,0,10,,242.0,0.02493
head-adapt,2768,1,9,,262.0,0.02468
head-adapt,2601,1,8,,245.0,0.02446
head-adapt,1986,1,14,,195.0,0.02475
head-adapt,4592,1,10,,252.0,0.02508
head-adapt,1299,1,7,,269.0,0.02492
head-adapt,2347,1,8,,178.0,0.02495
head-adapt,2678,1,11,,214.0,0.02495
head-adapt,3173,1,10,,214.0,0.02485
head-adapt,2714,1,15,,239.0,0.0251
head-adapt,3684,1,11,,248.0,0.02494
head-adapt,3213,1,12,,206.0,0.025
head-adapt,1669,0,10,,247.0,0.02505
head-adapt,2644,1,9,,146.0,0.02509
head-adapt,4202,0,9,,310.0,0.02492
head-adapt,3620,1,10,,270.0,0.02534
head-adapt,2794,1,12,,248.0,0.02487
head-adapt,2994,1,12,,245.0,0.0253
head-adapt,2231,1,9,,220.0,0.02499
head-adapt,548,1,8,,203.0,0.02497
head-adapt,2617,0,8,,259.0,0.0251
head-adapt,1495,0,8,,265.0,0.02496
head-adapt,1084,1,9,,201.0,0.02516
head-adapt,2672,0,11,,364.0,0.02498
head-adapt,1203,1,9,,193.0,0.02499
head-adapt,3169,1,12,,239.0,0.02515
head-adapt,3651,1,12,,158.0,0.02513
head-adapt,976,0,12,,319.0,0.02455
head-adapt,4718,0,8,,272.0,0.02478
head-adapt,2365,1,9,,267.0,0.0246
head-adapt,1752,1,9,,179.0,0.02491
head-adapt,4427,0,12,,261.0,0.0245
head-adapt,629,1,10,,156.0,0.02472
head-adapt,1774,1,15,,232.0,0.02455
head-adapt,4582,1,12,,192.0,0.02517
head-adapt,4007,0,10,,341.0,0.02477
head-adapt,2228,1,11,,248.0,0.02519
head-adapt,2372,0,9,,359.0,0.02416
head-adapt,1411,1,10,,261.0,0.0251
head-adapt,3426,0,11,,304.0,0.02491
head-adapt,1754,1,8,,259.0,0.02492
head-adapt,910,1,9,,162.0,0.02489
head-adapt,3023,0,9,,355.0,0.02513
head-adapt,4656,1,10,,237.0,0.02537
head-adapt,3135,1,12,,268.0,0.02491
head-adapt,1437,1,9,,154.0,0.02485
head-adapt,4471,0,8,,323.0,0.02493
head-adapt,3758,1,13,,166.0,0.02519
head-adapt,4356,1,10,,195.0,0.02495
head-adapt,3360,1,10,,254.0,0.02512
head-adapt,1239,1,10,,243.0,0.02472
head-adapt,3803,1,9,,257.0,0.025
head-adapt,538,1,20,,244.0,0.02499
head-adapt,2620,1,10,,210.0,0.02523
head-adapt,613,1,12,,190.0,0.02476
head-adapt,2889,0,13,,380.0,0.02489
head-adapt,3206,0,14,,309.0,0.02482
head-adapt,4828,1,15,,266.0,0.02489
head-adapt,1519,1,11,,185.0,0.02483
head-adapt,543,1,11,,248.0,0.0248
head-adapt,4531,0,16,,261.0,0.02503
head-adapt,3035,1,10,,211.0,0.02521
head-adapt,1590,0,13,,349.0,0.02525
head-adapt,1250,0,10,,280.0,0.02501
head-adapt,1643,1,7,,231.0,0.02492
head-adapt,4738,0,10,,353.0,0.02505
head-adapt,1180,1,15,,268.0,0.02503
head-adapt,991,1,9,,219.0,0.02501
head-adapt,806,0,9,,312.0,0.02508
head-adapt,4576,1,19,,252.0,0.02516
head-adapt,2803,1,11,,235.0,0.02515
head-adapt,4806,1,15,,197.0,0.02532
head-adapt,3312,1,10,,207.0,0.02507
head-adapt,1003,1,9,,267.0,0.02524
head-adapt,882,0,9,,293.0,0.02483
head-adapt,2974,0,10,,218.0,0.0251
head-adapt,1951,0,10,,237.0,0.02515
head-adapt,2493,1,12,,176.0,0.02494
head-adapt,4634,1,8,,181.0,0.02507
head-adapt,668,1,10,,217.0,0.02492
head-adapt,1043,1,11,,196.0,0.02479
head-adapt,4499,1,13,,178.0,0.0249
head-adapt,2358,1,10,,154.0,0.02484
head-adapt,4481,1,9,,309.0,0.02492
head-adapt,2946,1,13,,169.0,0.02502
head-adapt,2730,1,13,,254.0,0.02531
head-adapt,4478,1,10,,225.0,0.02523
head-adapt,2778,0,13,,351.0,0.02534
head-adapt,4003,1,9,,246.0,0.02504
head-adapt,3230,1,10,,251.0,0.02514
head-adapt,3710,0,10,,276.0,0.02518
head-adapt,4113,0,11,,353.0,0.02511
head-adapt,2682,1,9,,159.0,0.025
head-adapt,4096,1,10,,217.0,0.02489
head-adapt,135,0,10,,268.0,0.02505
head-adapt,4933,0,8,,301.0,0.0248
head-adapt,526,1,8,,261.0,0.02507
head-adapt,2255,1,12,,229.0,0.0251
head-adapt,1657,0,17,,236.0,0.02482
head-adapt,979,0,10,,302.0,0.02501
head-adapt,641,0,8,,308.0,0.02502
head-adapt,2102,1,10,,202.0,0.02536
head-adapt,3985,1,11,,257.0,0.02491
head-adapt,1892,0,10,,380.0,0.02523
head-adapt,2764,0,11,,324.0,0.02536
head-adapt,2565,1,13,,208.0,0.025
head-adapt,4334,1,17,,200.0,0.02485
head-adapt,2600,1,8,,176.0,0.02512
head-adapt,1521,1,11,,252.0,0.02463
head-adapt,3847,0,8,,331.0,0.02523
head-adapt,1507,1,11,,236.0,0.02487
head-adapt,4002,1,8,,292.0,0.02541
head-adapt,4918,1,10,,196.0,0.02539
head-adapt,1431,1,7,,185.0,0.02489
head-adapt,2510,1,9,,261.0,0.02533
head-adapt,4475,0,8,,348.0,0.02501
head-adapt,1831,1,8,,275.0,0.0249
head-adapt,4569,1,10,,195.0,0.02495
head-adapt,70,1,12,,255.0,0.02507
head-adapt,1224,1,9,,260.0,0.02524
head-adapt,728,1,13,,239.0,0.02503
head-adapt,3046,1,9,,206.0,0.02463
head-adapt,1530,1,8,,248.0,0.02444
head-adapt,3906,1,10,,247.0,0.02438
head-adapt,2726,0,12,,216.0,0.02514
head-adapt,2605,1,9,,230.0,0.02503
head-adapt,472,1,9,,230.0,0.02503
head-adapt,4644,0,14,,297.0,0.02492
head-adapt,660,1,15,,257.0,0.02508
head-adapt,57,1,9,,257.0,0.02522
head-adapt,2034,1,11,,220.0,0.02527
head-adapt,1412,1,11,,181.0,0.02487
head-adapt,4217,1,11,,221.0,0.02485
head-adapt,246,1,9,,243.0,0.02511
head-adapt,3184,1,10,,205.0,0.02507
head-adapt,1789,1,11,,230.0,0.0249
head-adapt,3166,1,9,,264.0,0.02507
head-adapt,1275,0,8,,311.0,0.02474
head-adapt,1478,1,8,,263.0,0.02486
head-adapt,271,1,13,,170.0,0.02546
head-adapt,898,0,10,,244.0,0.02535
head-adapt,3357,1,12,,219.0,0.02519
head-adapt,2293,1,11,,241.0,0.02493
head-adapt,294,1,11,,239.0,0.02454
head-adapt,4095,1,12,,170.0,0.02484
head-adapt,3548,1,14,,208.0,0.02537
head-adapt,4642,0,8,,232.0,0.0247
head-adapt,4938,1,8,,197.0,0.0252
head-adapt,2923,0,10,,448.0,0.02473
head-adapt,195,1,11,,231.0,0.02476
head-adapt,514,1,10,,189.0,0.02496
head-adapt,3072,1,8,,225.0,0.02518
head-adapt,4559,1,14,,227.0,0.025
head-adapt,971,1,13,,244.0,0.02524
head-adapt,3429,0,11,,271.0,0.02498
head-adapt,1172,1,15,,245.0,0.02494
head-adapt,4875,1,16,,186.0,0.02501
head-adapt,406,0,13,,288.0,0.02502
head-adapt,1784,1,9,,169.0,0.0251
head-adapt,32,0,9,,300.0,0.02501
head-adapt,2307,0,10,,281.0,0.02525
head-adapt,854,1,12,,281.0,0.02474
head-adapt,4537,0,9,,240.0,0.02478
head-adapt,4269,1,11,,159.0,0.02522
head-adapt,4266,1,10,,256.0,0.02529
head-adapt,2100,0,10,,364.0,0.025
head-adapt,1695,1,11,,235.0,0.0247
head-adapt,2917,1,9,,186.0,0.02527
head-adapt,3617,1,11,,244.0,0.02443
head-adapt,2088,1,10,,237.0,0.02504
head-adapt,2351,0,9,,352.0,0.02493
head-adapt,4008,1,11,,198.0,0.02496
head-adapt,2250,1,8,,201.0,0.02484
head-adapt,2777,1,8,,154.0,0.02489
head-adapt,521,1,17,,244.0,0.02487
head-adapt,4695,1,11,,215.0,0.02506
head-adapt,4520,1,10,,154.0,0.02513
head-adapt,4756,1,10,,242.0,0.02476
head-adapt,378,1,11,,197.0,0.02477
head-adapt,1385,1,9,,297.0,0.0251
head-adapt,4457,1,14,,248.0,0.02485
head-adapt,2905,1,8,,237.0,0.02489
head-adapt,3500,1,10,,172.0,0.02487
head-adapt,1389,1,11,,170.0,0.02489
head-adapt,3364,1,14,,287.0,0.0255
head-adapt,9,0,9,,286.0,0.02511
head-adapt,1013,1,10,,155.0,0.02499
head-adapt,1499,0,9,,361.0,0.02487
head-adapt,1066,0,11,,300.0,0.02506
head-adapt,3701,1,9,,185.0,0.02481
head-adapt,1569,1,16,,240.0,0.02486
head-adapt,4052,0,8,,292.0,0.02517
head-adapt,4302,1,9,,242.0,0.02505
head-adapt,1688,1,11,,218.0,0.02487
head-adapt,3118,0,9,,342.0,0.02469
head-adapt,1461,0,10,,303.0,0.02507
head-adapt,2676,1,10,,279.0,0.02502
head-adapt,253,0,8,,320.0,0.02499
head-adapt,4650,1,18,,233.0,0.02527
head-adapt,3700,0,11,,344.0,0.02496
head-adapt,1697,0,9,,254.0,0.02483
head-adapt,1430,1,12,,202.0,0.02472
head-adapt,1870,0,12,,264.0,0.02536
head-adapt,720,0,11,,282.0,0.02494
head-adapt,938,1,10,,218.0,0.025
head-adapt,122,1,10,,272.0,0.02464
head-adapt,4866,1,10,,286.0,0.02541
head-adapt,2483,0,8,,270.0,0.0252
head-adapt,1069,1,10,,236.0,0.025
head-adapt,829,1,11,,202.0,0.02512
head-adapt,87,0,11,,366.0,0.02495
head-adapt,3934,1,12,,266.0,0.02494
head-adapt,528,0,10,,314.0,0.02497
head-adapt,2809,1,10,,272.0,0.02457
head-adapt,2453,1,8,,280.0,0.02475
head-adapt,2024,1,11,,207.0,0.02495
head-adapt,161,1,11,,189.0,0.02503
head-adapt,4840,1,17,,245.0,0.02506
head-adapt,1248,1,12,,284.0,0.02509
head-adapt,545,1,12,,244.0,0.02479
head-adapt,1596,1,12,,217.0,0.02508
head-adapt,1460,0,14,,370.0,0.02511
head-adapt,3957,1,9,,301.0,0.0249
head-adapt,3240,1,16,,240.0,0.02485
head-adapt,4664,1,10,,135.0,0.02538
head-adapt,263,1,10,,261.0,0.02518
head-adapt,2618,0,13,,255.0,0.02502
head-adapt,1853,0,12,,275.0,0.02496
head-adapt,3791,1,9,,185.0,0.02497
head-adapt,878,1,7,,233.0,0.02493
head-adapt,1540,0,8,,222.0,0.02481
head-adapt,1960,1,10,,279.0,0.0248
head-adapt,890,1,9,,286.0,0.02481
head-adapt,852,1,12,,202.0,0.0249
head-adapt,4879,1,10,,253.0,0.02457
head-adapt,3848,1,8,,214.0,0.02463
head-adapt,4073,0,7,,275.0,0.02509
head-adapt,1368,1,14,,231.0,0.02477
head-adapt,1414,1,11,,254.0,0.02504
head-adapt,847,1,11,,306.0,0.02495
head-adapt,1819,0,10,,245.0,0.02542
head-adapt,684,1,10,,237.0,0.02497
head-adapt,396,1,11,,211.0,0.02515
head-adapt,2866,1,10,,184.0,0.02508
head-adapt,2011,1,13,,216.0,0.025
head-adapt,3053,1,9,,191.0,0.02501
head-adapt,3407,1,12,,283.0,0.02506
head-adapt,401,1,10,,233.0,0.02512
head-adapt,1606,1,8,,282.0,0.0251
head-adapt,1262,0,10,,245.0,0.02501
head-adapt,1529,0,10,,281.0,0.02517
head-adapt,1850,1,9,,239.0,0.02496
head-adapt,2501,0,13,,272.0,0.02487
head-adapt,4638,1,9,,241.0,0.02532
head-adapt,3704,1,11,,206.0,0.02497
head-adapt,559,0,10,,309.0,0.02518
head-adapt,4115,0,10,,370.0,0.02463
head-adapt,2805,1,11,,189.0,0.02487
head-adapt,3873,1,13,,190.0,0.02495
head-adapt,1391,1,9,,227.0,0.02492
head-adapt,4228,1,9,,264.0,0.0251
head-adapt,2367,0,8,,244.0,0.02511
head-adapt,788,1,10,,222.0,0.02502
head-adapt,1452,1,10,,250.0,0.02523
head-adapt,3265,1,11,,245.0,0.02472
head-adapt,2913,1,9,,225.0,0.02487
head-adapt,3275,0,10,,302.0,0.02419
head-adapt,775,1,11,,206.0,0.02478
head-adapt,217,0,8,,270.0,0.02476
head-adapt,1245,0,8,,281.0,0.02502
head-adapt,4316,1,11,,203.0,0.02487
head-adapt,4619,1,9,,273.0,0.02501
head-adapt,1363,1,14,,264.0,0.02494
head-adapt,630,1,10,,226.0,0.02488
head-adapt,3572,1,8,,223.0,0.02478
head-adapt,4124,1,12,,272.0,0.02478
head-adapt,4101,1,13,,287.0,0.02476
head-adapt,1881,0,8,,269.0,0.02497
head-adapt,1482,1,9,,265.0,0.0248
head-adapt,156,1,8,,255.0,0.02479
head-adapt,1196,1,12,,170.0,0.02536
head-adapt,2824,0,9,,269.0,0.02505
head-adapt,3283,1,12,,261.0,0.02501
head-adapt,3809,0,9,,306.0,0.02487
head-adapt,3908,0,9,,310.0,0.02461
head-adapt,2006,0,9,,254.0,0.02537
head-adapt,4740,1,12,,226.0,0.02507
head-adapt,2490,1,10,,237.0,0.0251
head-adapt,4139,0,11,,294.0,0.02483
head-adapt,22,1,13,,203.0,0.02497
head-adapt,4196,0,14,,353.0,0.02481
head-adapt,4054,1,9,,182.0,0.02506
head-adapt,2799,1,11,,218.0,0.02513
head-adapt,3578,1,10,,242.0,0.02473
head-adapt,4722,1,9,,207.0,0.02501
head-adapt,4372,1,8,,195.0,0.02481
head-adapt,3376,1,11,,203.0,0.0249
head-adapt,3662,1,11,,263.0,0.02486
head-adapt,4716,1,8,,207.0,0.02507
head-adapt,3780,1,8,,220.0,0.02483
head-adapt,1715,1,11,,230.0,0.02506
head-adapt,2377,0,8,,262.0,0.02479
head-adapt,3805,1,9,,279.0,0.02511
head-adapt,4993,1,12,,274.0,0.02486
head-adapt,3755,0,8,,310.0,0.02509
head-adapt,1900,1,9,,178.0,0.02516
head-adapt,4881,0,9,,340.0,0.02516
head-adapt,2112,1,11,,253.0,0.02493
head-adapt,326,1,8,,226.0,0.0251
head-adapt,252,1,9,,209.0,0.02506
head-adapt,1290,1,10,,207.0,0.02518
head-adapt,3355,1,9,,247.0,0.02486
head-adapt,2137,0,9,,240.0,0.02507
head-adapt,2439,0,11,,375.0,0.02507
head-adapt,4114,0,11,,321.0,0.02481
head-adapt,1448,1,10,,187.0,0.02504
head-adapt,2200,0,18,,262.0,0.02493
head-adapt,167,1,10,,203.0,0.02465
head-adapt,1940,0,14,,347.0,0.02511
head-adapt,844,1,9,,322.0,0.025
head-adapt,4172,1,12,,282.0,0.02532
head-adapt,1509,0,10,,323.0,0.0247
head-adapt,2976,1,10,,232.0,0.02524
head-adapt,2829,1,7,,175.0,0.0249
head-adapt,4483,1,10,,234.0,0.02499
head-adapt,888,1,10,,252.0,0.02509
head-adapt,4530,0,10,,380.0,0.02475
head-adapt,4842,1,10,,227.0,0.02513
head-adapt,3565,1,9,,242.0,0.02468
head-adapt,4630,0,8,,296.0,0.02535
head-adapt,2337,1,20,,204.0,0.02509
head-adapt,1708,0,10,,279.0,0.02529
head-adapt,1177,0,9,,258.0,0.02506
head-adapt,4502,1,11,,176.0,0.02475
head-adapt,1958,1,10,,165.0,0.02475
head-adapt,581,1,8,,151.0,0.02493
head-adapt,3144,1,9,,194.0,0.02508
head-adapt,3785,1,8,,272.0,0.02417
head-adapt,3051,1,16,,270.0,0.02486
head-adapt,3707,1,10,,254.0,0.02511
head-adapt,4111,1,9,,192.0,0.02501
head-adapt,2065,0,9,,331.0,0.02482
head-adapt,1996,1,9,,145.0,0.02488
head-adapt,4654,0,8,,327.0,0.02493
head-adapt,4203,0,14,,303.0,0.02477
head-adapt,2755,1,10,,278.0,0.02471
head-adapt,2719,1,12,,143.0,0.02536
head-adapt,2069,1,10,,157.0,0.02511
head-adapt,4916,1,10,,233.0,0.02503
head-adapt,2619,0,9,,325.0,0.02509
head-adapt,3518,1,12,,201.0,0.02523
head-adapt,980,1,8,,219.0,0.02496
head-adapt,2606,1,11,,205.0,0.02494
head-adapt,2491,1,9,,263.0,0.02483
head-adapt,1533,1,13,,196.0,0.02499
head-adapt,3697,1,15,,212.0,0.02517
head-adapt,3920,1,10,,251.0,0.02493
head-adapt,3099,0,10,,296.0,0.02555
head-adapt,2991,1,9,,144.0,0.0253
head-adapt,2285,1,9,,273.0,0.02513
head-adapt,4628,0,8,,401.0,0.02493
head-adapt,1891,1,11,,234.0,0.02469
head-adapt,1814,1,11,,214.0,0.02492
head-adapt,230,1,17,,241.0,0.02508
head-adapt,4709,1,8,,217.0,0.02471
head-adapt,283,1,8,,196.0,0.02507
head-adapt,1696,1,11,,213.0,0.02483
head-adapt,2915,1,12,,208.0,0.02443
head-adapt,2666,1,10,,266.0,0.02507
head-adapt,3484,1,10,,166.0,0.02508
head-adapt,4018,1,12,,179.0,0.02474
head-adapt,4743,0,12,,347.0,0.02525
head-adapt,4200,1,8,,227.0,0.0248
head-adapt,3659,1,8,,242.0,0.02498
head-adapt,4083,1,10,,243.0,0.02505
head-adapt,3245,1,8,,180.0,0.02531
head-adapt,2212,1,15,,215.0,0.02522
head-adapt,4223,1,12,,250.0,0.02502
head-adapt,88,1,13,,166.0,0.02475
head-adapt,4388,1,14,,219.0,0.02495
head-adapt,2303,1,8,,244.0,0.02495
head-adapt,1380,0,10,,373.0,0.02514
head-adapt,1556,1,8,,274.0,0.02488
head-adapt,4277,1,9,,230.0,0.02503
head-adapt,648,1,10,,226.0,0.02511
head-adapt,1632,1,8,,183.0,0.02478
head-adapt,1298,1,13,,223.0,0.02495
head-adapt,995,1,8,,239.0,0.02514
head-adapt,1420,0,9,,432.0,0.02512
head-adapt,3570,1,8,,256.0,0.02476
head-adapt,4925,0,12,,302.0,0.0248
head-adapt,1118,1,15,,206.0,0.02486
head-adapt,2983,0,9,,307.0,0.02519
head-adapt,2224,0,11,,284.0,0.02473
head-adapt,3761,1,11,,267.0,0.02572
head-adapt,3576,0,10,,440.0,0.02472
head-adapt,667,0,8,,355.0,0.02459
head-adapt,1706,1,9,,200.0,0.02472
head-adapt,4300,1,11,,214.0,0.02451
head-adapt,1829,1,13,,231.0,0.02503
head-adapt,3680,0,9,,243.0,0.0248
head-adapt,1272,1,11,,235.0,0.02481
head-adapt,2407,1,11,,322.0,0.02498
head-adapt,2647,1,9,,312.0,0.02532
head-adapt,4960,1,10,,244.0,0.02538
head-adapt,2196,1,19,,166.0,0.02494
head-adapt,900,0,10,,299.0,0.02535
head-adapt,1979,0,8,,289.0,0.02489
head-adapt,3194,1,10,,216.0,0.0249
head-adapt,4016,0,12,,317.0,0.02471
head-adapt,2615,1,9,,279.0,0.0247
head-adapt,3910,0,11,,423.0,0.02489
head-adapt,1332,1,12,,210.0,0.0249
head-adapt,1505,0,9,,288.0,0.02477
head-adapt,2373,0,13,,317.0,0.02493
head-adapt,1364,0,12,,230.0,0.02506
head-adapt,2106,0,11,,193.0,0.02514
head-adapt,1104,1,9,,182.0,0.02514
head-adapt,325,1,13,,177.0,0.02479
head-adapt,345,1,12,,247.0,0.02555
head-adapt,4512,1,8,,253.0,0.02531
head-adapt,1750,0,13,,357.0,0.02505
head-adapt,23,1,10,,229.0,0.02504
head-adapt,1,1,12,,279.0,0.0249
head-adapt,2873,1,12,,204.0,0.02478
head-adapt,3493,1,10,,274.0,0.02488
head-adapt,708,0,10,,260.0,0.02527
head-adapt,3350,1,12,,254.0,0.02466
head-adapt,4922,1,10,,251.0,0.02473
head-adapt,4013,0,14,,314.0,0.02509
head-adapt,555,0,11,,370.0,0.02477
head-adapt,1766,1,13,,231.0,0.02466
head-adapt,4692,1,9,,173.0,0.02487
head-adapt,2160,1,11,,249.0,0.02484
head-adapt,4199,1,15,,227.0,0.02513
head-adapt,4159,0,8,,316.0,0.02484
head-adapt,2345,1,11,,231.0,0.02525
head-adapt,4945,1,12,,208.0,0.0253
head-adapt,2044,1,8,,225.0,0.0249
head-adapt,2260,1,10,,230.0,0.02542
head-adapt,1327,1,8,,201.0,0.02495
head-adapt,4761,0,9,,340.0,0.02482
head-adapt,3434,1,10,,238.0,0.02506
head-adapt,982,1,8,,203.0,0.02488
head-adapt,1855,1,13,,261.0,0.02505
head-adapt,4717,1,8,,262.0,0.02516
head-adapt,1410,0,9,,401.0,0.02486
head-adapt,4215,0,12,,272.0,0.02515
head-adapt,4712,1,10,,317.0,0.0253
head-adapt,927,0,8,,293.0,0.02514
head-adapt,3335,1,11,,230.0,0.0251
head-adapt,1790,1,8,,230.0,0.02513
head-adapt,480,1,12,,189.0,0.02493
head-adapt,2954,1,15,,233.0,0.02498
head-adapt,2223,1,10,,268.0,0.02535
head-adapt,803,1,10,,218.0,0.02506
head-adapt,2724,1,10,,178.0,0.02501
head-adapt,536,1,14,,255.0,0.02516
head-adapt,2243,1,25,,208.0,0.02455
head-adapt,3388,1,14,,229.0,0.02501
head-adapt,3025,1,10,,165.0,0.02498
head-adapt,4396,1,14,,183.0,0.02492
head-adapt,4194,0,11,,306.0,0.02523
head-adapt,3473,1,10,,235.0,0.02467
head-adapt,3156,1,14,,214.0,0.0251
head-adapt,2447,1,8,,219.0,0.0246
head-adapt,2275,1,10,,182.0,0.02488
head-adapt,3491,1,8,,224.0,0.02498
head-adapt,4770,1,8,,194.0,0.02486
head-adapt,4939,1,8,,199.0,0.02517
head-adapt,4349,1,8,,264.0,0.02474
head-adapt,4418,1,12,,258.0,0.02487
head-adapt,1953,0,10,,228.0,0.02498
head-adapt,4748,1,10,,196.0,0.02498
head-adapt,4411,1,15,,166.0,0.02504
head-adapt,638,0,13,,330.0,0.02464
head-adapt,185,1,10,,251.0,0.02488
head-adapt,3381,1,10,,231.0,0.02497
head-adapt,2888,1,10,,162.0,0.02508
head-adapt,680,0,9,,353.0,0.02538
head-adapt,2124,0,9,,288.0,0.02499
head-adapt,4132,1,11,,242.0,0.02468
head-adapt,3432,0,11,,289.0,0.02495
head-adapt,485,0,8,,323.0,0.02498
head-adapt,4955,1,10,,248.0,0.0245
head-adapt,4072,1,10,,213.0,0.02505
head-adapt,1761,1,12,,234.0,0.0252
head-adapt,4802,1,10,,187.0,0.02487
head-adapt,4143,0,13,,313.0,0.02505
head-adapt,1220,1,11,,303.0,0.02531
head-adapt,3332,1,9,,193.0,0.02467
head-adapt,4118,0,9,,287.0,0.02495
head-adapt,462,1,9,,238.0,0.02476
head-adapt,3162,1,12,,235.0,0.0254
head-adapt,3628,0,8,,263.0,0.02481
head-adapt,4093,0,9,,364.0,0.02484
head-adapt,2140,1,8,,223.0,0.0255
head-adapt,4848,1,10,,203.0,0.02461
head-adapt,3956,1,10,,227.0,0.0248
head-adapt,2188,1,11,,224.0,0.02497
head-adapt,1826,0,15,,268.0,0.02484
head-adapt,553,1,12,,232.0,0.02497
head-adapt,2828,0,9,,261.0,0.0249
head-adapt,4181,0,9,,283.0,0.02503
head-adapt,1767,0,13,,233.0,0.02477
head-adapt,3119,0,15,,281.0,0.02456
head-adapt,3481,1,13,,206.0,0.02508
head-adapt,2487,1,12,,219.0,0.02512
head-adapt,4796,1,9,,225.0,0.02494
head-adapt,286,1,10,,226.0,0.02525
head-adapt,465,0,8,,376.0,0.02526
head-adapt,2670,1,18,,190.0,0.02519
head-adapt,37,1,11,,316.0,0.02495
head-adapt,3081,1,10,,292.0,0.02448
head-adapt,2287,1,8,,184.0,0.02503
head-adapt,4154,1,11,,290.0,0.02534
head-adapt,4820,0,9,,288.0,0.025
head-adapt,1202,0,9,,216.0,0.02496
head-adapt,3759,1,10,,211.0,0.02527
head-adapt,622,1,15,,219.0,0.02492
head-adapt,4365,1,8,,212.0,0.025
head-adapt,1457,1,10,,173.0,0.02535
head-adapt,2058,1,10,,211.0,0.02504
head-adapt,2078,1,12,,208.0,0.02526
head-adapt,1536,1,10,,134.0,0.02516
head-adapt,1642,1,13,,282.0,0.02454
head-adapt,2215,1,9,,193.0,0.02481
head-adapt,2863,1,12,,185.0,0.02496
head-adapt,3349,1,9,,241.0,0.02507
head-adapt,3374,1,10,,276.0,0.02516
head-adapt,4689,1,9,,291.0,0.02478
head-adapt,3287,1,7,,183.0,0.02498
head-adapt,3687,1,13,,282.0,0.02476
head-adapt,408,1,12,,233.0,0.02494
head-adapt,4753,1,11,,213.0,0.02466
head-adapt,1376,1,12,,201.0,0.02482
head-adapt,1077,1,7,,228.0,0.02543
head-adapt,1515,1,11,,204.0,0.02527
head-adapt,1926,1,9,,338.0,0.02509
head-adapt,4708,0,9,,338.0,0.02523
head-adapt,2669,0,8,,332.0,0.02469
head-adapt,4598,1,11,,205.0,0.02507
head-adapt,1256,1,17,,232.0,0.02488
head-adapt,429,0,9,,287.0,0.02487
head-adapt,4894,0,8,,300.0,0.02484
head-adapt,3058,1,10,,226.0,0.02524
head-adapt,2033,1,12,,229.0,0.02479
head-adapt,3482,1,9,,173.0,0.02475
head-adapt,2338,0,10,,314.0,0.02482
head-adapt,4231,1,11,,159.0,0.02507
head-adapt,1127,1,8,,277.0,0.0253
head-adapt,2962,0,10,,367.0,0.02515
head-adapt,1489,0,10,,263.0,0.0246
head-adapt,2718,1,11,,205.0,0.02521
head-adapt,2953,1,12,,243.0,0.02515
head-adapt,917,1,9,,222.0,0.02512
head-adapt,1432,1,10,,156.0,0.02501
head-adapt,3008,1,11,,180.0,0.02486
head-adapt,2958,1,11,,259.0,0.02521
head-adapt,1163,1,11,,202.0,0.02482
head-adapt,1999,1,9,,317.0,0.02492
head-adapt,4560,1,9,,328.0,0.02524
head-adapt,3983,1,8,,277.0,0.02522
head-adapt,4940,1,14,,215.0,0.02481
head-adapt,85,0,10,,304.0,0.02525
head-adapt,4501,1,13,,169.0,0.02478
head-adapt,248,1,8,,245.0,0.02523
head-adapt,519,1,10,,225.0,0.02489
head-adapt,2743,0,9,,292.0,0.02464
head-adapt,4065,1,10,,170.0,0.02506
head-adapt,712,1,10,,221.0,0.02479
head-adapt,1277,1,9,,163.0,0.02509
head-adapt,4400,0,11,,297.0,0.02493
head-adapt,1662,1,9,,261.0,0.02498
head-adapt,3637,0,10,,330.0,0.02511
head-adapt,3065,1,11,,201.0,0.02496
head-adapt,809,0,10,,256.0,0.02531
head-adapt,2381,1,12,,238.0,0.02515
head-adapt,3519,1,11,,176.0,0.02536
head-adapt,501,0,9,,351.0,0.02507
head-adapt,3229,0,10,,410.0,0.0249
head-adapt,227,1,12,,181.0,0.02482
head-adapt,2125,1,10,,199.0,0.02516
head-adapt,3477,1,11,,224.0,0.02504
head-adapt,3180,1,11,,201.0,0.02491
head-adapt,1068,0,9,,356.0,0.02481
head-adapt,3095,1,11,,176.0,0.02509
head-adapt,1651,1,11,,169.0,0.02507
head-adapt,2736,1,10,,189.0,0.02515
head-adapt,620,0,9,,339.0,0.02481
head-adapt,621,1,8,,260.0,0.02496
head-adapt,4446,0,11,,291.0,0.02499
head-adapt,2012,1,12,,204.0,0.02515
head-adapt,3286,0,8,,327.0,0.02471
head-adapt,3305,0,10,,291.0,0.02486
head-adapt,4157,1,9,,232.0,0.02498
head-adapt,3319,0,13,,335.0,0.02519
head-adapt,2081,1,12,,225.0,0.02483
head-adapt,748,0,11,,264.0,0.02512
head-adapt,1763,1,12,,167.0,0.02498
head-adapt,4292,1,11,,234.0,0.02448
head-adapt,4547,1,8,,219.0,0.02511
head-adapt,685,1,9,,245.0,0.02457
head-adapt,4240,0,10,,296.0,0.02515
head-adapt,4079,1,9,,186.0,0.02482
head-adapt,221,0,9,,318.0,0.02519
head-adapt,1433,1,11,,300.0,0.02498
head-adapt,203,1,11,,267.0,0.02537
head-adapt,1009,1,12,,214.0,0.02512
head-adapt,36,1,12,,218.0,0.0253
head-adapt,4161,1,9,,225.0,0.02481
head-adapt,4326,1,11,,225.0,0.02529
head-adapt,4313,1,9,,205.0,0.02482
head-adapt,3569,1,14,,269.0,0.02452
head-adapt,3585,1,8,,157.0,0.02491
head-adapt,1992,1,9,,185.0,0.02515
head-adapt,1271,1,10,,236.0,0.0252
head-adapt,1021,1,10,,216.0,0.02513
head-adapt,2397,1,13,,233.0,0.02469
head-adapt,4144,0,8,,355.0,0.02488
head-adapt,1726,1,10,,223.0,0.02496
head-adapt,1232,1,11,,238.0,0.025
head-adapt,4791,1,8,,168.0,0.02458
head-adapt,1474,0,9,,336.0,0.02495
head-adapt,2460,1,10,,211.0,0.02519
head-adapt,576,1,9,,298.0,0.02543
head-adapt,836,1,11,,220.0,0.02538
head-adapt,1722,1,10,,181.0,0.02512
head-adapt,4298,1,9,,272.0,0.02496
head-adapt,3986,1,10,,203.0,0.02502
head-adapt,569,1,11,,184.0,0.0251
head-adapt,2865,1,14,,237.0,0.025
head-adapt,2278,1,9,,195.0,0.02509
head-adapt,1622,0,13,,255.0,0.02506
head-adapt,182,1,11,,224.0,0.02529
head-adapt,382,1,8,,213.0,0.02513
head-adapt,4493,1,9,,231.0,0.02529
head-adapt,3238,0,10,,403.0,0.02515
head-adapt,3804,1,11,,215.0,0.02503
head-adapt,1615,1,9,,238.0,0.0252
head-adapt,4237,1,10,,264.0,0.02488
head-adapt,706,1,8,,163.0,0.02504
head-adapt,1888,1,11,,216.0,0.02524
head-adapt,4686,0,13,,289.0,0.02511
head-adapt,1736,1,10,,200.0,0.02516
head-adapt,206,0,10,,254.0,0.02496
head-adapt,1759,1,8,,176.0,0.0249
head-adapt,384,1,9,,178.0,0.02493
head-adapt,2753,0,9,,246.0,0.02493
head-adapt,2134,1,8,,190.0,0.02487
head-adapt,1755,1,14,,201.0,0.02481
head-adapt,4168,1,11,,201.0,0.02513
head-adapt,3311,1,12,,223.0,0.02542
head-adapt,457,1,10,,203.0,0.02487
head-adapt,4036,1,8,,216.0,0.02467
head-adapt,3289,1,8,,220.0,0.02468
head-adapt,3629,1,10,,193.0,0.02477
head-adapt,2306,1,12,,282.0,0.02479
head-adapt,3905,0,10,,302.0,0.02509
head-adapt,2150,1,11,,151.0,0.02513
head-adapt,2016,1,9,,174.0,0.0247
head-adapt,4183,1,10,,247.0,0.02513
head-adapt,663,0,10,,261.0,0.02506
head-adapt,2635,0,8,,358.0,0.02535
head-adapt,3392,0,8,,236.0,0.02526
head-adapt,1547,1,22,,204.0,0.02509
head-adapt,3553,0,12,,208.0,0.02533
head-adapt,2339,1,8,,230.0,0.0249
head-adapt,1692,0,11,,234.0,0.0251
head-adapt,1471,1,15,,251.0,0.0246
head-adapt,768,1,15,,270.0,0.0248
head-adapt,3235,1,9,,235.0,0.02481
head-adapt,3967,1,13,,226.0,0.02507
head-adapt,4209,1,10,,193.0,0.02511
head-adapt,2076,1,13,,201.0,0.02493
head-adapt,3371,0,12,,236.0,0.02483
head-adapt,3086,1,11,,237.0,0.02515
head-adapt,1861,0,12,,272.0,0.02473
head-adapt,1813,0,11,,303.0,0.02513
head-adapt,1640,1,9,,209.0,0.02485
head-adapt,4936,1,11,,281.0,0.02497
head-adapt,3561,1,11,,289.0,0.02508
head-adapt,3108,1,11,,236.0,0.02519
head-adapt,4495,1,8,,281.0,0.02507
head-adapt,841,1,9,,199.0,0.02477
head-adapt,4989,1,9,,178.0,0.02507
head-adapt,1815,1,11,,199.0,0.02519
head-adapt,4490,1,10,,229.0,0.02514
head-adapt,3648,1,9,,194.0,0.0247
head-adapt,3517,0,10,,237.0,0.02555
head-adapt,3726,1,9,,239.0,0.02481
head-adapt,3783,0,10,,251.0,0.02496
head-adapt,4659,1,10,,197.0,0.02483
head-adapt,857,1,8,,212.0,0.02504
head-adapt,2009,1,12,,246.0,0.02487
head-adapt,2795,1,10,,210.0,0.02518
head-adapt,1303,1,10,,223.0,0.02474
head-adapt,925,1,14,,175.0,0.02492
head-adapt,2846,1,9,,247.0,0.02503
head-adapt,1771,0,11,,356.0,0.02497
head-adapt,1742,1,15,,182.0,0.0254
head-adapt,3987,1,13,,288.0,0.02487
head-adapt,2175,0,10,,347.0,0.02502
head-adapt,1422,1,9,,242.0,0.02509
head-adapt,4551,1,11,,191.0,0.02493
head-adapt,2585,1,14,,268.0,0.02501
head-adapt,4188,1,12,,300.0,0.02518
head-adapt,4399,1,10,,211.0,0.02498
head-adapt,3082,1,11,,258.0,0.02536
head-adapt,2472,0,8,,370.0,0.02491
head-adapt,3960,0,9,,278.0,0.02479
head-adapt,1497,0,9,,493.0,0.02465
head-adapt,1889,1,9,,205.0,0.02484
head-adapt,1273,0,9,,328.0,0.02512
head-adapt,1288,1,9,,192.0,0.02494
head-adapt,4165,0,12,,236.0,0.02484
head-adapt,1834,1,10,,221.0,0.02505
head-adapt,4440,1,10,,229.0,0.02516
head-adapt,3077,1,10,,244.0,0.02478
head-adapt,3887,1,9,,240.0,0.02518
head-adapt,4744,0,9,,290.0,0.02504
head-adapt,2878,0,9,,243.0,0.0247
head-adapt,4691,1,10,,203.0,0.02497
head-adapt,687,1,8,,229.0,0.02493
head-adapt,1907,0,9,,298.0,0.02515
head-adapt,3226,1,9,,262.0,0.02485
head-adapt,3267,1,12,,259.0,0.02486
head-adapt,3011,1,10,,269.0,0.02495
head-adapt,3996,1,10,,266.0,0.02504
head-adapt,2574,1,11,,260.0,0.02464
head-adapt,2281,1,12,,231.0,0.02479
head-adapt,527,0,8,,316.0,0.02489
head-adapt,3282,1,9,,236.0,0.02477
head-adapt,1230,1,10,,204.0,0.02493
head-adapt,2971,1,11,,162.0,0.0252
head-adapt,4460,0,14,,281.0,0.02515
head-adapt,1867,1,8,,209.0,0.02505
head-adapt,2748,0,10,,231.0,0.02502
head-adapt,794,1,10,,188.0,0.02497
head-adapt,2165,1,9,,219.0,0.02505
head-adapt,3489,1,12,,192.0,0.02494
head-adapt,1493,0,14,,333.0,0.02502
head-adapt,1982,0,9,,233.0,0.02495
head-adapt,1804,0,10,,282.0,0.02475
head-adapt,4005,1,10,,238.0,0.02469
head-adapt,4179,1,8,,268.0,0.02472
head-adapt,3236,1,10,,249.0,0.02481
head-adapt,2760,1,14,,215.0,0.02492
head-adapt,853,1,10,,219.0,0.02507
head-adapt,787,1,12,,194.0,0.02473
head-adapt,3963,0,12,,359.0,0.025
head-adapt,4386,0,10,,313.0,0.02503
head-adapt,4609,1,10,,293.0,0.02494
head-adapt,1523,1,14,,190.0,0.02504
head-adapt,1718,0,10,,390.0,0.02525
head-adapt,2324,1,10,,163.0,0.02553
head-adapt,1324,1,10,,194.0,0.02484
head-adapt,546,1,10,,208.0,0.02541
head-adapt,615,1,11,,172.0,0.02532
head-adapt,369,1,12,,171.0,0.02491
head-adapt,4554,1,9,,263.0,0.02538
head-adapt,4807,1,13,,280.0,0.0256
head-adapt,1073,1,9,,238.0,0.02459
head-adapt,2906,1,12,,220.0,0.02487
head-adapt,1357,1,11,,225.0,0.02519
