path,success,hmargin,diralign
ceiling,1,-29,0.26196
ceiling,1,35,0.27613
ceiling,1,110,0.32613
ceiling,0,-65,0.21965
ceiling,0,-61,0.12097
ceiling,1,-33,0.32091
ceiling,1,53,0.29427
ceiling,1,19,0.30522
ceiling,1,-8,0.30788
ceiling,0,-87,0.21149
ceiling,0,-112,0.19295
ceiling,1,-31,0.2711
ceiling,1,12,0.30695
ceiling,1,-70,0.24258
ceiling,1,77,0.29473
ceiling,1,-6,0.25546
ceiling,0,-90,0.12287
ceiling,1,54,0.28089
ceiling,0,-89,0.23844
ceiling,1,-68,0.27563
ceiling,1,-31,0.24859
ceiling,1,20,0.22195
ceiling,1,85,0.35567
ceiling,1,32,0.30688
ceiling,1,-9,0.24849
ceiling,1,6,0.22389
ceiling,1,-22,0.27085
ceiling,1,89,0.35886
ceiling,0,-37,0.22969
ceiling,1,9,0.29003
ceiling,0,-115,0.135
ceiling,1,120,0.32046
ceiling,0,-109,0.2066
ceiling,1,20,0.34824
ceiling,1,-3,0.25911
ceiling,1,34,0.32795
ceiling,1,6,0.29695
ceiling,0,-69,0.18267
ceiling,1,-13,0.31293
ceiling,1,-29,0.19594
ceiling,1,53,0.32864
ceiling,1,49,0.33231
ceiling,0,-115,0.18135
ceiling,1,24,0.31582
ceiling,1,36,0.30646
ceiling,1,-39,0.23309
ceiling,1,-6,0.3064
ceiling,1,86,0.30252
ceiling,1,-38,0.24546
ceiling,1,32,0.24412
ceiling,1,103,0.31996
ceiling,1,69,0.33001
ceiling,1,17,0.28336
ceiling,1,9,0.28389
ceiling,1,72,0.27651
ceiling,1,-57,0.25694
ceiling,1,-24,0.25058
ceiling,1,12,0.26916
ceiling,1,45,0.28637
ceiling,1,-22,0.31846
ceiling,1,99,0.36542
ceiling,1,-2,0.2562
ceiling,1,52,0.32209
ceiling,1,-69,0.16741
ceiling,1,-17,0.29073
ceiling,1,-57,0.27959
ceiling,1,15,0.29447
ceiling,1,-52,0.27172
ceiling,1,5,0.3183
ceiling,1,27,0.33969
ceiling,1,13,0.28501
ceiling,1,-28,0.28706
ceiling,1,-24,0.25147
ceiling,0,-250,0.08288
ceiling,1,-50,0.2473
ceiling,1,48,0.31039
ceiling,0,-63,0.21456
ceiling,1,-28,0.31822
ceiling,1,63,0.28596
ceiling,1,-16,0.27588
ceiling,1,-15,0.27216
ceiling,1,-26,0.27742
ceiling,1,90,0.33032
ceiling,1,6,0.31196
ceiling,1,13,0.31116
ceiling,0,-116,0.14166
ceiling,0,-69,0.25004
ceiling,1,114,0.27354
ceiling,1,-16,0.33332
ceiling,1,-31,0.2864
ceiling,1,0,0.28452
ceiling,1,-102,0.21289
ceiling,0,-72,0.23646
ceiling,1,23,0.30135
ceiling,1,48,0.33723
ceiling,1,-18,0.27606
ceiling,1,29,0.30815
ceiling,1,32,0.25496
ceiling,0,-83,0.15801
ceiling,1,56,0.31896
ceiling,1,89,0.37517
ceiling,1,-6,0.27874
ceiling,1,-46,0.26629
ceiling,1,71,0.33137
ceiling,1,-59,0.30351
ceiling,0,-123,-0.01063
ceiling,1,25,0.33248
ceiling,1,3,0.32643
ceiling,1,-17,0.27055
ceiling,0,-41,0.20744
ceiling,1,-34,0.28936
ceiling,1,-25,0.31107
ceiling,0,-82,0.22106
ceiling,1,-11,0.2986
ceiling,0,-97,0.23309
ceiling,0,-83,0.26391
ceiling,0,-59,0.24143
ceiling,1,38,0.27647
ceiling,1,-29,0.26733
ceiling,1,-21,0.24947
ceiling,1,-43,0.25783
ceiling,0,-92,0.15952
ceiling,1,22,0.29569
ceiling,1,5,0.23568
ceiling,1,75,0.30416
ceiling,1,76,0.33502
ceiling,0,-69,0.2461
ceiling,1,-6,0.29921
ceiling,1,-60,0.2516
ceiling,1,52,0.2889
ceiling,1,71,0.35426
ceiling,1,55,0.33985
ceiling,1,31,0.31426
ceiling,1,-60,0.29754
ceiling,1,-11,0.244
ceiling,0,-56,0.26281
ceiling,1,6,0.29114
ceiling,1,-62,0.21392
ceiling,1,52,0.30058
ceiling,1,43,0.3083
ceiling,1,-8,0.3194
ceiling,1,-11,0.28138
ceiling,1,-55,0.21881
ceiling,1,-22,0.27398
ceiling,1,-39,0.28674
ceiling,0,-99,0.13853
ceiling,1,-16,0.27229
ceiling,1,0,0.28501
ceiling,1,2,0.27455
ceiling,1,-52,0.24685
ceiling,1,1,0.32014
ceiling,1,4,0.30134
ceiling,1,-23,0.23279
ceiling,1,72,0.30179
ceiling,1,-40,0.29319
ceiling,1,-14,0.34155
ceiling,1,-18,0.33187
ceiling,1,-35,0.3287
ceiling,1,8,0.3003
ceiling,1,-5,0.32904
ceiling,1,-10,0.31471
ceiling,1,-22,0.28689
ceiling,1,-11,0.24962
ceiling,1,-76,0.24649
ceiling,1,13,0.29533
ceiling,1,38,0.26564
ceiling,0,-133,0.20634
ceiling,1,-21,0.30515
ceiling,1,85,0.3348
ceiling,1,-10,0.281
ceiling,1,8,0.23472
ceiling,1,13,0.31804
ceiling,0,-118,0.21577
ceiling,1,36,0.30595
ceiling,1,-5,0.31732
ceiling,1,-13,0.28688
ceiling,0,-143,-0.03002
ceiling,0,-72,0.22095
ceiling,1,-51,0.21062
ceiling,0,-53,0.16099
ceiling,0,-130,0.14648
ceiling,1,-29,0.29325
ceiling,1,52,0.27537
ceiling,1,-12,0.29844
ceiling,1,-2,0.30157
ceiling,1,-5,0.27997
ceiling,1,-22,0.29362
ceiling,1,50,0.31131
ceiling,1,59,0.30572
ceiling,1,73,0.33062
ceiling,1,-3,0.26876
ceiling,1,38,0.29
ceiling,1,32,0.26118
ceiling,1,-7,0.25403
ceiling,1,-11,0.34285
ceiling,1,-23,0.28674
ceiling,1,80,0.36567
ceiling,1,27,0.30649
ceiling,1,-12,0.32355
ceiling,1,96,0.33708
ceiling,0,-55,0.25096
ceiling,1,13,0.20181
ceiling,1,9,0.34532
ceiling,1,52,0.27736
ceiling,1,106,0.38875
ceiling,0,-84,0.26061
ceiling,0,-98,0.23097
ceiling,0,-51,0.24445
ceiling,1,90,0.36281
ceiling,0,-127,0.12132
ceiling,1,48,0.31696
ceiling,1,18,0.25598
ceiling,0,-90,0.2522
ceiling,1,63,0.3311
ceiling,1,-25,0.28609
ceiling,1,-1,0.33099
ceiling,1,-47,0.25827
ceiling,0,-102,0.22709
ceiling,1,10,0.3149
ceiling,1,-48,0.29009
ceiling,1,-13,0.26224
ceiling,0,-53,0.17228
ceiling,1,-18,0.24107
ceiling,1,27,0.30146
ceiling,1,-25,0.27218
ceiling,1,13,0.33286
ceiling,0,-80,0.23511
ceiling,1,59,0.33965
ceiling,1,46,0.28521
ceiling,1,-11,0.27771
ceiling,1,38,0.26833
ceiling,1,-15,0.24262
ceiling,1,91,0.32731
ceiling,1,-50,0.21283
ceiling,1,-11,0.28937
ceiling,1,3,0.34127
ceiling,1,-28,0.25036
ceiling,1,11,0.27856
ceiling,0,-90,0.22656
ceiling,1,-18,0.25538
ceiling,1,-9,0.28142
ceiling,1,-36,0.2717
ceiling,0,-87,0.26404
ceiling,1,53,0.31854
ceiling,1,12,0.30451
ceiling,1,-33,0.29673
ceiling,1,-58,0.26105
ceiling,1,-5,0.35564
ceiling,1,8,0.33655
ceiling,0,-71,0.24075
ceiling,1,-3,0.24838
ceiling,0,-126,0.15716
ceiling,1,2,0.25389
ceiling,1,-57,0.2578
ceiling,1,-11,0.29625
ceiling,1,39,0.32368
ceiling,1,28,0.33089
ceiling,1,-11,0.28125
ceiling,1,49,0.34177
ceiling,1,-18,0.29789
ceiling,1,-63,0.18986
ceiling,0,-54,0.22016
ceiling,1,8,0.29749
ceiling,0,-117,0.16884
ceiling,1,-34,0.25486
ceiling,1,-13,0.29361
ceiling,1,-23,0.28807
ceiling,1,-8,0.273
ceiling,0,-76,0.24045
ceiling,0,-56,0.21543
ceiling,1,-47,0.24192
ceiling,1,23,0.33904
ceiling,1,32,0.30182
ceiling,0,-89,0.24228
ceiling,0,-33,0.25127
ceiling,1,-14,0.26284
ceiling,1,12,0.33274
ceiling,1,45,0.25628
ceiling,1,-21,0.30012
ceiling,1,-8,0.3024
ceiling,0,-115,0.23166
ceiling,1,-64,0.26389
ceiling,1,-59,0.23326
ceiling,1,-11,0.3005
ceiling,1,11,0.30675
ceiling,1,79,0.33318
ceiling,0,-48,0.23588
ceiling,1,-11,0.29377
ceiling,1,-50,0.28277
ceiling,1,17,0.27746
ceiling,1,-4,0.34599
ceiling,1,-97,0.25577
ceiling,0,-128,-0.0001
ceiling,1,-38,0.29465
ceiling,1,2,0.27182
ceiling,1,-51,0.24413
ceiling,1,27,0.31492
ceiling,1,55,0.30096
ceiling,1,52,0.28698
ceiling,1,29,0.30935
ceiling,1,70,0.31117
ceiling,1,3,0.33465
ceiling,1,13,0.26263
ceiling,0,-47,0.20917
ceiling,0,-179,0.12449
ceiling,1,-40,0.26328
ceiling,1,24,0.29902
ceiling,1,-27,0.26754
ceiling,1,27,0.26809
ceiling,1,16,0.33128
ceiling,1,-58,0.25304
ceiling,1,-24,0.31825
ceiling,1,13,0.28879
ceiling,1,-38,0.2918
ceiling,1,53,0.28511
ceiling,1,-26,0.27251
ceiling,1,-36,0.3099
ceiling,1,13,0.33196
ceiling,1,13,0.28247
ceiling,1,36,0.25246
ceiling,1,-59,0.25879
ceiling,1,-15,0.2681
ceiling,1,-19,0.33845
ceiling,1,37,0.26883
ceiling,1,56,0.29283
ceiling,1,16,0.32433
ceiling,1,-13,0.28203
ceiling,1,74,0.3232
ceiling,1,14,0.32899
ceiling,1,-38,0.26085
ceiling,1,36,0.28515
ceiling,0,-71,0.22714
ceiling,0,-82,0.20512
ceiling,1,-36,0.26432
ceiling,1,46,0.35196
ceiling,1,7,0.2767
ceiling,1,62,0.35462
ceiling,1,-11,0.29185
ceiling,1,-18,0.3082
ceiling,1,37,0.30367
ceiling,1,26,0.25829
ceiling,1,75,0.29972
ceiling,1,-39,0.24412
ceiling,1,-17,0.27526
ceiling,1,-15,0.25949
ceiling,1,-79,0.20149
ceiling,1,-40,0.25843
ceiling,1,40,0.30306
ceiling,1,23,0.23638
ceiling,1,4,0.31715
ceiling,1,-40,0.23898
ceiling,1,-31,0.30779
ceiling,1,-27,0.32143
ceiling,1,2,0.31811
ceiling,1,76,0.33943
ceiling,1,12,0.27816
ceiling,1,-57,0.21713
ceiling,1,86,0.34955
ceiling,1,-30,0.20712
ceiling,0,-40,0.27273
ceiling,1,-43,0.27162
ceiling,0,-44,0.21485
ceiling,1,36,0.32514
ceiling,1,43,0.30845
ceiling,1,16,0.24998
ceiling,1,16,0.35544
ceiling,1,4,0.36344
ceiling,1,-28,0.32119
ceiling,1,-31,0.25472
ceiling,1,-9,0.31601
ceiling,0,-84,0.16713
ceiling,1,63,0.33378
ceiling,1,-23,0.3123
ceiling,1,51,0.31604
ceiling,0,-69,0.22038
ceiling,0,-71,0.1748
ceiling,1,-49,0.19976
ceiling,1,27,0.31775
ceiling,1,16,0.31854
ceiling,1,63,0.30645
ceiling,0,-102,0.22162
ceiling,1,23,0.23315
ceiling,1,-19,0.33481
ceiling,1,-33,0.28547
ceiling,1,-36,0.29388
ceiling,1,-37,0.22625
ceiling,1,44,0.27694
ceiling,1,-40,0.26296
ceiling,0,-40,0.2487
ceiling,1,22,0.24428
ceiling,1,34,0.3554
ceiling,1,-55,0.27285
ceiling,1,-11,0.25072
ceiling,0,-167,-0.01972
ceiling,1,-26,0.31939
ceiling,0,-65,0.23788
ceiling,1,20,0.30874
ceiling,1,16,0.29519
ceiling,0,-168,0.10691
ceiling,0,-69,0.2304
ceiling,0,-48,0.22761
ceiling,1,7,0.32012
ceiling,1,-17,0.23443
ceiling,0,-53,0.22361
ceiling,1,-17,0.2577
ceiling,1,-4,0.30244
ceiling,0,-66,0.24015
ceiling,1,-10,0.31719
ceiling,1,57,0.2791
ceiling,1,10,0.24946
ceiling,0,-41,0.24497
ceiling,1,-21,0.27822
ceiling,1,-15,0.28367
ceiling,0,-114,0.00739
ceiling,1,-3,0.27589
ceiling,0,-98,0.20707
ceiling,1,33,0.29064
ceiling,1,12,0.25745
ceiling,1,-14,0.29375
ceiling,1,40,0.31039
ceiling,1,22,0.2919
ceiling,1,-35,0.21679
ceiling,1,10,0.35953
ceiling,1,40,0.30021
ceiling,1,45,0.32002
ceiling,1,-36,0.29331
ceiling,1,-49,0.26832
ceiling,1,32,0.31008
ceiling,1,-39,0.26096
ceiling,0,-105,0.21144
ceiling,0,-80,0.18207
ceiling,1,65,0.32665
ceiling,1,6,0.27231
ceiling,0,-84,0.14644
ceiling,0,-55,0.22062
ceiling,1,-16,0.22743
ceiling,1,-40,0.22295
ceiling,1,56,0.28369
ceiling,1,-8,0.30474
ceiling,1,-12,0.29341
ceiling,0,-68,0.27682
ceiling,1,-50,0.21916
ceiling,0,-195,0.10608
ceiling,1,25,0.29733
ceiling,1,16,0.27891
ceiling,1,54,0.32388
ceiling,1,-47,0.2778
ceiling,1,14,0.346
ceiling,1,26,0.3242
ceiling,0,-52,0.24392
ceiling,1,21,0.33131
ceiling,1,24,0.26888
ceiling,0,-54,0.15317
ceiling,1,8,0.28176
ceiling,1,6,0.27503
ceiling,1,25,0.24279
ceiling,1,19,0.29097
ceiling,1,-38,0.3032
ceiling,1,2,0.33315
ceiling,1,-45,0.2332
ceiling,0,-94,0.23834
ceiling,1,53,0.31008
ceiling,1,-8,0.25644
ceiling,1,-13,0.30594
ceiling,1,14,0.3342
ceiling,1,20,0.27143
ceiling,1,-42,0.24267
ceiling,0,-105,0.19718
ceiling,0,-53,0.24776
ceiling,1,17,0.2665
ceiling,1,-29,0.29638
ceiling,1,39,0.34029
ceiling,1,25,0.27528
ceiling,1,62,0.36641
ceiling,1,48,0.31379
ceiling,0,-142,0.1439
ceiling,1,1,0.30858
ceiling,1,17,0.29384
ceiling,1,47,0.32392
ceiling,1,-39,0.23706
ceiling,1,-12,0.24407
ceiling,1,35,0.30542
ceiling,1,10,0.27173
ceiling,0,-85,0.20718
ceiling,0,-92,0.20957
ceiling,0,-60,0.21387
ceiling,1,-78,0.25043
ceiling,1,13,0.31084
ceiling,1,-1,0.25786
ceiling,1,-2,0.23471
ceiling,1,29,0.22363
ceiling,1,16,0.28612
ceiling,0,-38,0.21045
ceiling,1,27,0.2911
ceiling,1,102,0.36065
ceiling,1,80,0.3283
ceiling,1,-9,0.26127
ceiling,1,12,0.30082
ceiling,1,-60,0.25176
ceiling,1,13,0.27621
ceiling,1,4,0.30885
ceiling,0,-100,0.18174
ceiling,1,-20,0.34856
ceiling,1,42,0.28255
ceiling,1,-39,0.2913
ceiling,0,-182,0.11201
ceiling,1,-21,0.27956
ceiling,1,35,0.32321
ceiling,1,-26,0.18787
ceiling,1,2,0.29991
ceiling,0,-96,0.17113
ceiling,1,20,0.31943
ceiling,1,57,0.32245
ceiling,1,-44,0.28064
ceiling,1,89,0.33951
ceiling,1,-44,0.28798
ceiling,1,88,0.31844
ceiling,1,35,0.33187
ceiling,1,-3,0.30053
ceiling,1,-5,0.27356
ceiling,1,-1,0.26972
ceiling,1,-8,0.27321
ceiling,1,-47,0.24682
ceiling,1,58,0.35076
ceiling,1,4,0.26898
ceiling,1,3,0.27663
ceiling,1,0,0.24785
ceiling,1,-25,0.21286
ceiling,0,-80,0.181
ceiling,0,-95,0.16599
ceiling,1,-60,0.26824
ceiling,1,34,0.25885
ceiling,1,7,0.34443
ceiling,1,-58,0.22459
ceiling,1,-2,0.28771
ceiling,0,-53,0.18048
ceiling,1,19,0.28793
ceiling,1,-21,0.23824
ceiling,1,23,0.28317
ceiling,1,-48,0.25772
ceiling,1,-22,0.27662
ceiling,0,-119,0.19793
ceiling,1,10,0.35073
ceiling,1,16,0.29421
ceiling,1,62,0.3148
ceiling,1,-85,0.25382
ceiling,1,12,0.33806
ceiling,1,-50,0.28141
ceiling,1,27,0.32964
ceiling,1,21,0.34493
ceiling,1,53,0.3071
ceiling,1,17,0.30551
ceiling,1,24,0.255
ceiling,1,-15,0.26238
ceiling,0,-110,0.17732
ceiling,1,-10,0.20659
ceiling,1,-39,0.29625
ceiling,1,55,0.27075
ceiling,1,84,0.27792
ceiling,1,-60,0.22805
ceiling,1,105,0.32185
ceiling,1,62,0.3014
ceiling,1,39,0.3057
ceiling,1,-5,0.27621
ceiling,1,41,0.23364
ceiling,1,21,0.27831
ceiling,1,51,0.27662
ceiling,1,-65,0.24399
ceiling,1,-1,0.28039
ceiling,1,16,0.33785
ceiling,1,33,0.31933
ceiling,1,81,0.32098
ceiling,1,110,0.34225
ceiling,1,-39,0.21315
ceiling,1,21,0.3022
ceiling,1,-54,0.23444
ceiling,0,-79,0.05345
ceiling,1,-18,0.31202
ceiling,0,-88,0.19939
ceiling,1,-6,0.30328
ceiling,1,96,0.31946
ceiling,1,13,0.37976
ceiling,1,-5,0.36244
ceiling,1,-12,0.30549
ceiling,1,95,0.35166
ceiling,1,4,0.27552
ceiling,1,135,0.34231
ceiling,1,-29,0.27882
ceiling,1,-35,0.1961
ceiling,1,-86,0.24616
ceiling,1,-37,0.25142
ceiling,0,-71,0.25467
ceiling,1,-19,0.30844
ceiling,1,-9,0.29579
ceiling,0,-71,0.22523
ceiling,1,-19,0.28508
ceiling,1,20,0.2771
ceiling,1,22,0.3246
ceiling,1,-15,0.27986
ceiling,1,-23,0.25655
ceiling,1,-6,0.34036
ceiling,0,-97,0.20966
ceiling,1,50,0.30324
ceiling,0,-92,0.21574
ceiling,0,-48,0.24444
ceiling,0,-117,0.22475
ceiling,1,-87,0.24958
ceiling,1,-20,0.26812
ceiling,1,29,0.32825
ceiling,1,19,0.35032
ceiling,1,99,0.30609
ceiling,0,-216,0.12855
ceiling,1,17,0.28343
ceiling,1,45,0.31344
ceiling,1,74,0.32312
ceiling,1,37,0.30431
ceiling,1,-31,0.31501
ceiling,1,3,0.29632
ceiling,1,-19,0.26086
ceiling,1,-4,0.28234
ceiling,0,-113,0.17645
ceiling,1,-61,0.27877
ceiling,1,37,0.30256
ceiling,1,3,0.30538
ceiling,1,14,0.2878
ceiling,1,7,0.28583
ceiling,1,-13,0.28791
ceiling,1,-14,0.22706
ceiling,1,16,0.28502
ceiling,1,37,0.3318
ceiling,1,-21,0.26838
ceiling,1,-35,0.27563
ceiling,0,-54,0.23384
ceiling,1,-23,0.31416
ceiling,1,11,0.29444
ceiling,1,-11,0.3041
ceiling,0,-60,0.22914
ceiling,0,-145,0.19685
ceiling,1,-23,0.19964
ceiling,1,83,0.35678
ceiling,1,-21,0.31608
ceiling,0,-88,0.2225
ceiling,1,-49,0.2676
ceiling,1,66,0.30449
ceiling,1,29,0.33869
ceiling,0,-71,0.22015
ceiling,1,-11,0.23188
ceiling,1,83,0.32805
ceiling,1,9,0.32023
ceiling,1,-9,0.24275
ceiling,1,-12,0.28704
ceiling,0,-102,0.17812
ceiling,1,89,0.35651
ceiling,1,-16,0.27653
ceiling,1,15,0.31319
ceiling,0,-66,0.07457
ceiling,1,-44,0.23878
ceiling,1,6,0.28719
ceiling,1,-22,0.2828
ceiling,1,-60,0.2492
ceiling,1,33,0.29935
ceiling,1,-42,0.2457
ceiling,1,-18,0.31721
ceiling,0,-69,0.19239
ceiling,1,-5,0.33504
ceiling,1,7,0.2896
ceiling,1,-8,0.20992
ceiling,0,-148,0.17034
ceiling,1,2,0.34454
ceiling,1,-17,0.21722
ceiling,1,48,0.28826
ceiling,1,26,0.33207
ceiling,1,83,0.31438
ceiling,1,-49,0.28202
ceiling,1,57,0.33949
ceiling,0,-73,0.19458
ceiling,0,-108,0.18769
ceiling,0,-111,0.07632
ceiling,1,70,0.34637
ceiling,1,-11,0.24618
ceiling,1,-31,0.25324
ceiling,1,43,0.27794
ceiling,1,51,0.29615
ceiling,1,-18,0.25578
ceiling,1,-51,0.23586
ceiling,1,-115,0.23163
ceiling,0,-85,0.19476
ceiling,0,-32,0.24243
ceiling,1,-1,0.29458
ceiling,1,-39,0.24951
ceiling,1,-24,0.22079
ceiling,1,94,0.33844
ceiling,1,3,0.28919
ceiling,1,22,0.36526
ceiling,1,-16,0.23061
ceiling,1,24,0.29648
ceiling,1,59,0.34666
ceiling,1,20,0.27941
ceiling,1,-8,0.21481
ceiling,0,-76,0.06422
ceiling,1,-33,0.28944
ceiling,1,46,0.32678
ceiling,1,22,0.25956
ceiling,1,-28,0.29651
ceiling,1,-45,0.265
ceiling,1,30,0.30072
ceiling,1,-16,0.35735
ceiling,1,22,0.30877
ceiling,0,-83,0.23999
ceiling,1,74,0.32739
ceiling,1,67,0.32103
ceiling,1,7,0.2545
ceiling,1,-61,0.27467
ceiling,1,4,0.32473
ceiling,1,-55,0.31548
ceiling,1,30,0.28353
ceiling,0,-183,0.13209
ceiling,1,-23,0.29494
ceiling,0,-107,0.15904
ceiling,1,28,0.34372
ceiling,0,-180,0.1629
ceiling,1,-33,0.25571
ceiling,1,-9,0.2793
ceiling,1,-21,0.31357
ceiling,1,-12,0.31246
ceiling,1,-25,0.26786
ceiling,0,-82,0.21575
ceiling,1,-78,0.23391
ceiling,1,-38,0.254
ceiling,1,17,0.24362
ceiling,1,-3,0.28732
ceiling,1,-28,0.27816
ceiling,1,-17,0.31379
ceiling,1,1,0.33993
ceiling,1,-28,0.32423
ceiling,1,-82,0.23356
ceiling,1,-8,0.30438
ceiling,1,20,0.32161
ceiling,1,-22,0.28504
ceiling,0,-95,0.17458
ceiling,0,-111,0.21935
ceiling,1,-47,0.21134
ceiling,1,50,0.33688
ceiling,1,-32,0.28006
ceiling,1,-22,0.31363
ceiling,1,70,0.29136
ceiling,1,91,0.31396
ceiling,1,14,0.32692
ceiling,0,-101,0.21327
ceiling,1,-47,0.2401
ceiling,1,2,0.2947
ceiling,1,-6,0.32439
ceiling,0,-40,0.27802
ceiling,0,-43,0.26783
ceiling,1,-7,0.2321
ceiling,1,-7,0.29598
ceiling,1,21,0.26247
ceiling,0,-23,0.24919
ceiling,1,-80,0.25615
ceiling,0,-49,0.27579
ceiling,1,-29,0.23494
ceiling,1,59,0.32371
ceiling,1,49,0.33753
ceiling,1,-17,0.28262
ceiling,1,12,0.28041
ceiling,0,-98,0.15649
ceiling,1,70,0.33011
ceiling,1,81,0.30188
ceiling,1,57,0.26838
ceiling,1,-3,0.27855
ceiling,1,-14,0.27974
ceiling,1,60,0.31834
ceiling,0,-130,0.11295
ceiling,1,-59,0.26624
ceiling,1,38,0.27045
ceiling,1,26,0.2976
ceiling,1,-98,0.22499
ceiling,1,-14,0.24632
ceiling,1,-12,0.23603
ceiling,1,3,0.3368
ceiling,0,-82,0.2455
ceiling,0,-64,0.20126
ceiling,1,36,0.30931
ceiling,1,-46,0.25807
ceiling,0,-73,0.23797
ceiling,1,28,0.31222
ceiling,0,-139,0.15623
ceiling,1,57,0.31929
ceiling,1,42,0.2936
ceiling,1,-3,0.24338
ceiling,1,-31,0.23218
ceiling,1,16,0.24022
ceiling,1,-20,0.19753
ceiling,1,-26,0.24176
ceiling,1,53,0.32759
ceiling,1,20,0.29986
ceiling,1,85,0.34208
ceiling,1,30,0.25791
ceiling,1,-42,0.30583
ceiling,1,79,0.3286
ceiling,1,42,0.33387
ceiling,0,-42,0.22389
ceiling,0,-94,0.1273
ceiling,0,-115,0.00407
ceiling,1,28,0.29463
ceiling,1,63,0.24281
ceiling,0,-161,0.18846
ceiling,1,3,0.27712
ceiling,1,4,0.32514
ceiling,0,-79,0.23468
ceiling,1,96,0.30369
ceiling,1,75,0.29323
ceiling,1,-18,0.29963
ceiling,1,94,0.31598
ceiling,1,-55,0.28268
ceiling,1,85,0.30815
ceiling,1,-68,0.20733
ceiling,1,-37,0.29006
ceiling,1,-20,0.21174
ceiling,1,-30,0.29241
ceiling,1,31,0.29453
ceiling,1,12,0.26031
ceiling,1,51,0.31834
ceiling,1,30,0.25007
ceiling,1,57,0.30861
ceiling,1,62,0.28746
ceiling,1,36,0.26129
ceiling,1,37,0.2982
ceiling,1,-12,0.28296
ceiling,1,35,0.326
ceiling,1,-24,0.27582
ceiling,1,-29,0.20147
ceiling,1,6,0.27711
ceiling,1,-31,0.29044
ceiling,1,-50,0.27678
ceiling,1,2,0.30255
ceiling,1,-12,0.26378
ceiling,1,-7,0.33624
ceiling,1,-60,0.28817
ceiling,1,-15,0.28707
ceiling,1,-43,0.30323
ceiling,1,-20,0.29919
ceiling,1,-31,0.26056
ceiling,1,4,0.33068
ceiling,1,-24,0.28358
ceiling,1,-6,0.32877
ceiling,1,24,0.25116
ceiling,1,74,0.23104
ceiling,1,82,0.30756
ceiling,1,-6,0.30841
ceiling,1,-43,0.27022
ceiling,1,32,0.34057
ceiling,1,-12,0.34899
ceiling,1,43,0.33562
ceiling,1,74,0.2782
ceiling,1,-20,0.28766
ceiling,1,38,0.33439
ceiling,1,-14,0.30168
ceiling,1,24,0.33679
ceiling,1,118,0.32347
ceiling,1,36,0.298
ceiling,1,-41,0.20079
ceiling,1,49,0.3238
ceiling,1,6,0.30104
ceiling,0,-84,0.12736
ceiling,1,-8,0.29986
ceiling,1,-11,0.26323
ceiling,1,-35,0.27327
ceiling,1,47,0.30484
ceiling,1,-9,0.27368
ceiling,1,-16,0.28607
ceiling,1,29,0.26418
ceiling,0,-87,0.20088
ceiling,0,-78,0.0825
ceiling,1,-2,0.29055
ceiling,1,14,0.31325
ceiling,1,6,0.24571
ceiling,0,-129,0.19994
ceiling,1,16,0.22693
ceiling,1,9,0.31522
ceiling,1,-39,0.263
ceiling,1,-10,0.27291
ceiling,0,-147,0.18874
ceiling,1,-11,0.24498
ceiling,1,27,0.26684
ceiling,1,-16,0.28164
ceiling,0,-99,0.17598
ceiling,1,-60,0.21529
ceiling,1,-12,0.27992
ceiling,1,-1,0.31554
ceiling,1,-6,0.22623
ceiling,1,-29,0.2685
ceiling,1,-2,0.31338
ceiling,1,-34,0.26616
ceiling,1,34,0.31567
ceiling,1,15,0.31071
ceiling,1,9,0.33615
ceiling,1,34,0.33946
ceiling,1,-39,0.2621
ceiling,1,-6,0.26807
ceiling,0,-119,0.20598
ceiling,1,83,0.35533
ceiling,0,-57,0.2067
ceiling,1,11,0.32273
ceiling,1,-8,0.29267
ceiling,0,-94,0.23071
ceiling,1,-24,0.26034
ceiling,1,-67,0.24123
ceiling,0,-61,0.24304
ceiling,0,-55,0.25447
ceiling,1,102,0.33924
ceiling,1,72,0.29565
ceiling,1,-52,0.24151
ceiling,1,-11,0.25862
ceiling,0,-60,0.26292
ceiling,1,-5,0.30848
ceiling,1,-53,0.26525
ceiling,1,-56,0.28319
ceiling,0,-46,0.30356
ceiling,1,15,0.28465
ceiling,1,-10,0.25944
ceiling,1,-14,0.31374
ceiling,1,5,0.3083
ceiling,1,-45,0.23393
ceiling,1,-2,0.30694
ceiling,1,35,0.29485
ceiling,0,-117,0.22129
ceiling,0,-156,0.20297
ceiling,1,1,0.22107
ceiling,0,-66,0.23535
ceiling,0,-102,0.24617
ceiling,1,-13,0.23521
ceiling,0,-95,0.19529
ceiling,0,-82,0.19905
ceiling,1,-64,0.29204
ceiling,1,80,0.32124
ceiling,1,49,0.28174
ceiling,1,-61,0.30719
ceiling,1,-26,0.23304
ceiling,1,17,0.28732
ceiling,1,-17,0.30372
ceiling,1,-46,0.25267
ceiling,1,-25,0.26696
ceiling,1,72,0.31535
ceiling,1,25,0.33502
ceiling,0,-96,0.22398
ceiling,1,-56,0.19443
ceiling,1,64,0.3322
ceiling,1,33,0.24478
ceiling,1,-42,0.25062
ceiling,1,95,0.30817
ceiling,1,0,0.31647
ceiling,1,-16,0.29266
ceiling,1,-6,0.27291
ceiling,1,46,0.31799
ceiling,1,7,0.29163
ceiling,1,65,0.30517
ceiling,0,-87,0.25237
ceiling,0,-125,0.18407
ceiling,1,27,0.2949
ceiling,1,-14,0.29515
ceiling,1,-28,0.29125
ceiling,1,-42,0.28562
ceiling,1,22,0.30966
ceiling,1,-3,0.31077
ceiling,1,-38,0.25926
ceiling,0,-99,0.20645
ceiling,1,15,0.2582
ceiling,1,41,0.28467
ceiling,1,-16,0.23513
ceiling,1,11,0.29137
ceiling,1,8,0.31046
ceiling,1,-31,0.19435
ceiling,1,60,0.30963
ceiling,0,-43,0.20163
ceiling,1,-19,0.31229
ceiling,1,-10,0.2847
ceiling,1,-23,0.3011
ceiling,1,98,0.37794
ceiling,0,-156,0.18054
ceiling,1,43,0.33954
ceiling,0,-52,0.21177
ceiling,1,-28,0.32166
ceiling,1,-45,0.26247
ceiling,1,-11,0.25231
ceiling,0,-85,0.19738
ceiling,1,45,0.31629
ceiling,0,-212,-0.00398
ceiling,1,67,0.28256
ceiling,1,-40,0.30197
ceiling,1,-3,0.32858
ceiling,1,-52,0.29604
ceiling,1,49,0.27665
ceiling,0,-115,0.16537
ceiling,1,-10,0.2517
ceiling,1,15,0.2307
ceiling,0,-221,0.04284
ceiling,0,-107,0.22162
ceiling,1,123,0.35781
ceiling,0,-58,0.19598
ceiling,0,-55,0.16216
ceiling,1,-11,0.28685
ceiling,1,-7,0.30095
ceiling,1,-27,0.2184
ceiling,1,-1,0.25604
ceiling,0,-73,0.21868
ceiling,1,46,0.22584
ceiling,1,-2,0.20434
ceiling,1,57,0.29286
ceiling,1,-4,0.28832
ceiling,1,-21,0.30268
ceiling,1,61,0.32159
ceiling,1,66,0.33459
ceiling,1,37,0.33849
ceiling,0,-46,0.15839
ceiling,1,34,0.31668
ceiling,1,67,0.25721
ceiling,1,13,0.19096
ceiling,1,-49,0.28668
ceiling,1,-41,0.28463
ceiling,1,-3,0.26979
ceiling,1,-40,0.26336
ceiling,1,-86,0.28009
ceiling,1,-12,0.2583
ceiling,0,-115,0.14062
ceiling,1,24,0.2861
ceiling,1,75,0.30896
ceiling,1,45,0.32723
ceiling,1,-60,0.22206
ceiling,1,49,0.29334
ceiling,1,-26,0.2553
ceiling,1,58,0.32373
ceiling,1,-52,0.30355
ceiling,0,-81,0.22905
ceiling,1,14,0.31538
ceiling,1,16,0.34734
ceiling,1,-40,0.28579
ceiling,0,-92,0.18286
ceiling,1,44,0.30655
ceiling,1,-56,0.22211
ceiling,1,89,0.33914
ceiling,1,-33,0.21579
ceiling,1,-8,0.25839
ceiling,1,24,0.34081
ceiling,1,35,0.30202
ceiling,1,-11,0.21599
ceiling,1,-50,0.24642
ceiling,1,-7,0.25302
ceiling,0,-83,0.04963
ceiling,0,-56,0.24462
ceiling,1,-43,0.19289
ceiling,1,23,0.25506
ceiling,1,-14,0.26
ceiling,1,10,0.29761
ceiling,1,-13,0.2951
ceiling,1,-31,0.30245
ceiling,1,37,0.25337
ceiling,1,4,0.28587
ceiling,1,-1,0.26033
ceiling,1,5,0.31273
ceiling,1,51,0.35837
ceiling,1,-51,0.24322
ceiling,0,-98,0.12509
ceiling,1,39,0.2912
ceiling,1,-16,0.32624
ceiling,1,80,0.33965
ceiling,0,-87,0.19733
ceiling,0,-130,0.16048
ceiling,0,-109,0.13769
ceiling,1,70,0.32482
ceiling,1,-42,0.2987
ceiling,1,13,0.31299
ceiling,1,14,0.28454
ceiling,1,54,0.28331
ceiling,1,15,0.23685
ceiling,1,35,0.35057
ceiling,1,28,0.22468
ceiling,1,66,0.33155
ceiling,1,27,0.30788
ceiling,1,-5,0.28533
ceiling,1,23,0.30897
ceiling,1,52,0.30638
ceiling,1,-25,0.26398
ceiling,0,-122,0.12754
ceiling,1,92,0.29
ceiling,1,18,0.26778
ceiling,1,-71,0.24974
ceiling,1,-25,0.26944
ceiling,1,-11,0.28823
ceiling,1,5,0.32452
ceiling,0,-62,0.18059
ceiling,1,6,0.33642
ceiling,0,-38,0.28867
ceiling,1,1,0.32539
ceiling,1,-54,0.30037
ceiling,0,-78,0.17542
ceiling,1,76,0.3312
ceiling,1,33,0.292
ceiling,1,-4,0.29079
ceiling,1,17,0.24908
ceiling,0,-68,0.21858
ceiling,0,-75,0.22299
ceiling,0,-38,0.23444
ceiling,1,-85,0.23054
ceiling,1,-21,0.30235
ceiling,0,-65,0.24065
ceiling,1,-14,0.22913
ceiling,0,-99,0.23342
ceiling,1,23,0.30401
ceiling,1,-31,0.26721
ceiling,1,48,0.3309
ceiling,1,-34,0.30185
ceiling,1,-22,0.22165
ceiling,1,-11,0.31951
ceiling,0,-46,0.23089
ceiling,1,-29,0.27029
ceiling,0,-115,0.14278
ceiling,1,12,0.30619
ceiling,1,85,0.34704
ceiling,1,46,0.30244
ceiling,1,-32,0.18899
ceiling,1,49,0.29725
ceiling,1,-7,0.25378
ceiling,1,57,0.28872
ceiling,1,40,0.343
ceiling,0,-72,0.17669
ceiling,1,101,0.37727
ceiling,1,-11,0.26799
ceiling,1,-53,0.27685
ceiling,1,18,0.28347
ceiling,1,40,0.35089
ceiling,1,-18,0.26247
ceiling,1,87,0.32128
ceiling,0,-93,0.16409
ceiling,1,3,0.28484
ceiling,1,18,0.28528
ceiling,0,-72,0.23395
ceiling,1,10,0.32295
ceiling,1,6,0.33053
ceiling,1,39,0.32701
ceiling,0,-129,0.18555
ceiling,1,-28,0.19109
ceiling,1,10,0.36345
ceiling,1,-46,0.30555
ceiling,1,24,0.29591
ceiling,1,16,0.30633
ceiling,1,-11,0.29595
ceiling,1,-13,0.22532
ceiling,1,34,0.29998
ceiling,1,59,0.35993
ceiling,1,3,0.31669
ceiling,1,-13,0.28861
ceiling,0,-79,0.24921
ceiling,1,62,0.31588
ceiling,1,-53,0.23254
ceiling,0,-61,0.2083
ceiling,1,-45,0.25972
ceiling,1,8,0.2923
ceiling,0,-55,0.21144
ceiling,0,-57,0.20026
ceiling,1,5,0.25181
ceiling,1,-19,0.27234
ceiling,1,-44,0.2359
ceiling,1,39,0.31782
ceiling,1,10,0.31417
ceiling,1,24,0.33748
ceiling,1,-30,0.27176
ceiling,0,-65,0.18916
ceiling,0,-122,0.19319
ceiling,1,-57,0.23917
ceiling,1,22,0.36372
ceiling,1,14,0.30915
ceiling,1,47,0.29335
ceiling,1,32,0.2837
ceiling,1,87,0.31369
ceiling,0,-72,0.18486
ceiling,1,8,0.28133
ceiling,0,-89,0.21029
ceiling,1,23,0.31226
ceiling,1,22,0.29564
ceiling,1,-25,0.24629
ceiling,1,97,0.32554
ceiling,1,-19,0.31902
ceiling,1,1,0.26565
ceiling,1,36,0.32769
ceiling,1,18,0.32637
ceiling,1,49,0.35871
ceiling,1,56,0.32926
ceiling,1,27,0.26257
ceiling,0,-53,0.24285
ceiling,0,-66,0.21002
ceiling,1,-37,0.27026
ceiling,1,-14,0.26635
ceiling,0,-85,0.21454
ceiling,1,-12,0.24327
ceiling,1,-4,0.30682
ceiling,1,-2,0.2992
ceiling,1,27,0.30125
ceiling,0,-36,0.24781
ceiling,1,40,0.33401
ceiling,1,-10,0.27019
ceiling,0,-165,0.14176
ceiling,0,-63,0.24639
ceiling,1,1,0.33952
ceiling,1,40,0.27576
ceiling,1,57,0.30994
ceiling,1,20,0.27189
ceiling,0,-32,0.24084
ceiling,0,-74,0.19562
ceiling,0,-66,0.21342
ceiling,0,-92,0.22178
ceiling,0,-71,0.22109
ceiling,0,-58,0.24508
ceiling,1,-76,0.24927
ceiling,0,-105,0.21012
ceiling,1,47,0.3142
ceiling,1,8,0.28592
ceiling,1,9,0.27588
ceiling,1,-9,0.25421
ceiling,0,-97,0.20483
ceiling,1,6,0.23953
ceiling,0,-75,0.20733
ceiling,1,-10,0.37419
ceiling,1,21,0.28746
ceiling,1,-49,0.24188
ceiling,1,14,0.26847
ceiling,1,-41,0.23337
ceiling,0,-33,0.18387
ceiling,1,15,0.29232
ceiling,1,-1,0.29979
ceiling,1,3,0.29946
ceiling,1,-19,0.24942
ceiling,1,-27,0.23941
ceiling,0,-162,0.10427
ceiling,1,-2,0.26359
ceiling,1,-16,0.30093
ceiling,1,-50,0.23023
ceiling,0,-101,0.21651
ceiling,1,-4,0.29933
ceiling,1,-57,0.27167
ceiling,1,18,0.22834
ceiling,1,43,0.2503
ceiling,1,92,0.32448
ceiling,1,-37,0.23485
ceiling,1,13,0.30562
ceiling,1,-51,0.24886
ceiling,1,-42,0.2908
ceiling,1,25,0.2958
ceiling,1,18,0.23855
ceiling,1,35,0.32648
ceiling,1,-62,0.24362
ceiling,1,-1,0.26128
ceiling,0,-64,0.23434
ceiling,1,-47,0.25581
ceiling,0,-144,0.12657
ceiling,1,19,0.2636
ceiling,1,136,0.31006
ceiling,1,28,0.29744
ceiling,1,41,0.25125
ceiling,1,54,0.2974
ceiling,0,-58,0.20429
ceiling,1,0,0.26154
ceiling,0,-85,0.24212
ceiling,1,47,0.37476
ceiling,1,22,0.31945
ceiling,1,-48,0.29823
ceiling,1,35,0.25994
ceiling,1,-33,0.30364
ceiling,1,-15,0.27107
ceiling,1,59,0.35395
ceiling,1,67,0.31892
ceiling,1,70,0.32244
ceiling,1,16,0.29117
ceiling,0,-98,0.20235
ceiling,1,110,0.32212
ceiling,0,-141,0.16045
ceiling,1,6,0.31848
ceiling,1,22,0.31284
ceiling,1,23,0.28438
ceiling,0,-48,0.21359
ceiling,1,63,0.26888
ceiling,1,-22,0.2849
ceiling,1,38,0.35792
ceiling,1,-13,0.26019
ceiling,1,10,0.29407
ceiling,0,-159,0.15287
ceiling,1,-2,0.31558
ceiling,1,2,0.24876
ceiling,1,58,0.31684
ceiling,1,15,0.27175
ceiling,1,18,0.29441
ceiling,1,44,0.33365
ceiling,1,11,0.29877
ceiling,0,-79,0.15189
ceiling,1,-52,0.24308
ceiling,0,-38,0.27107
ceiling,1,40,0.32625
ceiling,0,-61,0.26765
ceiling,1,35,0.29521
ceiling,1,16,0.2958
ceiling,1,-45,0.25173
ceiling,1,-57,0.29313
ceiling,1,-3,0.33716
ceiling,0,-70,0.23874
ceiling,0,-62,0.21434
ceiling,1,-19,0.28348
ceiling,1,-7,0.29819
ceiling,1,-41,0.23968
ceiling,0,-113,0.24414
ceiling,1,-16,0.33354
ceiling,0,-56,0.23806
ceiling,0,-91,0.22071
ceiling,0,-81,0.27112
ceiling,1,27,0.31747
ceiling,1,43,0.28916
ceiling,1,-19,0.26501
ceiling,1,-19,0.24911
ceiling,1,-49,0.25877
ceiling,1,76,0.34484
ceiling,1,67,0.26201
ceiling,1,8,0.32479
ceiling,0,-100,0.21809
ceiling,1,77,0.31278
ceiling,0,-88,0.21548
ceiling,1,-51,0.30175
ceiling,0,-56,0.25167
ceiling,1,-36,0.28089
ceiling,1,37,0.31815
ceiling,1,19,0.22714
ceiling,1,-30,0.27768
ceiling,1,10,0.35364
ceiling,0,-97,0.1157
ceiling,0,-59,0.23447
ceiling,1,-44,0.25162
ceiling,1,42,0.29804
ceiling,1,33,0.27055
ceiling,1,-20,0.28771
ceiling,1,58,0.29999
ceiling,0,-40,0.27071
ceiling,0,-42,0.16496
ceiling,1,-10,0.21726
ceiling,1,72,0.3045
ceiling,1,11,0.29147
ceiling,1,21,0.29477
ceiling,1,-19,0.26217
ceiling,1,13,0.28997
ceiling,1,30,0.23895
ceiling,1,43,0.27079
ceiling,1,95,0.32456
ceiling,1,-53,0.25654
ceiling,1,-15,0.25692
ceiling,0,-83,0.18988
ceiling,1,43,0.35814
ceiling,1,51,0.24973
ceiling,1,-51,0.24477
ceiling,1,-78,0.25279
ceiling,1,69,0.34826
ceiling,1,26,0.30906
ceiling,1,78,0.35707
ceiling,1,66,0.29987
ceiling,1,-47,0.2884
ceiling,1,54,0.3159
ceiling,1,-5,0.32608
ceiling,1,122,0.29481
ceiling,1,-11,0.27985
ceiling,1,43,0.33984
ceiling,1,-8,0.29634
ceiling,0,-91,0.22878
ceiling,1,41,0.34112
ceiling,0,-121,0.18182
ceiling,1,-27,0.24108
ceiling,1,-22,0.25232
ceiling,1,20,0.27824
ceiling,0,-47,0.27025
ceiling,1,115,0.35008
ceiling,1,26,0.27142
ceiling,1,-39,0.2642
ceiling,1,-19,0.30006
ceiling,1,-47,0.26615
ceiling,0,-77,0.22946
ceiling,0,-155,0.15514
ceiling,1,-16,0.28469
ceiling,1,-29,0.24289
ceiling,1,-47,0.22472
ceiling,1,-8,0.31608
ceiling,1,-37,0.25195
ceiling,1,67,0.35226
ceiling,1,102,0.31809
ceiling,0,-95,0.22567
ceiling,1,95,0.37221
ceiling,1,27,0.24907
ceiling,1,33,0.29443
ceiling,0,-74,0.27268
ceiling,1,143,0.31123
ceiling,1,85,0.2875
ceiling,1,-34,0.21943
ceiling,1,-21,0.21695
ceiling,1,2,0.29037
ceiling,1,8,0.29075
ceiling,1,34,0.32253
ceiling,1,2,0.29084
ceiling,1,33,0.31304
ceiling,1,51,0.31394
ceiling,1,-63,0.25823
ceiling,1,-41,0.2416
ceiling,1,52,0.31808
ceiling,1,24,0.31454
ceiling,1,5,0.24026
ceiling,1,3,0.33659
ceiling,1,15,0.30739
ceiling,0,-82,0.06634
ceiling,1,11,0.31018
ceiling,1,6,0.26813
ceiling,1,-66,0.2346
ceiling,1,35,0.26242
ceiling,1,37,0.31938
ceiling,1,16,0.38117
ceiling,0,-56,0.2619
ceiling,1,37,0.30435
ceiling,0,-74,0.2444
ceiling,0,-190,0.09193
ceiling,1,29,0.32636
ceiling,1,-49,0.24795
ceiling,1,-15,0.16219
ceiling,1,58,0.32724
ceiling,1,18,0.32367
ceiling,1,-2,0.29529
ceiling,1,31,0.32402
ceiling,0,-83,0.25398
ceiling,0,-180,0.17331
ceiling,1,6,0.32849
ceiling,1,-22,0.28987
ceiling,1,47,0.31548
ceiling,1,-13,0.21277
ceiling,1,-42,0.27922
ceiling,1,3,0.37016
ceiling,0,-158,0.16279
ceiling,1,38,0.35038
ceiling,1,-25,0.27562
ceiling,0,-63,0.21003
ceiling,1,-1,0.2961
ceiling,1,-1,0.34751
ceiling,0,-100,0.2013
ceiling,1,13,0.25498
ceiling,1,-33,0.24701
ceiling,1,34,0.32406
ceiling,0,-147,0.15136
ceiling,1,5,0.32779
ceiling,0,-28,0.28965
ceiling,0,-90,0.1725
ceiling,0,-37,0.28688
ceiling,1,35,0.2586
ceiling,1,-108,0.22236
ceiling,1,70,0.34561
ceiling,1,3,0.34158
ceiling,1,-27,0.3193
ceiling,1,14,0.25374
ceiling,1,-17,0.30488
ceiling,1,0,0.33856
ceiling,1,63,0.33201
ceiling,1,-13,0.28421
ceiling,0,-120,0.19951
ceiling,1,-24,0.27438
ceiling,1,29,0.30685
ceiling,1,2,0.34053
ceiling,1,88,0.38036
ceiling,1,12,0.26235
ceiling,1,-40,0.28667
ceiling,1,2,0.33296
ceiling,1,17,0.28084
ceiling,1,61,0.30888
ceiling,1,2,0.2775
ceiling,1,-33,0.24133
ceiling,1,10,0.32266
ceiling,0,-60,0.19679
ceiling,1,-21,0.28479
ceiling,1,-20,0.27403
ceiling,0,-76,0.22237
ceiling,1,-54,0.25644
ceiling,1,-39,0.25847
ceiling,1,14,0.31572
ceiling,0,-53,0.24191
ceiling,1,12,0.26414
ceiling,1,-76,0.24219
ceiling,1,79,0.33965
ceiling,1,-17,0.27514
ceiling,0,-38,0.23966
ceiling,1,13,0.27555
ceiling,1,4,0.32849
ceiling,0,-84,0.23793
ceiling,0,-103,0.25366
ceiling,1,23,0.31259
ceiling,0,-47,0.25568
ceiling,1,-16,0.22554
ceiling,1,-14,0.31999
ceiling,0,-61,0.2342
ceiling,1,81,0.31438
ceiling,0,-165,-0.02123
ceiling,1,-41,0.22846
ceiling,0,-70,0.18543
ceiling,1,46,0.3453
ceiling,0,-81,0.22471
ceiling,1,-16,0.28984
ceiling,0,-49,0.19923
ceiling,0,-105,0.18551
ceiling,1,-62,0.22594
ceiling,1,50,0.25806
ceiling,1,1,0.29519
ceiling,1,55,0.32261
ceiling,0,-57,0.16276
ceiling,0,-147,0.18311
ceiling,1,-12,0.26864
ceiling,1,-42,0.19499
ceiling,0,-163,0.18938
ceiling,0,-54,0.20044
ceiling,1,-6,0.3191
ceiling,1,61,0.33029
ceiling,1,25,0.28203
ceiling,1,19,0.30077
ceiling,1,65,0.33324
ceiling,1,-13,0.32357
ceiling,1,-16,0.28467
ceiling,1,41,0.31673
ceiling,1,27,0.27877
ceiling,1,21,0.31177
ceiling,1,8,0.27058
ceiling,1,5,0.23776
ceiling,1,11,0.26395
ceiling,1,14,0.24437
ceiling,0,-43,0.25868
ceiling,1,17,0.30308
ceiling,1,-6,0.29834
ceiling,0,-106,0.1616
ceiling,1,18,0.29388
ceiling,1,45,0.29728
ceiling,1,8,0.27657
ceiling,1,9,0.36049
ceiling,1,36,0.3449
ceiling,1,22,0.32604
ceiling,1,-37,0.27468
ceiling,0,-83,0.28147
ceiling,1,-39,0.26658
ceiling,1,1,0.31261
ceiling,1,-30,0.21339
ceiling,1,-57,0.29515
ceiling,1,39,0.34154
ceiling,1,70,0.30157
ceiling,1,18,0.29007
ceiling,0,-66,0.21623
ceiling,0,-66,0.20993
ceiling,1,11,0.21958
ceiling,1,-47,0.21121
ceiling,1,50,0.36103
ceiling,0,-74,0.19433
ceiling,1,-10,0.24371
ceiling,1,24,0.32284
ceiling,0,-74,0.23278
ceiling,0,-58,0.2284
ceiling,0,-93,0.21662
ceiling,1,10,0.30808
ceiling,0,-54,0.20431
ceiling,1,73,0.32897
ceiling,1,28,0.32585
ceiling,1,-73,0.25553
ceiling,1,8,0.3173
ceiling,0,-74,0.25738
ceiling,1,51,0.31006
ceiling,1,-12,0.26136
ceiling,0,-191,-0.07264
ceiling,1,-18,0.26843
ceiling,1,-12,0.2943
ceiling,0,-49,0.27692
ceiling,1,13,0.30513
ceiling,1,61,0.28617
ceiling,1,-10,0.2965
ceiling,1,-36,0.29841
ceiling,1,18,0.27885
ceiling,1,-52,0.21015
ceiling,1,-36,0.27621
ceiling,1,80,0.29708
ceiling,1,53,0.34789
ceiling,1,77,0.34369
ceiling,1,49,0.32335
ceiling,1,-7,0.22851
ceiling,1,-69,0.22708
ceiling,1,8,0.29278
ceiling,1,-35,0.27984
ceiling,1,46,0.29955
ceiling,1,11,0.26251
ceiling,1,-12,0.25443
ceiling,0,-135,0.1399
ceiling,0,-73,0.24586
ceiling,1,-33,0.27342
ceiling,1,75,0.32833
ceiling,0,-77,0.23965
ceiling,1,50,0.26639
ceiling,1,13,0.31502
ceiling,1,53,0.28886
ceiling,1,-21,0.21056
ceiling,0,-76,0.23418
ceiling,1,9,0.28073
ceiling,1,27,0.25578
ceiling,1,37,0.25451
ceiling,1,8,0.27439
ceiling,0,-86,0.23734
ceiling,0,-90,0.23343
ceiling,1,-16,0.25634
ceiling,0,-59,0.22322
ceiling,1,32,0.22472
ceiling,1,-20,0.30613
ceiling,1,1,0.30419
ceiling,1,55,0.30525
ceiling,1,23,0.27419
ceiling,0,-128,0.13811
ceiling,0,-51,0.24532
ceiling,1,-13,0.29227
ceiling,1,76,0.34298
ceiling,0,-67,0.22567
ceiling,1,30,0.32481
ceiling,1,-29,0.2952
ceiling,1,57,0.33518
ceiling,1,74,0.32339
ceiling,1,-12,0.29078
ceiling,1,86,0.29776
ceiling,0,-126,0.19653
ceiling,1,-30,0.29436
ceiling,1,10,0.30345
ceiling,1,-27,0.24569
ceiling,0,-62,0.21841
ceiling,0,-73,0.23212
ceiling,1,7,0.28841
ceiling,1,33,0.29815
ceiling,1,21,0.29086
ceiling,1,-10,0.34637
ceiling,1,103,0.33381
ceiling,1,23,0.30311
ceiling,1,75,0.24943
ceiling,1,6,0.28912
ceiling,1,-7,0.28065
ceiling,1,-78,0.18381
ceiling,1,2,0.29542
ceiling,1,8,0.34657
ceiling,1,10,0.23284
ceiling,1,-77,0.26071
ceiling,0,-130,0.01108
ceiling,1,-32,0.27837
ceiling,1,-72,0.28066
ceiling,1,9,0.26257
ceiling,1,2,0.2747
ceiling,1,32,0.37541
ceiling,1,110,0.29834
ceiling,1,40,0.34021
ceiling,1,0,0.27471
ceiling,1,-66,0.27462
ceiling,1,2,0.32316
ceiling,1,-6,0.30894
ceiling,1,12,0.31303
ceiling,1,-48,0.31383
ceiling,0,-89,0.16561
ceiling,1,-71,0.29304
ceiling,1,-8,0.28254
ceiling,1,-24,0.33943
ceiling,1,32,0.30196
ceiling,1,52,0.38394
ceiling,1,-11,0.28574
ceiling,0,-35,0.23923
ceiling,1,-4,0.28335
ceiling,0,-34,0.27553
ceiling,1,0,0.30709
ceiling,0,-70,0.24566
ceiling,1,0,0.28169
ceiling,1,20,0.27455
ceiling,1,8,0.26434
ceiling,1,-11,0.24963
ceiling,1,-34,0.2875
ceiling,1,55,0.28963
ceiling,1,24,0.22704
ceiling,1,55,0.32539
ceiling,0,-80,0.15497
ceiling,0,-127,0.15837
ceiling,1,-72,0.29879
ceiling,1,16,0.29283
ceiling,1,-54,0.32285
ceiling,1,19,0.28831
ceiling,1,26,0.37185
ceiling,1,-14,0.33898
ceiling,1,49,0.29777
ceiling,1,-21,0.25294
ceiling,1,-10,0.32536
ceiling,0,-65,0.20809
ceiling,1,17,0.3461
ceiling,1,-16,0.28242
ceiling,0,-16,0.31314
ceiling,0,-80,0.13735
ceiling,0,-62,0.23447
ceiling,1,-20,0.26624
ceiling,0,-38,0.27564
ceiling,0,-59,0.23182
ceiling,0,-66,0.21497
ceiling,1,-27,0.2281
ceiling,0,-52,0.17401
ceiling,1,-30,0.2017
ceiling,1,-32,0.2851
ceiling,1,-2,0.27557
ceiling,1,-46,0.27131
ceiling,1,4,0.23383
ceiling,1,-59,0.26066
ceiling,0,-24,0.25102
ceiling,0,-46,0.24714
ceiling,1,-22,0.28366
ceiling,1,-21,0.29595
ceiling,0,-118,0.12412
ceiling,0,-168,0.172
ceiling,1,-46,0.27388
ceiling,1,-94,0.24896
ceiling,1,-29,0.23691
ceiling,0,-113,0.01391
ceiling,1,-20,0.29438
ceiling,0,-31,0.18842
ceiling,1,10,0.29508
ceiling,1,19,0.25702
ceiling,1,-3,0.27754
ceiling,1,13,0.35102
ceiling,1,35,0.33571
ceiling,1,-17,0.28113
ceiling,1,45,0.30455
ceiling,1,92,0.32198
ceiling,1,2,0.24398
ceiling,1,-17,0.24663
ceiling,1,-62,0.27165
ceiling,1,109,0.30375
ceiling,1,45,0.35349
ceiling,0,-28,0.24205
ceiling,1,22,0.24653
ceiling,1,-8,0.24663
ceiling,0,-74,0.21385
ceiling,1,19,0.32513
ceiling,1,-12,0.32159
ceiling,1,-1,0.29654
ceiling,1,-65,0.20603
ceiling,1,-8,0.36174
ceiling,0,-49,0.16706
ceiling,1,-56,0.23344
ceiling,1,5,0.32278
ceiling,1,-35,0.2804
ceiling,1,27,0.32082
ceiling,0,-128,0.23063
ceiling,1,-46,0.29407
ceiling,1,-38,0.2251
ceiling,1,66,0.31752
ceiling,0,-82,0.1504
ceiling,1,40,0.29374
ceiling,1,8,0.35021
ceiling,1,5,0.29976
ceiling,1,6,0.30181
ceiling,1,23,0.29676
ceiling,1,1,0.29933
ceiling,1,-32,0.18748
ceiling,1,93,0.29692
ceiling,1,-9,0.30687
ceiling,1,-65,0.27041
ceiling,1,2,0.29177
ceiling,1,-72,0.2371
ceiling,1,77,0.32888
ceiling,1,-19,0.30565
ceiling,0,-35,0.20163
ceiling,1,71,0.31613
ceiling,1,-29,0.25883
ceiling,0,-33,0.24263
ceiling,1,51,0.30379
ceiling,1,71,0.29502
ceiling,0,-54,0.17926
ceiling,1,86,0.3159
ceiling,1,61,0.34434
ceiling,1,-14,0.2773
ceiling,1,-20,0.28538
ceiling,1,-22,0.28481
ceiling,1,58,0.27415
ceiling,1,40,0.3068
ceiling,1,4,0.30358
ceiling,1,96,0.35374
ceiling,1,-28,0.2036
ceiling,1,-18,0.2554
ceiling,1,71,0.34294
ceiling,1,23,0.36372
ceiling,0,-58,0.05676
ceiling,0,-57,0.23307
ceiling,1,99,0.2876
ceiling,1,38,0.30326
ceiling,1,11,0.29135
ceiling,1,24,0.30727
ceiling,0,-55,0.25445
ceiling,1,-25,0.30353
ceiling,1,55,0.32935
ceiling,1,-43,0.25378
ceiling,1,-50,0.2478
ceiling,0,-157,0.18617
ceiling,1,-39,0.23532
ceiling,1,49,0.28937
ceiling,1,-8,0.24501
ceiling,0,-111,0.22384
ceiling,0,-46,0.25753
ceiling,1,101,0.30231
ceiling,1,-99,0.23711
ceiling,0,-104,0.19778
ceiling,1,11,0.3248
ceiling,1,17,0.28313
ceiling,0,-113,0.22045
ceiling,1,-15,0.29326
ceiling,0,-50,0.22921
ceiling,1,41,0.29932
ceiling,1,34,0.2796
ceiling,1,-5,0.34308
ceiling,0,-84,0.204
ceiling,1,-19,0.29192
ceiling,1,-26,0.3137
ceiling,1,-59,0.28011
ceiling,1,14,0.35012
ceiling,1,38,0.34434
ceiling,0,-85,0.26456
ceiling,0,-42,0.28001
ceiling,0,-74,0.19254
ceiling,0,-65,0.25734
ceiling,1,-25,0.31093
ceiling,1,-62,0.22472
ceiling,1,-26,0.24448
ceiling,1,-31,0.26193
ceiling,1,-6,0.2656
ceiling,1,-16,0.24924
ceiling,1,-77,0.2466
ceiling,1,-5,0.26925
ceiling,1,78,0.29806
ceiling,1,-25,0.28065
ceiling,1,15,0.36317
ceiling,0,-48,0.24928
ceiling,1,-48,0.27467
ceiling,1,-4,0.29473
ceiling,0,-86,0.17569
ceiling,1,-21,0.2929
ceiling,1,84,0.30747
ceiling,1,13,0.21583
ceiling,1,0,0.28616
ceiling,0,-36,0.28838
ceiling,1,31,0.27411
ceiling,1,15,0.26555
ceiling,1,-57,0.26566
ceiling,0,-47,0.22683
ceiling,0,-123,0.19642
ceiling,1,76,0.35075
ceiling,1,-24,0.32111
ceiling,1,-35,0.22554
ceiling,1,86,0.34264
ceiling,1,42,0.35268
ceiling,1,-19,0.25574
ceiling,0,-48,0.16862
ceiling,1,39,0.29363
ceiling,1,-20,0.27569
ceiling,1,-26,0.2776
ceiling,1,33,0.26644
ceiling,1,0,0.27578
ceiling,0,-67,0.2567
ceiling,1,11,0.25741
ceiling,0,-47,0.23386
ceiling,1,49,0.30216
ceiling,1,-42,0.1757
ceiling,1,35,0.26804
ceiling,1,-11,0.28226
ceiling,1,-36,0.2722
ceiling,1,9,0.27046
ceiling,1,15,0.28731
ceiling,1,-55,0.23744
ceiling,0,-107,0.19508
ceiling,1,35,0.29349
ceiling,1,53,0.2341
ceiling,1,79,0.32672
ceiling,1,113,0.30013
ceiling,1,85,0.34172
ceiling,1,34,0.25514
ceiling,1,-34,0.15401
ceiling,0,-35,0.26395
ceiling,1,68,0.34123
ceiling,0,-62,0.26094
ceiling,1,-23,0.30049
ceiling,1,76,0.27739
ceiling,1,13,0.29826
ceiling,1,19,0.24638
ceiling,1,-23,0.29776
ceiling,1,-45,0.25243
ceiling,1,-27,0.26752
ceiling,1,-7,0.34089
ceiling,0,-31,0.19997
ceiling,1,25,0.29533
ceiling,0,-183,0.12782
ceiling,1,110,0.33713
ceiling,1,-2,0.20592
ceiling,0,-48,0.24393
ceiling,1,-74,0.28831
ceiling,1,28,0.34882
ceiling,1,106,0.31579
ceiling,1,-18,0.33562
ceiling,1,-8,0.29568
ceiling,1,40,0.26913
ceiling,0,-78,0.19844
ceiling,1,-26,0.27377
ceiling,0,-104,0.20414
ceiling,1,55,0.24757
ceiling,1,48,0.30883
ceiling,0,-116,0.21579
ceiling,0,-131,0.17542
ceiling,1,-50,0.31957
ceiling,1,12,0.30192
ceiling,1,-11,0.22834
ceiling,1,54,0.33128
ceiling,0,-46,0.23719
ceiling,0,-121,0.19562
ceiling,1,-4,0.27599
ceiling,1,11,0.32392
ceiling,1,44,0.30726
ceiling,0,-84,0.14509
ceiling,1,-11,0.25253
ceiling,1,-35,0.25524
ceiling,1,-13,0.26701
ceiling,1,71,0.35747
ceiling,1,10,0.23513
ceiling,1,42,0.32799
ceiling,1,4,0.28645
ceiling,1,-2,0.18605
ceiling,1,17,0.30946
ceiling,1,16,0.30505
ceiling,1,24,0.29331
ceiling,1,0,0.33001
ceiling,1,3,0.27268
ceiling,1,42,0.34178
ceiling,1,38,0.3435
ceiling,0,-137,0.00711
ceiling,1,-6,0.26682
ceiling,1,77,0.34503
ceiling,1,-73,0.28603
ceiling,1,69,0.36005
ceiling,1,-15,0.30773
ceiling,0,-84,0.16599
ceiling,0,-45,0.26818
ceiling,0,-85,0.22603
ceiling,1,0,0.27002
ceiling,1,53,0.27212
ceiling,1,2,0.27479
ceiling,1,8,0.29086
ceiling,1,-9,0.29866
ceiling,0,-73,0.21454
ceiling,1,15,0.24623
ceiling,1,-77,0.21607
ceiling,0,-60,0.24941
ceiling,1,0,0.29939
ceiling,1,-19,0.29751
ceiling,0,-27,0.28687
ceiling,1,-13,0.24254
ceiling,0,-40,0.28037
ceiling,1,43,0.23353
ceiling,1,-37,0.37619
ceiling,1,-39,0.27407
ceiling,0,-53,0.21814
ceiling,1,-88,0.27977
ceiling,0,-62,0.22045
ceiling,1,72,0.30113
ceiling,1,43,0.33824
ceiling,1,-8,0.29033
ceiling,1,7,0.27923
ceiling,1,-73,0.20581
ceiling,1,34,0.36021
ceiling,1,9,0.35664
ceiling,1,14,0.2889
ceiling,1,25,0.25318
ceiling,1,55,0.29841
ceiling,1,44,0.31234
ceiling,0,-45,0.26408
ceiling,0,-48,0.23891
ceiling,0,-38,0.29176
ceiling,1,-64,0.23689
ceiling,0,-63,0.22575
ceiling,0,-37,0.24318
ceiling,1,-79,0.27041
ceiling,1,-17,0.27471
ceiling,1,-26,0.27819
ceiling,1,21,0.30771
ceiling,1,-18,0.25646
ceiling,1,11,0.29536
ceiling,1,1,0.2981
ceiling,1,30,0.30907
ceiling,0,-60,0.21465
ceiling,1,-49,0.25227
ceiling,0,-187,0.0917
ceiling,1,12,0.31606
ceiling,1,-1,0.35792
ceiling,0,-59,0.16558
ceiling,1,-16,0.26194
ceiling,1,54,0.33511
ceiling,1,83,0.3351
ceiling,1,5,0.28209
ceiling,0,-114,0.08749
ceiling,1,-52,0.17999
ceiling,1,21,0.28791
ceiling,1,61,0.26896
ceiling,1,-50,0.28753
ceiling,0,-123,0.19975
ceiling,1,-23,0.31619
ceiling,1,-15,0.35107
ceiling,0,-77,0.23565
ceiling,1,-27,0.26883
ceiling,1,65,0.28673
ceiling,1,7,0.29271
ceiling,1,-13,0.25619
ceiling,1,-12,0.27916
ceiling,1,35,0.30027
ceiling,1,58,0.30018
ceiling,0,-140,0.00109
ceiling,1,-11,0.24322
ceiling,1,-14,0.30475
ceiling,1,-38,0.21743
ceiling,1,31,0.27279
ceiling,0,-43,0.1901
ceiling,1,12,0.26465
ceiling,1,-23,0.25998
ceiling,1,21,0.30712
ceiling,1,-28,0.22947
ceiling,1,0,0.28539
ceiling,0,-161,-0.03008
ceiling,1,18,0.29369
ceiling,1,-3,0.27013
ceiling,1,-28,0.24321
ceiling,0,-93,0.20633
ceiling,1,26,0.31371
ceiling,1,-3,0.20515
ceiling,1,-23,0.30904
ceiling,1,-39,0.27971
ceiling,1,44,0.27795
ceiling,1,-42,0.30533
ceiling,0,-108,0.19742
ceiling,1,91,0.33037
ceiling,1,-50,0.28172
ceiling,1,84,0.34961
ceiling,1,-39,0.21586
ceiling,1,-8,0.30837
ceiling,1,-21,0.22162
ceiling,1,10,0.32249
ceiling,1,-33,0.29297
ceiling,1,20,0.30615
ceiling,1,-57,0.26721
ceiling,1,31,0.26197
ceiling,0,-85,0.08953
ceiling,1,-1,0.33282
ceiling,0,-98,0.18826
ceiling,1,22,0.38189
ceiling,1,24,0.36257
ceiling,1,-42,0.22794
ceiling,0,-74,0.23982
ceiling,1,-13,0.25469
ceiling,1,-42,0.26548
ceiling,1,91,0.30728
ceiling,0,-28,0.22372
ceiling,1,11,0.28474
ceiling,1,-9,0.33222
ceiling,1,7,0.28107
ceiling,1,-57,0.26946
ceiling,1,-19,0.24076
ceiling,1,49,0.33702
ceiling,0,-47,0.22247
ceiling,1,48,0.34377
ceiling,1,-25,0.25562
ceiling,1,-26,0.27014
ceiling,1,-2,0.31618
ceiling,1,42,0.28334
ceiling,1,28,0.28771
ceiling,1,-37,0.24779
ceiling,1,1,0.25434
ceiling,1,-17,0.32087
ceiling,1,-88,0.25648
ceiling,1,-26,0.26339
ceiling,1,-17,0.26473
ceiling,1,12,0.30165
ceiling,1,3,0.3107
ceiling,1,40,0.33895
ceiling,1,71,0.33657
ceiling,1,111,0.36404
ceiling,1,-36,0.28664
ceiling,0,-43,0.27553
ceiling,1,-42,0.30806
ceiling,1,-40,0.22388
ceiling,1,39,0.33575
ceiling,1,-56,0.22223
ceiling,1,-9,0.3044
ceiling,1,101,0.34265
ceiling,1,-24,0.24473
ceiling,1,47,0.31309
ceiling,1,12,0.31969
ceiling,1,15,0.33075
ceiling,0,-113,0.15374
ceiling,1,99,0.32079
ceiling,0,-67,0.18319
ceiling,1,-37,0.26647
ceiling,1,21,0.27057
ceiling,0,-91,0.20091
ceiling,1,13,0.21602
ceiling,1,115,0.3263
ceiling,1,75,0.32714
ceiling,1,8,0.31594
ceiling,1,-21,0.28638
ceiling,0,-77,0.27677
ceiling,1,-5,0.26417
ceiling,1,107,0.38153
ceiling,0,-69,0.20834
ceiling,1,62,0.31617
ceiling,0,-134,0.19975
ceiling,1,-1,0.29461
ceiling,1,-36,0.24919
ceiling,1,52,0.28766
ceiling,1,9,0.2913
ceiling,1,31,0.33986
ceiling,1,-37,0.19072
ceiling,1,-20,0.21593
ceiling,1,50,0.25419
ceiling,1,8,0.29541
ceiling,0,-88,0.18964
ceiling,1,51,0.28282
ceiling,0,-56,0.21258
ceiling,0,-65,0.22838
ceiling,1,42,0.32716
ceiling,1,-94,0.20885
ceiling,1,13,0.295
ceiling,0,-42,0.22936
ceiling,1,15,0.29824
ceiling,1,-50,0.26232
ceiling,0,-59,0.22073
ceiling,1,40,0.33274
ceiling,0,-95,0.19493
ceiling,1,74,0.31181
ceiling,1,-43,0.24951
ceiling,1,1,0.29405
ceiling,1,-32,0.27052
ceiling,1,19,0.28322
ceiling,0,-47,0.18594
ceiling,1,8,0.22679
ceiling,1,-36,0.26816
ceiling,1,1,0.25543
ceiling,1,-5,0.28977
ceiling,1,-96,0.22803
ceiling,1,4,0.25184
ceiling,1,115,0.31225
ceiling,1,-27,0.26715
ceiling,1,-45,0.24314
ceiling,1,1,0.29177
ceiling,1,19,0.31913
ceiling,1,6,0.27578
ceiling,0,-122,0.17661
ceiling,1,-83,0.17971
ceiling,1,57,0.35085
ceiling,1,-18,0.31476
ceiling,1,-49,0.23931
ceiling,1,-56,0.26429
ceiling,1,-22,0.27288
ceiling,1,20,0.312
ceiling,1,-1,0.28571
ceiling,1,-5,0.30082
ceiling,0,-71,0.12235
ceiling,1,38,0.32959
ceiling,1,65,0.32715
ceiling,1,27,0.29512
ceiling,0,-50,0.21699
ceiling,1,47,0.31764
ceiling,0,-59,0.15652
ceiling,1,38,0.25757
ceiling,1,8,0.34599
ceiling,1,-52,0.27128
ceiling,1,-45,0.25092
ceiling,1,35,0.24501
ceiling,1,76,0.32933
ceiling,0,-43,0.21988
ceiling,1,57,0.33157
ceiling,1,-16,0.31382
ceiling,1,31,0.25727
ceiling,1,11,0.30996
ceiling,0,-176,-0.01822
ceiling,1,30,0.32689
ceiling,1,14,0.32177
ceiling,1,61,0.31048
ceiling,0,-56,0.20671
ceiling,1,-7,0.31874
ceiling,1,-17,0.31171
ceiling,1,1,0.21095
ceiling,1,-6,0.25532
ceiling,1,-46,0.21966
ceiling,1,-44,0.29078
ceiling,1,-16,0.29199
ceiling,1,-29,0.31094
ceiling,1,22,0.29693
ceiling,1,-6,0.27908
ceiling,1,-16,0.30719
ceiling,1,14,0.34255
ceiling,0,-127,0.16947
ceiling,1,-17,0.2636
ceiling,0,-84,0.25623
ceiling,1,8,0.28119
ceiling,1,86,0.31427
ceiling,0,-71,0.04459
ceiling,1,-87,0.23304
ceiling,1,-80,0.22911
ceiling,1,-35,0.30878
ceiling,0,-97,0.23379
ceiling,1,32,0.27671
ceiling,1,-37,0.29226
ceiling,1,90,0.32092
ceiling,1,-18,0.214
ceiling,1,-9,0.2185
ceiling,1,-22,0.28468
ceiling,0,-81,0.21846
ceiling,0,-72,0.25359
ceiling,1,-34,0.28456
ceiling,0,-39,0.25823
ceiling,1,0,0.25805
ceiling,1,-38,0.2777
ceiling,1,24,0.32377
ceiling,1,-35,0.26541
ceiling,1,-23,0.26729
ceiling,0,-58,0.24984
ceiling,1,26,0.23985
ceiling,0,-104,0.18655
ceiling,1,27,0.22273
ceiling,1,3,0.27704
ceiling,1,89,0.35902
ceiling,1,45,0.28027
ceiling,1,16,0.32279
ceiling,0,-61,0.15596
ceiling,1,-41,0.2521
ceiling,1,107,0.3187
ceiling,0,-70,0.25161
ceiling,1,19,0.31731
ceiling,0,-78,0.15193
ceiling,0,-91,0.22526
ceiling,1,-16,0.29156
ceiling,1,32,0.32545
ceiling,1,46,0.3259
ceiling,1,-6,0.28967
ceiling,0,-110,0.1944
ceiling,0,-64,0.23327
ceiling,0,-42,0.21058
ceiling,1,30,0.32161
ceiling,0,-110,0.16231
ceiling,1,-28,0.24849
ceiling,1,-19,0.29762
ceiling,0,-148,0.21016
ceiling,0,-92,0.20228
ceiling,1,90,0.31247
ceiling,1,-29,0.28813
ceiling,1,76,0.32601
ceiling,0,-123,0.10404
ceiling,0,-80,0.12355
ceiling,1,-19,0.30346
ceiling,1,35,0.29629
ceiling,1,-10,0.25121
ceiling,1,29,0.29182
ceiling,1,-14,0.27101
ceiling,1,28,0.29975
ceiling,1,-34,0.18394
ceiling,0,-44,0.25966
ceiling,1,57,0.32384
ceiling,1,-35,0.24561
ceiling,0,-194,0.13941
ceiling,0,-64,0.18879
ceiling,1,106,0.36641
ceiling,1,-4,0.29943
ceiling,1,40,0.29135
ceiling,1,53,0.30034
ceiling,1,49,0.35311
ceiling,1,-43,0.24366
ceiling,1,-11,0.28516
ceiling,1,23,0.24848
ceiling,1,-4,0.28634
ceiling,1,37,0.2924
ceiling,1,-87,0.25175
ceiling,1,34,0.34856
ceiling,1,-8,0.26307
ceiling,1,-34,0.30472
ceiling,1,22,0.27502
ceiling,1,24,0.32467
ceiling,0,-72,0.22036
ceiling,1,115,0.3268
ceiling,1,9,0.21661
ceiling,0,-87,0.24945
ceiling,1,-19,0.28581
ceiling,1,57,0.29267
ceiling,1,-3,0.32681
ceiling,1,-9,0.32843
ceiling,1,36,0.27271
ceiling,1,28,0.30709
ceiling,1,37,0.28047
ceiling,0,-51,0.25471
ceiling,1,14,0.33476
ceiling,1,82,0.36384
ceiling,1,44,0.29285
ceiling,1,-55,0.32081
ceiling,1,53,0.33756
ceiling,1,2,0.27385
ceiling,0,-78,0.20386
ceiling,1,31,0.26551
ceiling,1,-42,0.26588
ceiling,1,37,0.2928
ceiling,1,75,0.36929
ceiling,1,-44,0.20129
ceiling,0,-72,0.21935
ceiling,1,32,0.34045
ceiling,1,-9,0.20765
ceiling,1,9,0.29014
ceiling,0,-75,0.2618
ceiling,1,4,0.27982
ceiling,1,-17,0.27844
ceiling,1,-22,0.22219
ceiling,1,-63,0.26379
ceiling,1,-52,0.26569
ceiling,0,-46,0.25286
ceiling,1,-27,0.28555
ceiling,1,-9,0.32681
ceiling,1,22,0.2939
ceiling,1,-21,0.31201
ceiling,1,-40,0.30422
ceiling,1,-20,0.27834
ceiling,1,74,0.34812
ceiling,1,-6,0.33833
ceiling,1,3,0.28546
ceiling,1,-107,0.26884
ceiling,0,-82,0.27867
ceiling,1,-53,0.18902
ceiling,1,32,0.35817
ceiling,1,5,0.31914
ceiling,1,30,0.34154
ceiling,1,61,0.3083
ceiling,1,-12,0.28051
ceiling,1,-43,0.27063
ceiling,1,-51,0.27894
ceiling,1,74,0.33521
ceiling,1,-10,0.23194
ceiling,1,-1,0.29237
ceiling,1,-13,0.31071
ceiling,1,55,0.29651
ceiling,0,-77,0.22724
ceiling,1,22,0.28895
ceiling,1,-50,0.24667
ceiling,1,4,0.26943
ceiling,0,-62,0.132
ceiling,1,-10,0.26807
ceiling,1,3,0.3118
ceiling,1,88,0.28362
ceiling,1,-7,0.24132
ceiling,0,-139,0.11689
ceiling,1,21,0.28302
ceiling,1,88,0.36492
ceiling,1,27,0.27903
ceiling,1,18,0.32965
ceiling,0,-67,0.24797
ceiling,1,-54,0.25379
ceiling,1,52,0.3463
ceiling,1,-1,0.32149
ceiling,1,20,0.28948
ceiling,0,-40,0.2566
ceiling,1,43,0.26493
ceiling,1,-18,0.27043
ceiling,1,-19,0.19164
ceiling,1,19,0.29358
ceiling,0,-54,0.25868
ceiling,0,-71,0.24322
ceiling,1,45,0.29374
ceiling,0,-163,0.16031
ceiling,1,-4,0.34808
ceiling,1,-20,0.30262
ceiling,1,-16,0.19801
ceiling,1,19,0.27603
ceiling,1,95,0.28572
ceiling,0,-112,0.22382
ceiling,1,22,0.35148
ceiling,1,-36,0.24332
ceiling,1,9,0.32941
ceiling,1,8,0.32487
ceiling,1,-7,0.3212
ceiling,1,75,0.30146
ceiling,1,28,0.36488
ceiling,1,-16,0.33329
ceiling,1,-16,0.25653
ceiling,1,-6,0.25328
ceiling,1,1,0.26694
ceiling,1,-24,0.29736
ceiling,1,31,0.33853
ceiling,0,-149,0.08152
ceiling,1,133,0.34674
ceiling,1,2,0.27836
ceiling,1,-32,0.2831
ceiling,1,21,0.30405
ceiling,1,-11,0.28048
ceiling,0,-98,0.20396
ceiling,1,-9,0.27889
ceiling,1,-35,0.2838
ceiling,0,-48,0.13089
ceiling,1,-86,0.24398
ceiling,1,-9,0.31925
ceiling,1,-3,0.27724
ceiling,1,18,0.27439
ceiling,0,-108,0.21986
ceiling,0,-112,0.15945
ceiling,0,-70,0.23894
ceiling,1,-44,0.22733
ceiling,1,34,0.25561
ceiling,0,-158,0.12714
ceiling,1,8,0.24705
ceiling,1,82,0.30488
ceiling,1,4,0.36459
ceiling,1,72,0.35993
ceiling,1,50,0.28906
ceiling,1,29,0.31705
ceiling,1,-41,0.33024
ceiling,1,-2,0.26126
ceiling,1,-51,0.25297
ceiling,1,-40,0.29388
ceiling,1,-40,0.26718
ceiling,1,-28,0.24822
ceiling,1,63,0.34338
ceiling,1,55,0.32526
ceiling,1,15,0.33202
ceiling,1,19,0.29884
ceiling,1,-3,0.30593
ceiling,1,-8,0.22808
ceiling,1,24,0.29691
ceiling,1,-131,0.22938
ceiling,1,-97,0.25763
ceiling,1,-25,0.31
ceiling,1,109,0.32179
ceiling,1,4,0.36234
ceiling,0,-131,0.13766
ceiling,1,-50,0.21492
ceiling,1,9,0.27934
ceiling,1,20,0.29155
ceiling,1,-1,0.22432
ceiling,1,-3,0.2726
ceiling,1,28,0.22384
ceiling,1,33,0.32483
ceiling,1,-56,0.26374
ceiling,1,-43,0.29341
ceiling,1,19,0.28334
ceiling,1,-35,0.29155
ceiling,1,-14,0.32137
ceiling,0,-96,0.23138
ceiling,1,-29,0.2713
ceiling,1,-42,0.26441
ceiling,0,-59,0.221
ceiling,1,13,0.31429
ceiling,1,-36,0.27737
ceiling,1,-6,0.27505
ceiling,1,15,0.25575
ceiling,0,-130,0.16413
ceiling,1,-18,0.26774
ceiling,1,-28,0.31014
ceiling,1,10,0.35351
ceiling,0,-65,0.27523
ceiling,0,-79,0.25559
ceiling,1,-25,0.30523
ceiling,1,25,0.37957
ceiling,1,-55,0.21207
ceiling,1,-43,0.19833
ceiling,0,-44,0.28039
ceiling,1,-26,0.31108
ceiling,1,19,0.33548
ceiling,1,-44,0.25731
ceiling,0,-36,0.29194
ceiling,1,-74,0.27652
ceiling,0,-48,0.23794
ceiling,1,44,0.34566
ceiling,0,-90,0.18318
ceiling,1,-29,0.30177
ceiling,1,-15,0.29631
ceiling,1,68,0.2919
ceiling,0,-136,0.238
ceiling,1,19,0.31294
ceiling,0,-29,0.23147
ceiling,0,-47,0.25368
ceiling,1,29,0.31954
ceiling,1,5,0.29851
ceiling,1,115,0.32662
ceiling,0,-81,0.2268
ceiling,1,-45,0.31173
ceiling,0,-77,0.2241
ceiling,0,-165,0.12437
ceiling,1,-32,0.24841
ceiling,1,11,0.31167
ceiling,1,55,0.34222
ceiling,1,-8,0.27592
ceiling,1,45,0.25765
ceiling,1,28,0.31951
ceiling,1,18,0.29798
ceiling,0,-86,0.20845
ceiling,1,28,0.27594
ceiling,1,-12,0.29937
ceiling,1,-65,0.25048
ceiling,1,-1,0.29565
ceiling,1,36,0.32131
ceiling,1,-19,0.27639
ceiling,0,-78,0.22136
ceiling,1,63,0.27265
ceiling,1,32,0.31871
ceiling,1,-47,0.22528
ceiling,1,-43,0.29505
ceiling,1,-12,0.34006
ceiling,0,-135,0.18703
ceiling,1,5,0.31352
ceiling,1,-26,0.2931
ceiling,1,33,0.30128
ceiling,1,43,0.29002
ceiling,1,70,0.32478
ceiling,1,30,0.30008
ceiling,1,-25,0.24708
ceiling,0,-109,0.19344
ceiling,1,-18,0.25794
ceiling,1,-3,0.2731
ceiling,1,47,0.24225
ceiling,0,-53,0.25378
ceiling,0,-87,0.2042
ceiling,1,-22,0.24807
ceiling,0,-96,0.14031
ceiling,0,-56,0.21359
ceiling,1,72,0.32207
ceiling,1,-1,0.28315
ceiling,0,-58,0.2512
ceiling,1,-5,0.27542
ceiling,1,21,0.30772
ceiling,1,-28,0.24653
ceiling,1,-47,0.25297
ceiling,0,-32,0.21487
ceiling,1,48,0.26887
ceiling,1,82,0.32448
ceiling,1,-36,0.27251
ceiling,1,-31,0.21097
ceiling,1,-14,0.26866
ceiling,1,44,0.25602
ceiling,1,-52,0.24523
ceiling,1,-5,0.24247
ceiling,1,74,0.34689
ceiling,0,-111,0.15851
ceiling,1,-102,0.26707
ceiling,1,9,0.28136
ceiling,1,-40,0.27038
ceiling,1,51,0.38484
ceiling,1,-43,0.2904
ceiling,0,-41,0.22083
ceiling,1,38,0.2944
ceiling,1,-32,0.27702
ceiling,1,54,0.34769
ceiling,1,79,0.26674
ceiling,1,53,0.32285
ceiling,1,58,0.35824
ceiling,1,23,0.25587
ceiling,1,69,0.32196
ceiling,1,-49,0.29489
ceiling,1,-46,0.22486
ceiling,1,44,0.34413
ceiling,1,3,0.32449
ceiling,0,-63,0.23989
ceiling,1,74,0.29623
ceiling,1,-54,0.29007
ceiling,0,-64,0.22637
ceiling,0,-200,0.10124
ceiling,1,42,0.33496
ceiling,1,-14,0.31385
ceiling,1,-28,0.26178
ceiling,0,-24,0.28235
ceiling,1,48,0.38429
ceiling,1,-46,0.25468
ceiling,1,-36,0.27672
ceiling,1,20,0.28701
ceiling,1,-23,0.28057
ceiling,1,-36,0.26582
ceiling,1,-27,0.28341
ceiling,1,63,0.24689
ceiling,1,-32,0.25115
ceiling,1,29,0.28464
ceiling,1,-7,0.36604
ceiling,1,-29,0.27322
ceiling,1,10,0.28596
ceiling,1,79,0.31532
ceiling,1,33,0.26494
ceiling,1,15,0.29269
ceiling,1,-41,0.26107
ceiling,1,3,0.28042
ceiling,1,-29,0.28246
ceiling,1,-27,0.35204
ceiling,0,-119,0.2012
ceiling,1,-18,0.27876
ceiling,1,-9,0.23746
ceiling,0,-72,0.23555
ceiling,0,-85,0.16386
ceiling,0,-145,0.17144
ceiling,1,42,0.23682
ceiling,0,-46,0.25883
ceiling,0,-104,0.20422
ceiling,1,112,0.35314
ceiling,0,-97,0.19795
ceiling,1,-24,0.3046
ceiling,1,-23,0.28522
ceiling,1,-55,0.22375
ceiling,1,-59,0.29324
ceiling,1,16,0.28881
ceiling,1,18,0.24157
ceiling,1,45,0.29961
ceiling,1,57,0.291
ceiling,1,34,0.29556
ceiling,1,1,0.25285
ceiling,1,61,0.33278
ceiling,1,-52,0.24756
ceiling,1,-33,0.26385
ceiling,1,-40,0.28951
ceiling,1,-21,0.26563
ceiling,1,45,0.27999
ceiling,1,-17,0.25398
ceiling,1,-56,0.25772
ceiling,1,8,0.29153
ceiling,0,-63,0.20078
ceiling,0,-47,0.23335
ceiling,1,-19,0.2248
ceiling,1,-10,0.23726
ceiling,1,40,0.27842
ceiling,1,23,0.30452
ceiling,1,-35,0.26432
ceiling,1,-40,0.23391
ceiling,0,-119,0.14555
ceiling,1,117,0.31856
ceiling,1,-32,0.24916
ceiling,1,-37,0.27757
ceiling,1,-49,0.28492
ceiling,1,-28,0.17695
ceiling,0,-43,0.25532
ceiling,1,33,0.27975
ceiling,1,-40,0.1823
ceiling,0,-91,0.22666
ceiling,1,-36,0.2737
ceiling,1,12,0.33124
ceiling,0,-49,0.28153
ceiling,0,-111,0.22362
ceiling,1,67,0.31982
ceiling,1,-91,0.22635
ceiling,1,2,0.31612
ceiling,0,-90,0.24542
ceiling,1,-49,0.27366
ceiling,0,-112,0.15274
ceiling,1,37,0.25021
ceiling,1,-26,0.18786
ceiling,1,-80,0.25345
ceiling,1,-16,0.24906
ceiling,0,-49,0.22631
ceiling,1,-41,0.24269
ceiling,0,-82,0.23144
ceiling,1,21,0.28555
ceiling,1,66,0.30488
ceiling,1,-16,0.27924
ceiling,0,-106,0.18784
ceiling,1,46,0.26114
ceiling,0,-37,0.23215
ceiling,1,-40,0.29216
ceiling,1,66,0.35812
ceiling,1,22,0.299
ceiling,1,-34,0.26041
ceiling,1,12,0.31619
ceiling,1,20,0.30096
ceiling,1,61,0.29696
ceiling,1,89,0.31228
ceiling,1,63,0.28712
ceiling,1,-58,0.26774
ceiling,1,35,0.30538
ceiling,1,69,0.34908
ceiling,1,21,0.25044
ceiling,1,-8,0.21186
ceiling,1,-5,0.27602
ceiling,1,19,0.29821
ceiling,1,17,0.22672
ceiling,1,-33,0.29303
ceiling,1,-11,0.29212
ceiling,1,14,0.31751
ceiling,0,-143,0.20578
ceiling,1,18,0.32356
ceiling,1,-11,0.29694
ceiling,1,-8,0.27674
ceiling,1,-12,0.23717
ceiling,1,88,0.33498
ceiling,0,-78,0.21658
ceiling,1,-40,0.25192
ceiling,1,55,0.30109
ceiling,0,-53,0.2479
ceiling,0,-32,0.2266
ceiling,1,-12,0.21615
ceiling,1,17,0.35798
ceiling,1,70,0.34973
ceiling,1,32,0.31188
ceiling,1,-14,0.31633
ceiling,1,29,0.33676
ceiling,1,-42,0.30472
ceiling,0,-28,0.21874
ceiling,1,-49,0.27776
ceiling,1,0,0.31197
ceiling,0,-92,0.24859
ceiling,0,-64,0.25621
ceiling,1,75,0.3113
ceiling,1,-66,0.24025
ceiling,0,-66,0.27813
ceiling,1,-3,0.30894
ceiling,1,44,0.31187
ceiling,1,49,0.25775
ceiling,0,-84,0.23954
ceiling,1,86,0.27808
ceiling,0,-36,0.26833
ceiling,1,-14,0.27453
ceiling,1,-39,0.25362
ceiling,1,1,0.25111
ceiling,1,39,0.30486
ceiling,0,-52,0.18871
ceiling,1,1,0.28484
ceiling,1,-90,0.27814
ceiling,1,60,0.36418
ceiling,1,51,0.28959
ceiling,1,17,0.33892
ceiling,1,7,0.31735
ceiling,1,6,0.3107
ceiling,1,-22,0.21426
ceiling,1,-68,0.25144
ceiling,1,-37,0.28603
ceiling,1,-19,0.24417
ceiling,1,-17,0.26772
ceiling,0,-57,0.2353
ceiling,1,3,0.27983
ceiling,1,12,0.27481
ceiling,1,-25,0.28181
ceiling,1,-33,0.29612
ceiling,0,-49,0.25508
ceiling,0,-86,0.25475
ceiling,1,-40,0.32351
ceiling,1,70,0.29522
ceiling,1,47,0.26771
ceiling,1,28,0.32713
ceiling,1,0,0.28575
ceiling,1,18,0.28443
ceiling,1,-85,0.24008
ceiling,1,-32,0.27092
ceiling,1,32,0.34126
ceiling,1,0,0.31265
ceiling,1,43,0.33616
ceiling,1,-11,0.29097
ceiling,0,-71,0.27666
ceiling,0,-88,0.1889
ceiling,1,-33,0.22944
ceiling,1,27,0.30517
ceiling,1,-53,0.22166
ceiling,1,-64,0.26097
ceiling,0,-42,0.20491
ceiling,1,-37,0.2238
ceiling,1,-29,0.29112
ceiling,1,-4,0.29037
ceiling,1,-28,0.28073
ceiling,0,-101,0.23431
ceiling,1,-51,0.27213
ceiling,0,-123,0.11298
ceiling,1,-2,0.27041
ceiling,1,9,0.24778
ceiling,0,-64,0.21723
ceiling,1,26,0.28135
ceiling,1,-12,0.29905
ceiling,0,-88,0.22986
ceiling,1,-29,0.25284
ceiling,0,-200,0.09319
ceiling,1,40,0.29463
ceiling,1,48,0.33363
ceiling,1,-55,0.2829
ceiling,1,124,0.31701
ceiling,1,30,0.26324
ceiling,0,-46,0.24715
ceiling,1,47,0.3038
ceiling,1,-18,0.30858
ceiling,1,-27,0.23241
ceiling,0,-63,0.24316
ceiling,1,5,0.24103
ceiling,1,43,0.32953
ceiling,1,6,0.20143
ceiling,1,-45,0.23712
ceiling,1,67,0.27712
ceiling,1,55,0.31509
ceiling,1,-17,0.26185
ceiling,1,-20,0.25016
ceiling,1,79,0.30006
ceiling,1,12,0.28296
ceiling,1,7,0.33051
ceiling,1,10,0.23477
ceiling,1,-11,0.30768
ceiling,1,2,0.32608
ceiling,1,17,0.22566
ceiling,1,92,0.34448
ceiling,1,-31,0.26253
ceiling,1,-72,0.20827
ceiling,0,-54,0.21558
ceiling,1,13,0.31061
ceiling,1,25,0.27653
ceiling,1,52,0.28638
ceiling,0,-106,0.16542
ceiling,1,23,0.27545
ceiling,1,-7,0.19298
ceiling,1,58,0.32002
ceiling,1,-54,0.2451
ceiling,1,4,0.24024
ceiling,1,-58,0.19422
ceiling,1,18,0.26044
ceiling,1,-10,0.32849
ceiling,1,16,0.31032
ceiling,0,-188,0.18175
ceiling,1,-35,0.21903
ceiling,1,-11,0.35902
ceiling,0,-101,0.18028
ceiling,1,-20,0.20104
ceiling,1,-51,0.28428
ceiling,1,31,0.36198
ceiling,1,-1,0.35927
ceiling,1,7,0.34348
ceiling,1,-93,0.23749
ceiling,1,-16,0.22874
ceiling,1,34,0.32758
ceiling,0,-103,0.23597
ceiling,1,-68,0.27505
ceiling,0,-52,0.25059
ceiling,1,63,0.30383
ceiling,0,-49,0.25276
ceiling,1,-15,0.28607
ceiling,1,-11,0.29852
ceiling,0,-53,0.27802
ceiling,1,3,0.273
ceiling,1,-15,0.24039
ceiling,1,73,0.31782
ceiling,1,116,0.3249
ceiling,1,72,0.31955
ceiling,1,-4,0.31117
ceiling,1,-29,0.29407
ceiling,1,-6,0.27161
ceiling,1,11,0.26671
ceiling,0,-31,0.27252
ceiling,0,-38,0.30041
ceiling,1,19,0.34429
ceiling,1,12,0.3539
ceiling,1,-60,0.27473
ceiling,1,-18,0.27314
ceiling,1,92,0.26903
ceiling,1,-20,0.2677
ceiling,1,-2,0.31175
ceiling,1,18,0.33394
ceiling,1,5,0.2824
ceiling,0,-59,0.21168
ceiling,1,-71,0.26493
ceiling,0,-199,0.10402
ceiling,0,-68,0.2553
ceiling,1,4,0.33037
ceiling,1,-11,0.30796
ceiling,1,48,0.27653
ceiling,1,-46,0.22973
ceiling,1,56,0.34156
ceiling,1,-16,0.24225
ceiling,1,12,0.30861
ceiling,1,35,0.32476
ceiling,1,-45,0.22679
ceiling,1,88,0.29365
ceiling,1,80,0.35247
ceiling,1,48,0.2753
ceiling,1,57,0.30774
ceiling,1,70,0.27272
ceiling,1,83,0.29208
ceiling,1,30,0.31211
ceiling,1,-48,0.30811
ceiling,1,-15,0.28522
ceiling,1,-25,0.26401
ceiling,1,0,0.31394
ceiling,1,-23,0.28823
ceiling,1,-45,0.25319
ceiling,1,-62,0.25057
ceiling,1,-32,0.23753
ceiling,1,29,0.30972
ceiling,1,-64,0.25693
ceiling,0,-94,0.18487
ceiling,1,-60,0.26115
ceiling,1,69,0.36434
ceiling,1,112,0.34785
ceiling,1,71,0.3233
ceiling,1,-28,0.27206
ceiling,1,136,0.38013
ceiling,0,-99,0.16479
ceiling,0,-117,0.247
ceiling,1,68,0.33683
ceiling,0,-69,0.20127
ceiling,0,-68,0.20816
ceiling,1,-68,0.26763
ceiling,1,-15,0.27062
ceiling,1,61,0.32594
ceiling,1,43,0.23518
ceiling,1,40,0.3215
ceiling,1,-11,0.33646
ceiling,1,-10,0.27737
ceiling,1,48,0.31416
ceiling,1,67,0.37121
ceiling,0,-70,0.18763
ceiling,1,33,0.38772
ceiling,1,15,0.2989
ceiling,1,-2,0.30125
ceiling,1,-7,0.30944
ceiling,0,-72,0.20525
ceiling,1,50,0.28218
ceiling,1,-38,0.23842
ceiling,1,25,0.26936
ceiling,1,-35,0.27438
ceiling,1,57,0.2848
ceiling,1,49,0.27945
ceiling,1,56,0.31184
ceiling,1,128,0.32753
ceiling,1,89,0.31423
ceiling,1,69,0.35615
ceiling,1,30,0.29048
ceiling,1,25,0.28537
ceiling,1,-22,0.27732
ceiling,1,-68,0.28857
ceiling,0,-104,0.06941
ceiling,1,7,0.20816
ceiling,1,-100,0.24472
ceiling,1,49,0.26463
ceiling,1,-19,0.29485
ceiling,1,140,0.33111
ceiling,0,-70,0.16821
ceiling,1,28,0.29728
ceiling,1,23,0.2999
ceiling,1,-12,0.24186
ceiling,1,16,0.24692
ceiling,1,-39,0.22939
ceiling,1,13,0.29761
ceiling,0,-88,0.15401
ceiling,1,31,0.35679
ceiling,1,-38,0.29863
ceiling,1,12,0.22693
ceiling,1,-87,0.26457
ceiling,1,-18,0.28267
ceiling,1,4,0.23934
ceiling,1,15,0.29429
ceiling,1,74,0.28513
ceiling,1,-48,0.29099
ceiling,1,36,0.27501
ceiling,1,7,0.3295
ceiling,1,-32,0.25481
ceiling,1,0,0.22054
ceiling,0,-72,0.26978
ceiling,1,-3,0.33813
ceiling,1,13,0.32342
ceiling,1,-3,0.29999
ceiling,1,110,0.33803
ceiling,1,-17,0.32159
ceiling,1,1,0.30147
ceiling,1,-34,0.2853
ceiling,1,3,0.27389
ceiling,0,-76,0.20579
ceiling,0,-74,0.17505
ceiling,1,-7,0.34665
ceiling,0,-99,0.16346
ceiling,1,35,0.33329
ceiling,1,-28,0.29914
ceiling,0,-180,-0.06421
ceiling,0,-42,0.30344
ceiling,0,-37,0.30242
ceiling,1,14,0.3299
ceiling,1,-19,0.31753
ceiling,1,28,0.30169
ceiling,1,9,0.33927
ceiling,1,-7,0.32679
ceiling,1,47,0.32419
ceiling,1,11,0.32161
ceiling,1,-10,0.26674
ceiling,1,-14,0.27182
ceiling,1,8,0.32305
ceiling,0,-46,0.2342
ceiling,0,-87,0.11446
ceiling,1,17,0.3217
ceiling,1,-28,0.23845
ceiling,0,-97,0.2217
ceiling,1,-40,0.22769
ceiling,1,5,0.36403
ceiling,1,-42,0.28716
ceiling,1,-47,0.28384
ceiling,1,-4,0.32882
ceiling,1,-64,0.21398
ceiling,1,39,0.34636
ceiling,1,-14,0.26967
ceiling,1,14,0.36201
ceiling,0,-58,0.25278
ceiling,1,-24,0.28417
ceiling,1,44,0.31222
ceiling,1,4,0.31428
ceiling,1,-33,0.27502
ceiling,1,-15,0.30819
ceiling,0,-73,0.18207
ceiling,0,-62,0.19045
ceiling,1,65,0.30936
ceiling,0,-109,0.20332
ceiling,1,-8,0.28694
ceiling,0,-121,0.12089
ceiling,1,-39,0.2437
ceiling,1,-20,0.29146
ceiling,0,-72,0.21101
ceiling,1,-57,0.25395
ceiling,1,19,0.3236
ceiling,1,23,0.26525
ceiling,1,51,0.29129
ceiling,1,82,0.30302
ceiling,1,-5,0.25359
ceiling,0,-106,0.18314
ceiling,1,-20,0.33882
ceiling,1,-24,0.30412
ceiling,1,-78,0.24109
ceiling,1,-10,0.31058
ceiling,0,-69,0.19864
ceiling,0,-132,0.23581
ceiling,1,8,0.22862
ceiling,1,39,0.26595
ceiling,1,83,0.29235
ceiling,0,-140,0.16179
ceiling,0,-120,0.25068
ceiling,1,59,0.31267
ceiling,0,-70,0.20453
ceiling,1,-14,0.28075
ceiling,1,-36,0.27855
ceiling,1,47,0.31564
ceiling,1,-55,0.24967
ceiling,1,33,0.34835
ceiling,1,84,0.30805
ceiling,1,44,0.29041
ceiling,1,-25,0.20882
ceiling,1,-43,0.25805
ceiling,0,-70,0.25419
ceiling,0,-34,0.23399
ceiling,1,6,0.26969
ceiling,1,23,0.2833
ceiling,1,43,0.32283
ceiling,1,62,0.31958
ceiling,1,-58,0.27633
ceiling,0,-163,0.09407
ceiling,1,-15,0.32478
ceiling,1,-43,0.24729
ceiling,1,-19,0.26086
ceiling,0,-91,0.25473
ceiling,1,-18,0.30065
ceiling,1,-41,0.26292
ceiling,1,54,0.28105
ceiling,1,-9,0.28736
ceiling,0,-132,0.19974
ceiling,1,76,0.36816
ceiling,1,102,0.30345
ceiling,1,74,0.25231
ceiling,1,34,0.31733
ceiling,0,-50,0.21398
ceiling,1,-40,0.17815
ceiling,1,-13,0.27532
ceiling,1,-39,0.27267
ceiling,1,-43,0.33917
ceiling,1,-7,0.30814
ceiling,1,-13,0.22496
ceiling,1,-47,0.22906
ceiling,1,15,0.31844
ceiling,1,-52,0.25654
ceiling,0,-177,0.10835
ceiling,1,33,0.33047
ceiling,1,-62,0.21681
ceiling,1,33,0.30672
ceiling,1,59,0.34167
ceiling,1,-9,0.27892
ceiling,1,16,0.30033
ceiling,0,-99,0.1618
ceiling,1,-12,0.24189
ceiling,1,31,0.28965
ceiling,1,-11,0.29669
ceiling,1,-39,0.23607
ceiling,1,6,0.27447
ceiling,1,98,0.35185
ceiling,0,-110,0.18829
ceiling,1,-37,0.265
ceiling,1,-4,0.25701
ceiling,1,48,0.30285
ceiling,1,-23,0.26284
ceiling,1,-30,0.27425
ceiling,1,-25,0.27853
ceiling,1,-49,0.25487
ceiling,1,-34,0.27992
ceiling,0,-60,0.25208
ceiling,1,-3,0.28359
ceiling,1,-39,0.24767
ceiling,1,-58,0.29785
ceiling,1,-35,0.22106
ceiling,1,91,0.36955
ceiling,1,-13,0.31345
ceiling,1,-56,0.26517
ceiling,1,-9,0.32081
ceiling,0,-113,0.23103
ceiling,1,-52,0.30386
ceiling,1,25,0.30371
ceiling,1,11,0.34618
ceiling,1,30,0.33458
ceiling,1,-19,0.31655
ceiling,0,-61,0.25382
ceiling,1,26,0.23761
ceiling,1,15,0.3251
ceiling,1,81,0.3116
ceiling,1,64,0.35044
ceiling,1,22,0.26554
ceiling,0,-129,0.13771
ceiling,1,-27,0.30085
ceiling,1,-27,0.26576
ceiling,1,-48,0.28528
ceiling,0,-51,0.22678
ceiling,1,20,0.35802
ceiling,0,-71,0.15885
ceiling,1,-48,0.26046
ceiling,0,-84,0.18349
ceiling,0,-111,0.21041
ceiling,1,-42,0.28079
ceiling,1,30,0.30316
ceiling,1,-36,0.29025
ceiling,0,-79,0.23657
ceiling,1,-6,0.29191
ceiling,0,-82,0.21528
ceiling,1,79,0.32992
ceiling,1,4,0.27013
ceiling,1,2,0.28942
ceiling,1,77,0.33351
ceiling,1,-15,0.31407
ceiling,1,66,0.33264
ceiling,1,33,0.33267
ceiling,1,53,0.28164
ceiling,1,-45,0.22171
ceiling,0,-83,0.22744
ceiling,1,-14,0.27958
ceiling,1,76,0.30329
ceiling,1,-27,0.28507
ceiling,0,-61,0.21605
ceiling,1,-37,0.27884
ceiling,0,-44,0.21976
ceiling,0,-185,0.17049
ceiling,1,142,0.36574
ceiling,0,-64,0.14118
ceiling,1,5,0.32802
ceiling,1,8,0.26166
ceiling,1,-1,0.28161
ceiling,1,31,0.31597
ceiling,1,-20,0.25878
ceiling,0,-158,0.19547
ceiling,1,84,0.32305
ceiling,1,54,0.31708
ceiling,1,-41,0.296
ceiling,1,41,0.29272
ceiling,1,-29,0.29127
ceiling,1,11,0.3041
ceiling,1,-6,0.29184
ceiling,1,-44,0.25171
ceiling,0,-74,0.22236
ceiling,1,-60,0.22894
ceiling,1,33,0.28546
ceiling,1,-32,0.28839
ceiling,1,-12,0.29338
ceiling,1,-3,0.28892
ceiling,1,22,0.28878
ceiling,1,27,0.33997
ceiling,0,-68,0.21533
ceiling,1,36,0.28285
ceiling,1,63,0.29258
ceiling,0,-62,0.24031
ceiling,1,18,0.31447
ceiling,1,-18,0.29758
ceiling,1,39,0.33255
ceiling,0,-62,0.23977
ceiling,1,11,0.2992
ceiling,1,16,0.31444
ceiling,1,-36,0.29065
ceiling,0,-33,0.16323
ceiling,1,31,0.31344
ceiling,1,-5,0.28428
ceiling,1,-26,0.28169
ceiling,0,-57,0.22567
ceiling,1,22,0.31068
ceiling,0,-107,0.19259
ceiling,0,-83,0.2066
ceiling,1,72,0.34397
ceiling,1,-68,0.1627
ceiling,1,-39,0.25811
ceiling,1,4,0.30914
ceiling,1,110,0.32581
ceiling,1,33,0.26824
ceiling,1,19,0.26474
ceiling,1,82,0.31367
ceiling,1,-19,0.23787
ceiling,0,-90,0.19223
ceiling,1,59,0.29454
ceiling,0,-87,0.16294
ceiling,0,-83,0.16226
ceiling,1,98,0.29948
ceiling,1,-1,0.31945
ceiling,1,59,0.27065
ceiling,1,25,0.282
ceiling,1,19,0.29162
ceiling,1,-18,0.26835
ceiling,1,-104,0.22011
ceiling,1,-12,0.23554
ceiling,1,20,0.32789
ceiling,1,-2,0.27719
ceiling,1,32,0.31771
ceiling,1,-46,0.29558
ceiling,0,-51,0.26006
ceiling,1,18,0.32574
ceiling,1,36,0.36288
ceiling,1,103,0.32435
ceiling,1,20,0.3296
ceiling,1,27,0.26302
ceiling,1,10,0.33128
ceiling,1,42,0.32286
ceiling,0,-32,0.26737
ceiling,1,14,0.29758
ceiling,1,-22,0.29768
ceiling,0,-67,0.23905
ceiling,0,-127,0.20224
ceiling,1,6,0.29781
ceiling,1,9,0.28497
ceiling,1,14,0.27026
ceiling,1,-55,0.27768
ceiling,1,-30,0.2325
ceiling,1,16,0.34492
ceiling,0,-127,0.19359
ceiling,1,34,0.27194
ceiling,1,5,0.28654
ceiling,1,-49,0.28252
ceiling,1,-25,0.27764
ceiling,1,-15,0.23723
ceiling,1,8,0.29241
ceiling,0,-74,0.05058
ceiling,1,97,0.34591
ceiling,1,-33,0.2847
ceiling,0,-59,0.203
ceiling,1,-29,0.31595
ceiling,1,44,0.3156
ceiling,1,-2,0.27169
ceiling,1,23,0.31097
ceiling,0,-54,0.29651
ceiling,0,-44,0.23213
ceiling,1,0,0.31869
ceiling,1,106,0.32123
ceiling,1,50,0.29504
ceiling,1,-10,0.24846
ceiling,1,-24,0.26004
ceiling,0,-70,0.24949
ceiling,1,-67,0.24709
ceiling,1,77,0.30168
ceiling,1,23,0.30125
ceiling,1,17,0.35851
ceiling,1,-14,0.23475
ceiling,1,-60,0.28404
ceiling,1,-27,0.24255
ceiling,1,-19,0.30571
ceiling,0,-37,0.28961
ceiling,1,-7,0.27616
ceiling,1,67,0.26876
ceiling,1,-43,0.19792
ceiling,1,-16,0.28115
ceiling,1,-13,0.19813
ceiling,0,-66,0.25546
ceiling,1,-10,0.30093
ceiling,1,-48,0.29196
ceiling,1,4,0.33319
ceiling,1,-38,0.25255
ceiling,1,14,0.29382
ceiling,1,-81,0.20936
ceiling,0,-111,0.20687
ceiling,1,-56,0.29747
ceiling,1,97,0.26519
ceiling,1,-37,0.19786
ceiling,1,-33,0.27877
ceiling,1,57,0.29535
ceiling,1,-6,0.28365
ceiling,1,63,0.30853
ceiling,1,-30,0.26119
ceiling,1,25,0.33673
ceiling,1,56,0.35693
ceiling,1,-22,0.21071
ceiling,1,57,0.3279
ceiling,1,-49,0.25409
ceiling,1,59,0.29756
ceiling,0,-67,0.27734
ceiling,1,77,0.28838
ceiling,1,65,0.33488
ceiling,1,73,0.34112
ceiling,1,-35,0.31362
ceiling,0,-89,0.18867
ceiling,1,-31,0.30696
ceiling,0,-86,0.25972
ceiling,1,-78,0.2331
ceiling,1,-37,0.26398
ceiling,1,3,0.30434
ceiling,0,-45,0.24364
ceiling,1,-10,0.26826
ceiling,1,-26,0.24914
ceiling,0,-134,0.15583
ceiling,0,-76,0.18353
ceiling,1,58,0.28552
ceiling,1,40,0.31754
ceiling,1,22,0.29323
ceiling,1,-46,0.2307
ceiling,1,20,0.26145
ceiling,1,-38,0.24539
ceiling,1,7,0.31032
ceiling,0,-106,0.24567
ceiling,1,50,0.29224
ceiling,1,104,0.32779
ceiling,1,22,0.22737
ceiling,1,16,0.28046
ceiling,1,-72,0.2233
ceiling,0,-127,0.16408
ceiling,1,-59,0.25182
ceiling,0,-122,0.22772
ceiling,0,-107,0.20245
ceiling,1,-64,0.26285
ceiling,1,13,0.28275
ceiling,0,-86,0.23711
ceiling,0,-40,0.1778
ceiling,1,116,0.34293
ceiling,1,-1,0.33642
ceiling,0,-138,0.14818
ceiling,1,-27,0.36404
ceiling,0,-118,0.1987
ceiling,1,-3,0.35704
ceiling,1,56,0.32829
ceiling,0,-182,0.12143
ceiling,1,9,0.2655
ceiling,1,62,0.3177
ceiling,1,42,0.32735
ceiling,1,44,0.30381
ceiling,1,-15,0.28801
ceiling,1,12,0.28443
ceiling,1,36,0.32186
ceiling,1,81,0.29604
ceiling,1,-38,0.21469
ceiling,1,30,0.30845
ceiling,1,-14,0.3031
ceiling,1,79,0.31967
ceiling,0,-100,0.18296
ceiling,0,-86,0.24477
ceiling,1,-3,0.28992
ceiling,1,5,0.30878
ceiling,1,44,0.30153
ceiling,1,36,0.31158
ceiling,1,29,0.26345
ceiling,1,-22,0.27133
ceiling,1,-14,0.28301
ceiling,1,2,0.3446
ceiling,1,-17,0.28815
ceiling,1,10,0.32403
ceiling,1,-6,0.32467
ceiling,1,-60,0.2775
ceiling,1,34,0.31507
ceiling,1,-31,0.28046
ceiling,1,22,0.30552
ceiling,1,-5,0.27051
ceiling,1,60,0.34136
ceiling,1,-23,0.30333
ceiling,1,-37,0.31664
ceiling,1,0,0.22757
ceiling,0,-105,0.14224
ceiling,0,-51,0.19239
ceiling,1,-35,0.2706
ceiling,0,-73,0.23322
ceiling,1,-18,0.27141
ceiling,1,17,0.28269
ceiling,1,-52,0.28441
ceiling,1,16,0.36297
ceiling,0,-25,0.26037
ceiling,1,-19,0.26921
ceiling,1,12,0.30805
ceiling,0,-105,0.22551
ceiling,1,-27,0.28902
ceiling,1,-19,0.25809
ceiling,1,9,0.2415
ceiling,1,17,0.28674
ceiling,1,19,0.31251
ceiling,1,-29,0.29157
ceiling,1,-8,0.32924
ceiling,1,21,0.32894
ceiling,1,34,0.34201
ceiling,0,-43,0.27925
ceiling,0,-64,0.28429
ceiling,0,-52,0.26378
ceiling,1,-43,0.23564
ceiling,0,-74,0.26081
ceiling,1,16,0.26292
ceiling,1,-6,0.29191
ceiling,1,-29,0.30396
ceiling,1,16,0.2715
ceiling,1,31,0.38787
ceiling,0,-93,0.16044
ceiling,0,-38,0.23488
ceiling,0,-117,0.15366
ceiling,1,-12,0.2844
ceiling,1,-24,0.25647
ceiling,1,-15,0.29338
ceiling,1,-19,0.277
ceiling,1,13,0.24297
ceiling,0,-28,0.25724
ceiling,0,-21,0.29739
ceiling,1,108,0.36921
ceiling,0,-167,0.09237
ceiling,0,-55,0.176
ceiling,1,-35,0.316
ceiling,1,74,0.30843
ceiling,0,-72,0.2226
ceiling,1,40,0.28479
ceiling,1,37,0.32625
ceiling,1,100,0.32859
ceiling,0,-93,0.20607
ceiling,1,41,0.26056
ceiling,1,50,0.35364
ceiling,1,13,0.29316
ceiling,1,8,0.31644
ceiling,1,48,0.31006
ceiling,1,51,0.33291
ceiling,1,-83,0.23786
ceiling,1,12,0.28036
ceiling,1,-11,0.27788
ceiling,1,19,0.29336
ceiling,1,-35,0.2185
ceiling,0,-74,0.21993
ceiling,0,-124,0.17742
ceiling,1,-6,0.21084
ceiling,1,-8,0.27774
ceiling,0,-88,0.21285
ceiling,1,93,0.34732
ceiling,0,-47,0.19744
ceiling,1,68,0.28073
ceiling,0,-100,0.1969
ceiling,1,44,0.3298
ceiling,0,-42,0.22016
ceiling,0,-227,-0.03097
ceiling,1,33,0.3608
ceiling,0,-50,0.21416
ceiling,1,19,0.32585
ceiling,1,-53,0.25757
ceiling,1,81,0.35632
ceiling,1,14,0.31082
ceiling,0,-88,0.22051
ceiling,0,-97,0.20889
ceiling,1,19,0.28854
ceiling,1,17,0.2771
ceiling,1,-22,0.29438
ceiling,0,-104,0.22808
ceiling,1,38,0.26721
ceiling,1,33,0.32727
ceiling,1,50,0.31907
ceiling,1,21,0.28028
ceiling,1,17,0.23999
ceiling,0,-102,0.23741
ceiling,1,-44,0.23624
ceiling,1,-4,0.30747
ceiling,0,-81,0.15816
ceiling,1,-19,0.18739
ceiling,0,-72,0.23294
ceiling,0,-96,0.20245
ceiling,1,-21,0.33728
ceiling,1,55,0.26496
ceiling,0,-89,0.18082
ceiling,0,-70,0.20278
ceiling,1,31,0.2888
ceiling,1,99,0.30134
ceiling,1,35,0.30636
ceiling,1,-10,0.28492
ceiling,1,-12,0.37912
ceiling,1,9,0.3444
ceiling,1,-27,0.25992
ceiling,1,27,0.33922
ceiling,1,37,0.31312
ceiling,1,-34,0.25229
ceiling,1,6,0.33399
ceiling,1,-13,0.31403
ceiling,1,-51,0.26551
ceiling,1,68,0.3552
ceiling,1,45,0.34276
ceiling,1,4,0.32811
ceiling,1,-73,0.25658
ceiling,1,13,0.30238
ceiling,1,-3,0.32248
ceiling,1,12,0.29974
ceiling,1,-25,0.27691
ceiling,1,-37,0.25715
ceiling,1,1,0.28416
ceiling,1,-43,0.2656
ceiling,1,-58,0.26286
ceiling,1,23,0.25311
ceiling,1,58,0.30069
ceiling,1,-36,0.25034
ceiling,1,-16,0.3425
ceiling,1,15,0.33213
ceiling,0,-43,0.21001
ceiling,1,-21,0.30659
ceiling,0,-146,0.19837
ceiling,1,-22,0.28568
ceiling,0,-72,0.21325
ceiling,0,-91,0.23912
ceiling,0,-87,0.21274
ceiling,1,57,0.32392
ceiling,1,25,0.25226
ceiling,1,57,0.30041
ceiling,1,41,0.31612
ceiling,1,-30,0.23425
ceiling,0,-118,0.22329
ceiling,1,-35,0.26405
ceiling,1,-4,0.33392
ceiling,1,-14,0.31799
ceiling,0,-55,0.26575
ceiling,1,0,0.30507
ceiling,1,-21,0.32489
ceiling,1,-26,0.19625
ceiling,0,-33,0.29251
ceiling,0,-127,0.17911
ceiling,1,14,0.30146
ceiling,1,22,0.31192
ceiling,1,-27,0.29089
ceiling,0,-55,0.31031
ceiling,1,-69,0.2847
ceiling,0,-106,0.26026
ceiling,0,-83,0.23701
ceiling,1,32,0.32746
ceiling,1,35,0.31927
ceiling,1,-25,0.30891
ceiling,1,14,0.26741
ceiling,1,-41,0.29611
ceiling,1,-3,0.33125
ceiling,1,33,0.30768
ceiling,1,49,0.30433
ceiling,1,35,0.31149
ceiling,1,-2,0.29451
ceiling,1,43,0.31913
ceiling,1,30,0.27468
ceiling,0,-142,0.18367
ceiling,0,-136,0.19986
ceiling,0,-145,0.18297
ceiling,1,-53,0.18592
ceiling,0,-88,0.21104
ceiling,1,13,0.28776
ceiling,1,59,0.2963
ceiling,1,-4,0.27309
ceiling,1,-67,0.2393
ceiling,1,-45,0.29278
ceiling,0,-104,0.13677
ceiling,0,-69,0.24962
ceiling,1,-51,0.23389
ceiling,1,75,0.35382
ceiling,0,-151,0.18306
ceiling,1,-57,0.23972
ceiling,1,170,0.33873
ceiling,1,-13,0.31194
ceiling,1,113,0.36405
ceiling,1,1,0.25607
ceiling,0,-95,0.20237
ceiling,0,-112,0.20716
ceiling,1,-39,0.31905
ceiling,1,35,0.27721
ceiling,1,-6,0.32754
ceiling,1,-3,0.31237
ceiling,1,20,0.26252
ceiling,1,37,0.25589
ceiling,1,-38,0.23256
ceiling,0,-139,0.12427
ceiling,1,-55,0.30525
ceiling,1,-10,0.20978
ceiling,0,-88,0.19234
ceiling,1,1,0.34027
ceiling,0,-103,0.13059
ceiling,1,-7,0.30291
ceiling,0,-102,0.20709
ceiling,0,-170,0.17945
ceiling,1,-35,0.25524
ceiling,1,-43,0.28427
ceiling,1,-10,0.23987
ceiling,1,-15,0.29361
ceiling,1,-20,0.21635
ceiling,1,46,0.33465
ceiling,1,-7,0.25426
ceiling,0,-68,0.24881
ceiling,1,-9,0.28065
ceiling,0,-56,0.22325
ceiling,1,-9,0.27966
ceiling,1,16,0.27444
ceiling,1,44,0.26884
ceiling,1,-10,0.32248
ceiling,1,100,0.30992
ceiling,0,-69,0.2147
ceiling,1,-30,0.27479
ceiling,1,-24,0.2279
ceiling,1,-9,0.2922
ceiling,1,-13,0.32174
ceiling,1,11,0.31084
ceiling,1,20,0.24336
ceiling,1,-51,0.30662
ceiling,1,90,0.31186
ceiling,1,-36,0.24751
ceiling,1,4,0.2452
ceiling,1,6,0.26466
ceiling,1,49,0.31005
ceiling,1,78,0.32647
ceiling,1,8,0.34709
ceiling,1,-3,0.27533
ceiling,0,-64,0.22369
ceiling,1,-39,0.32256
ceiling,1,-26,0.27104
ceiling,1,106,0.31724
ceiling,1,-46,0.21546
ceiling,1,-30,0.26789
ceiling,1,-38,0.26184
ceiling,1,6,0.29448
ceiling,1,29,0.31318
ceiling,1,-36,0.17325
ceiling,1,11,0.26563
ceiling,1,23,0.32366
ceiling,0,-63,0.22778
ceiling,1,89,0.34408
ceiling,1,-43,0.27392
ceiling,1,0,0.33484
ceiling,1,-18,0.29273
ceiling,1,-26,0.28067
ceiling,1,-36,0.27259
ceiling,1,20,0.3174
ceiling,1,82,0.33127
ceiling,1,-52,0.28301
ceiling,1,-15,0.30187
ceiling,1,93,0.32646
ceiling,1,-19,0.33926
ceiling,0,-48,0.25652
ceiling,0,-79,0.19644
ceiling,1,24,0.28812
ceiling,0,-132,0.18653
ceiling,1,-33,0.22792
ceiling,1,-28,0.32206
ceiling,1,-22,0.30103
ceiling,0,-66,0.15855
ceiling,1,21,0.26016
ceiling,1,3,0.3191
ceiling,0,-66,0.29004
ceiling,1,-1,0.32135
ceiling,1,-70,0.30861
ceiling,1,30,0.30135
ceiling,1,51,0.29134
ceiling,1,-8,0.29951
ceiling,1,17,0.33542
ceiling,1,33,0.3428
ceiling,0,-79,0.23083
ceiling,1,-19,0.20454
ceiling,1,-4,0.2806
ceiling,1,-10,0.2831
ceiling,1,5,0.31199
ceiling,1,-40,0.29309
ceiling,0,-109,0.19384
ceiling,1,83,0.3386
ceiling,1,-61,0.25409
ceiling,1,-19,0.31659
ceiling,1,24,0.34807
ceiling,1,-13,0.31817
ceiling,1,-70,0.29402
ceiling,1,-76,0.22264
ceiling,1,7,0.3231
ceiling,1,20,0.26345
ceiling,0,-67,0.25255
ceiling,1,-18,0.29568
ceiling,1,19,0.32692
ceiling,0,-135,0.01565
ceiling,0,-96,0.21841
ceiling,0,-176,0.15807
ceiling,1,37,0.27276
ceiling,1,-22,0.26032
ceiling,1,-20,0.21355
ceiling,1,-36,0.26453
ceiling,1,-27,0.28086
ceiling,0,-96,0.19659
ceiling,1,20,0.29642
ceiling,1,62,0.28268
ceiling,1,1,0.28971
ceiling,1,-45,0.2842
ceiling,1,78,0.29485
ceiling,1,-5,0.24724
ceiling,0,-55,0.26482
ceiling,1,-6,0.23426
ceiling,1,29,0.3312
ceiling,0,-94,0.1919
ceiling,1,74,0.37245
ceiling,0,-118,-0.00455
ceiling,0,-92,0.18418
ceiling,1,91,0.33335
ceiling,1,-2,0.32109
ceiling,1,77,0.29666
ceiling,1,16,0.26249
ceiling,1,42,0.31676
ceiling,1,45,0.23769
ceiling,1,10,0.28988
ceiling,0,-85,0.25239
ceiling,1,-39,0.24129
ceiling,1,-28,0.3064
ceiling,1,51,0.26038
ceiling,1,25,0.24891
ceiling,1,46,0.2612
ceiling,1,-25,0.2877
ceiling,0,-44,0.24902
ceiling,1,-74,0.2587
ceiling,1,27,0.32338
ceiling,1,-41,0.26111
ceiling,1,-15,0.24269
ceiling,0,-37,0.23813
ceiling,1,-65,0.2682
ceiling,1,-67,0.26652
ceiling,0,-57,0.20371
ceiling,0,-58,0.25459
ceiling,1,38,0.29414
ceiling,0,-57,0.26072
ceiling,1,-25,0.29766
ceiling,1,-54,0.29113
ceiling,1,4,0.27378
ceiling,1,43,0.31558
ceiling,1,-17,0.26564
ceiling,1,3,0.28872
ceiling,0,-114,0.14032
ceiling,0,-108,0.16308
ceiling,1,25,0.31758
ceiling,1,1,0.24156
ceiling,0,-147,0.14647
ceiling,1,-45,0.2445
ceiling,0,-146,0.21385
ceiling,1,-13,0.2994
ceiling,1,24,0.27774
ceiling,1,5,0.28244
ceiling,1,-4,0.32855
ceiling,1,1,0.261
ceiling,1,83,0.34247
ceiling,1,77,0.32484
ceiling,1,-57,0.25803
ceiling,1,101,0.30767
ceiling,1,-50,0.30161
ceiling,0,-81,0.17113
ceiling,1,-40,0.29907
ceiling,1,-31,0.32787
ceiling,1,57,0.33941
ceiling,1,45,0.28517
ceiling,1,17,0.28542
ceiling,1,23,0.31312
ceiling,1,-31,0.24676
ceiling,1,-29,0.27235
ceiling,1,74,0.35189
ceiling,0,-158,0.18882
ceiling,1,-13,0.28627
ceiling,1,-51,0.23329
ceiling,1,53,0.33889
ceiling,1,101,0.34847
ceiling,1,-54,0.26831
ceiling,1,40,0.30307
ceiling,1,-29,0.25151
ceiling,0,-64,0.23566
ceiling,1,-3,0.35439
ceiling,1,102,0.29496
ceiling,1,-11,0.29755
ceiling,1,-42,0.29248
ceiling,1,2,0.29794
ceiling,0,-141,0.19315
ceiling,1,9,0.24494
ceiling,0,-172,0.17014
ceiling,1,7,0.28899
ceiling,0,-96,0.19853
ceiling,1,-31,0.27211
ceiling,1,-42,0.30515
ceiling,0,-82,0.23998
ceiling,1,-60,0.22791
ceiling,1,18,0.33759
ceiling,1,-29,0.28029
ceiling,1,3,0.31365
ceiling,1,-20,0.28189
ceiling,1,47,0.34417
ceiling,1,-42,0.33254
ceiling,1,-2,0.29269
ceiling,1,94,0.34166
ceiling,1,-44,0.23188
ceiling,0,-72,0.26231
ceiling,1,0,0.19883
ceiling,1,23,0.32402
ceiling,1,50,0.33482
ceiling,1,-51,0.23839
ceiling,1,125,0.33972
ceiling,0,-77,0.24133
ceiling,1,6,0.27339
ceiling,1,45,0.28262
ceiling,1,-37,0.23965
ceiling,0,-78,0.23042
ceiling,0,-38,0.23765
ceiling,1,35,0.31495
ceiling,1,46,0.29587
ceiling,1,-1,0.2411
ceiling,1,-75,0.25279
ceiling,1,16,0.32813
ceiling,1,10,0.26584
ceiling,1,-12,0.28331
ceiling,1,-34,0.24681
ceiling,1,73,0.33591
ceiling,1,121,0.31645
ceiling,1,-32,0.27339
ceiling,1,-93,0.2317
ceiling,1,-20,0.27552
ceiling,1,20,0.33099
ceiling,1,-15,0.28547
ceiling,1,66,0.34747
ceiling,1,-68,0.21047
ceiling,1,82,0.34076
ceiling,1,-58,0.26627
ceiling,1,1,0.19738
ceiling,0,-164,0.09513
ceiling,1,-20,0.28904
ceiling,1,16,0.31545
ceiling,1,6,0.27357
ceiling,0,-98,0.12356
ceiling,0,-48,0.26006
ceiling,0,-45,0.26161
ceiling,1,-5,0.32528
ceiling,1,-15,0.28887
ceiling,1,-38,0.19277
ceiling,1,-35,0.27515
ceiling,1,-5,0.3123
ceiling,1,9,0.3279
ceiling,0,-89,0.27311
ceiling,1,8,0.28021
ceiling,1,-27,0.29264
ceiling,1,37,0.36522
ceiling,0,-53,0.16688
ceiling,1,-5,0.26749
ceiling,0,-96,0.1772
ceiling,1,45,0.26633
ceiling,1,13,0.34239
ceiling,1,-4,0.32428
ceiling,1,33,0.35354
ceiling,1,-52,0.26107
ceiling,1,-63,0.24216
ceiling,1,-4,0.34612
ceiling,1,41,0.32413
ceiling,1,17,0.28097
ceiling,0,-118,0.17454
ceiling,1,-37,0.26404
ceiling,1,-29,0.19788
ceiling,1,33,0.28862
ceiling,0,-50,0.20901
ceiling,0,-126,0.17312
ceiling,1,-5,0.23748
ceiling,1,19,0.27854
ceiling,1,-72,0.27172
ceiling,1,89,0.35881
ceiling,1,-55,0.25841
ceiling,1,67,0.31794
ceiling,0,-70,0.24128
ceiling,1,3,0.25412
ceiling,1,80,0.31368
ceiling,1,-28,0.28444
ceiling,1,-81,0.19193
ceiling,1,-17,0.33272
ceiling,0,-98,0.20339
ceiling,1,85,0.30544
ceiling,0,-72,0.22884
ceiling,1,-1,0.3059
ceiling,1,25,0.28737
ceiling,1,114,0.35743
ceiling,1,-31,0.29565
ceiling,1,92,0.30412
ceiling,1,3,0.32804
ceiling,1,-40,0.26919
ceiling,1,0,0.30185
ceiling,1,12,0.30057
ceiling,1,-29,0.31492
ceiling,1,17,0.26763
ceiling,1,41,0.30762
ceiling,1,-7,0.31328
ceiling,1,3,0.34174
ceiling,1,51,0.30399
ceiling,1,63,0.30183
ceiling,1,-1,0.30297
ceiling,1,-60,0.25215
ceiling,1,-27,0.19758
ceiling,1,-8,0.28242
ceiling,1,14,0.24475
ceiling,1,4,0.33057
ceiling,1,-51,0.29031
ceiling,1,-5,0.24066
ceiling,1,-62,0.29934
ceiling,1,47,0.29445
ceiling,0,-158,0.11509
ceiling,1,-52,0.3092
ceiling,0,-47,0.28562
ceiling,1,30,0.31434
ceiling,1,-59,0.24803
ceiling,1,31,0.34708
ceiling,1,17,0.28265
ceiling,0,-98,0.16475
ceiling,0,-88,0.23551
ceiling,1,-53,0.25097
ceiling,0,-164,0.13964
ceiling,0,-97,0.13042
ceiling,1,66,0.3395
ceiling,0,-51,0.28968
ceiling,1,-37,0.22229
ceiling,1,23,0.30276
ceiling,0,-181,0.08822
ceiling,1,-32,0.25465
ceiling,1,-10,0.28909
ceiling,1,-37,0.21452
ceiling,1,-3,0.29489
ceiling,1,-44,0.24308
ceiling,1,-25,0.24522
ceiling,1,-38,0.28901
ceiling,0,-94,0.19692
ceiling,1,-51,0.24263
ceiling,1,-49,0.27747
ceiling,1,-62,0.33592
ceiling,0,-92,0.20309
ceiling,0,-114,0.15241
ceiling,1,51,0.34954
ceiling,1,-31,0.30567
ceiling,0,-100,0.01496
ceiling,1,5,0.35366
ceiling,1,38,0.24607
ceiling,1,-46,0.30533
ceiling,0,-103,0.19427
ceiling,1,-32,0.25045
ceiling,1,-25,0.30622
ceiling,1,-48,0.21766
ceiling,1,34,0.26401
ceiling,1,57,0.28135
ceiling,1,60,0.30899
ceiling,1,-2,0.28462
ceiling,1,41,0.31737
ceiling,1,5,0.31351
ceiling,1,-45,0.2973
ceiling,1,57,0.28824
ceiling,1,-19,0.28074
ceiling,1,5,0.34141
ceiling,1,1,0.32331
ceiling,1,59,0.28809
ceiling,0,-111,0.21361
ceiling,1,23,0.24646
ceiling,0,-94,0.14538
ceiling,1,-86,0.25198
ceiling,1,65,0.31351
ceiling,1,136,0.36944
ceiling,1,-50,0.16965
ceiling,1,3,0.30912
ceiling,1,1,0.29009
ceiling,1,58,0.29419
ceiling,1,-29,0.2791
ceiling,1,-20,0.21012
ceiling,1,9,0.30544
ceiling,1,-17,0.29083
ceiling,1,-43,0.24857
ceiling,1,-31,0.28387
ceiling,1,-13,0.25516
ceiling,0,-143,0.14285
ceiling,1,134,0.3519
ceiling,0,-98,0.22015
ceiling,1,-41,0.21316
ceiling,1,35,0.29808
ceiling,1,-23,0.33066
ceiling,0,-69,0.26237
ceiling,1,6,0.28236
ceiling,0,-223,0.10254
ceiling,1,62,0.31871
ceiling,1,-47,0.27024
ceiling,1,7,0.32981
ceiling,1,69,0.29531
ceiling,1,-47,0.22849
ceiling,1,64,0.33099
ceiling,1,13,0.25955
ceiling,1,16,0.26061
ceiling,0,-207,-0.07884
ceiling,0,-67,0.21961
ceiling,1,52,0.33625
ceiling,1,-12,0.28349
ceiling,1,11,0.29989
ceiling,1,-42,0.25288
ceiling,1,5,0.31324
ceiling,1,57,0.27124
ceiling,1,-35,0.29117
ceiling,1,67,0.32456
ceiling,1,1,0.30407
ceiling,1,106,0.34329
ceiling,1,40,0.25612
ceiling,1,-16,0.30114
ceiling,0,-64,0.18886
ceiling,0,-71,0.21342
ceiling,1,33,0.25437
ceiling,1,-6,0.32162
ceiling,1,-1,0.27745
ceiling,1,42,0.32136
ceiling,1,-46,0.25339
ceiling,1,23,0.31651
ceiling,1,-110,0.22309
ceiling,1,-12,0.26992
ceiling,1,8,0.22587
ceiling,0,-63,0.22009
ceiling,0,-43,0.23088
ceiling,1,-13,0.21434
ceiling,1,-2,0.31651
ceiling,1,-38,0.3049
ceiling,1,36,0.27401
ceiling,1,4,0.2988
ceiling,1,23,0.31639
ceiling,1,-18,0.20787
ceiling,1,-17,0.31716
ceiling,0,-102,0.15139
ceiling,0,-73,0.20308
ceiling,1,61,0.29194
ceiling,1,82,0.31459
ceiling,1,19,0.33276
ceiling,1,-39,0.27009
ceiling,1,2,0.3255
ceiling,1,70,0.32764
ceiling,1,66,0.3468
ceiling,1,32,0.33127
ceiling,1,-35,0.25979
ceiling,1,124,0.33711
ceiling,1,-35,0.31548
ceiling,1,32,0.33353
ceiling,1,46,0.32546
ceiling,1,-30,0.28835
ceiling,0,-67,0.21133
ceiling,1,-46,0.29291
ceiling,0,-100,0.23931
ceiling,1,-8,0.30998
ceiling,1,-10,0.28054
ceiling,1,14,0.31066
ceiling,1,-22,0.33126
ceiling,0,-183,0.10996
ceiling,1,-25,0.29421
ceiling,1,10,0.33233
ceiling,0,-99,0.20016
ceiling,1,-6,0.33052
ceiling,1,-16,0.30254
ceiling,1,11,0.3079
ceiling,0,-93,0.20404
ceiling,1,-47,0.26371
ceiling,0,-74,0.22921
ceiling,1,-21,0.30638
ceiling,1,-3,0.27029
ceiling,1,67,0.27299
ceiling,1,-5,0.33106
ceiling,0,-78,0.19223
ceiling,1,-13,0.28634
ceiling,1,-16,0.31294
ceiling,0,-31,0.23965
ceiling,1,-14,0.27494
ceiling,1,-5,0.21276
ceiling,1,-51,0.26826
ceiling,1,-34,0.27366
ceiling,1,0,0.29494
ceiling,1,76,0.2921
ceiling,1,-20,0.27121
ceiling,1,2,0.29448
ceiling,0,-49,0.24824
ceiling,1,86,0.3609
ceiling,1,51,0.33113
ceiling,1,33,0.35139
ceiling,1,-79,0.22171
ceiling,0,-182,0.09724
ceiling,1,67,0.28694
ceiling,1,1,0.30834
ceiling,0,-58,0.25892
ceiling,0,-83,0.22058
ceiling,1,11,0.31979
ceiling,1,1,0.22404
ceiling,1,36,0.31402
ceiling,1,-7,0.24759
ceiling,1,24,0.28835
ceiling,1,14,0.29315
ceiling,1,78,0.35668
ceiling,0,-156,0.1082
ceiling,1,-6,0.2475
ceiling,1,-44,0.26711
ceiling,0,-127,0.18187
ceiling,1,46,0.34708
ceiling,1,16,0.31397
ceiling,1,31,0.31983
ceiling,1,-16,0.25787
ceiling,0,-84,0.21539
ceiling,1,40,0.32268
ceiling,1,26,0.29882
ceiling,1,104,0.31525
ceiling,0,-157,0.13929
ceiling,0,-141,0.19595
ceiling,1,43,0.34032
ceiling,1,-6,0.28963
ceiling,1,-27,0.27627
ceiling,1,-19,0.25682
ceiling,1,-69,0.25955
ceiling,1,-8,0.32881
ceiling,1,-30,0.23802
ceiling,1,-2,0.25974
ceiling,1,62,0.32
ceiling,0,-103,0.20841
ceiling,1,92,0.34341
ceiling,1,15,0.27447
ceiling,1,35,0.2688
ceiling,1,-44,0.17754
ceiling,1,3,0.32523
ceiling,1,45,0.28861
ceiling,1,-17,0.33544
ceiling,1,17,0.25085
ceiling,0,-108,0.12211
ceiling,0,-32,0.20745
ceiling,1,5,0.27565
ceiling,1,-49,0.2294
ceiling,1,32,0.24715
ceiling,1,-42,0.30021
ceiling,0,-33,0.2513
ceiling,1,10,0.31746
ceiling,0,-81,0.18399
ceiling,1,-26,0.30712
ceiling,1,78,0.29758
ceiling,1,-15,0.22566
ceiling,0,-84,0.17338
ceiling,1,14,0.2869
ceiling,1,46,0.29369
ceiling,1,48,0.33715
ceiling,1,82,0.34177
ceiling,0,-87,0.12993
ceiling,1,32,0.29584
ceiling,1,55,0.30738
ceiling,1,20,0.25365
ceiling,1,-11,0.28076
ceiling,1,85,0.31912
ceiling,1,11,0.33281
ceiling,1,15,0.27267
ceiling,1,16,0.31928
ceiling,1,-19,0.22825
ceiling,1,-1,0.27974
ceiling,1,23,0.23398
ceiling,1,-21,0.30779
ceiling,1,-10,0.23512
ceiling,0,-34,0.18397
ceiling,1,72,0.32983
ceiling,1,8,0.27967
ceiling,1,58,0.31581
ceiling,1,-12,0.27691
ceiling,1,35,0.31216
ceiling,1,-45,0.22953
ceiling,1,-7,0.27113
ceiling,1,-27,0.28168
ceiling,1,70,0.34103
ceiling,0,-73,0.04158
ceiling,1,-20,0.26217
ceiling,1,-27,0.30918
ceiling,1,42,0.30455
ceiling,1,-38,0.23753
ceiling,0,-69,0.22123
ceiling,1,99,0.30796
ceiling,1,-43,0.26916
ceiling,1,46,0.31117
ceiling,1,5,0.34453
ceiling,1,-39,0.25392
ceiling,1,21,0.31039
ceiling,0,-69,0.28711
ceiling,1,5,0.33753
ceiling,1,71,0.33174
ceiling,1,58,0.32622
ceiling,0,-88,0.20547
ceiling,1,0,0.26129
ceiling,1,32,0.28834
ceiling,0,-136,0.20449
ceiling,1,-11,0.31481
ceiling,1,30,0.24485
ceiling,1,-9,0.23377
ceiling,1,14,0.3254
ceiling,1,-39,0.32697
ceiling,1,34,0.24228
ceiling,0,-66,0.26328
ceiling,1,52,0.2999
ceiling,0,-111,0.19143
ceiling,1,-44,0.24749
ceiling,0,-137,0.17063
ceiling,1,12,0.29187
ceiling,1,-48,0.27031
ceiling,1,-35,0.27312
ceiling,1,-58,0.19183
ceiling,0,-18,0.19879
ceiling,1,-18,0.28673
ceiling,0,-83,0.21917
ceiling,0,-62,0.30104
ceiling,1,97,0.32641
ceiling,1,-5,0.2915
ceiling,1,62,0.32397
ceiling,0,-96,0.20311
ceiling,1,82,0.3478
ceiling,1,-28,0.24267
ceiling,1,6,0.27421
ceiling,1,29,0.2857
ceiling,1,72,0.29867
ceiling,1,-27,0.20558
ceiling,0,-116,0.20502
ceiling,0,-101,0.19813
ceiling,1,-46,0.27917
ceiling,1,20,0.34858
ceiling,1,58,0.28763
ceiling,1,34,0.28944
ceiling,1,-16,0.30273
ceiling,1,-43,0.22757
ceiling,0,-106,0.20901
ceiling,0,-125,0.19589
ceiling,1,72,0.33598
ceiling,1,-18,0.28243
ceiling,1,3,0.29051
ceiling,1,48,0.31284
ceiling,1,69,0.29775
ceiling,1,68,0.23738
ceiling,0,-109,0.18818
ceiling,1,-36,0.24698
ceiling,1,58,0.31639
ceiling,0,-112,0.13327
ceiling,1,25,0.30844
ceiling,1,-52,0.23925
ceiling,1,7,0.21428
ceiling,1,-11,0.27075
ceiling,1,-33,0.31178
ceiling,1,36,0.29968
ceiling,1,27,0.28251
ceiling,1,24,0.3334
ceiling,1,3,0.3061
ceiling,1,75,0.32862
ceiling,1,26,0.27821
ceiling,1,23,0.33969
ceiling,1,38,0.28148
ceiling,1,-45,0.27484
ceiling,1,-2,0.21051
ceiling,1,-19,0.28524
ceiling,1,-10,0.26923
ceiling,0,-56,0.23262
ceiling,1,-14,0.21159
ceiling,1,9,0.28718
ceiling,0,-77,0.22633
ceiling,0,-66,0.17929
ceiling,1,37,0.32282
ceiling,1,-30,0.25412
ceiling,1,42,0.31919
ceiling,1,55,0.30231
ceiling,1,-26,0.25242
ceiling,1,-13,0.27384
ceiling,1,23,0.32679
ceiling,1,-15,0.26274
ceiling,1,64,0.29174
ceiling,1,-26,0.31826
ceiling,1,-23,0.27901
ceiling,1,94,0.36228
ceiling,1,58,0.30021
ceiling,1,4,0.28662
ceiling,1,-2,0.26867
ceiling,1,-46,0.24086
ceiling,1,0,0.26188
ceiling,1,-64,0.27299
ceiling,1,107,0.33267
ceiling,1,71,0.30005
ceiling,1,-47,0.27429
ceiling,1,-48,0.26378
ceiling,1,-4,0.2493
ceiling,1,42,0.29149
ceiling,1,58,0.34713
ceiling,0,-212,-0.01834
ceiling,1,-16,0.24853
ceiling,1,1,0.32507
ceiling,1,-4,0.3163
ceiling,1,5,0.31113
ceiling,1,-29,0.25875
ceiling,1,3,0.36124
ceiling,1,-35,0.29443
ceiling,1,122,0.39005
ceiling,1,56,0.26056
ceiling,0,-23,0.28853
ceiling,0,-89,0.23523
ceiling,1,-6,0.27247
ceiling,1,-14,0.21069
ceiling,1,-54,0.28922
ceiling,1,-18,0.25505
ceiling,0,-66,0.16218
ceiling,0,-49,0.19076
ceiling,0,-96,0.22944
ceiling,1,-28,0.27188
ceiling,0,-82,0.22719
ceiling,1,-8,0.28038
ceiling,1,9,0.27011
ceiling,1,-8,0.26657
ceiling,0,-76,0.21125
ceiling,0,-96,0.24774
ceiling,0,-65,0.25406
ceiling,0,-108,0.15148
ceiling,0,-74,0.18201
ceiling,0,-101,0.20804
ceiling,1,-57,0.30241
ceiling,1,12,0.33465
ceiling,1,27,0.28848
ceiling,1,-27,0.27895
ceiling,1,10,0.31698
ceiling,1,13,0.34055
ceiling,1,-19,0.29909
ceiling,1,-9,0.24261
ceiling,1,13,0.27287
ceiling,1,22,0.28404
ceiling,1,19,0.28819
ceiling,1,-17,0.30127
ceiling,1,11,0.28215
ceiling,1,13,0.27722
ceiling,0,-72,0.16665
ceiling,1,-34,0.26075
ceiling,1,24,0.33889
ceiling,1,-54,0.2881
ceiling,1,-15,0.28951
ceiling,1,27,0.25103
ceiling,1,-38,0.26863
ceiling,1,7,0.27968
ceiling,1,73,0.32124
ceiling,1,-4,0.2726
ceiling,1,10,0.31292
ceiling,1,115,0.35887
ceiling,1,3,0.3003
ceiling,1,19,0.29062
ceiling,1,-50,0.28006
ceiling,0,-45,0.24318
ceiling,1,14,0.25071
ceiling,1,54,0.33929
ceiling,1,-14,0.26343
ceiling,1,15,0.31221
ceiling,1,35,0.29426
ceiling,1,-4,0.32313
ceiling,1,43,0.32274
ceiling,1,-18,0.23206
ceiling,1,-22,0.26991
ceiling,1,15,0.29055
ceiling,1,33,0.28226
ceiling,0,-199,0.08466
ceiling,1,-45,0.29597
ceiling,1,37,0.31686
ceiling,1,5,0.26275
ceiling,1,7,0.27406
ceiling,1,-24,0.2926
ceiling,1,19,0.26614
ceiling,1,67,0.33653
ceiling,0,-79,0.21911
ceiling,1,52,0.30286
ceiling,1,48,0.27341
ceiling,1,-12,0.25286
ceiling,1,52,0.29877
ceiling,1,-14,0.28485
ceiling,0,-68,0.2266
ceiling,1,72,0.36101
ceiling,1,-17,0.26684
ceiling,1,68,0.29274
ceiling,1,80,0.33322
ceiling,1,17,0.28214
ceiling,1,33,0.33282
ceiling,1,50,0.30769
ceiling,1,-85,0.23103
ceiling,1,-21,0.23128
ceiling,1,-4,0.2863
ceiling,0,-90,0.20926
ceiling,1,-1,0.26914
ceiling,1,29,0.30772
ceiling,1,15,0.27597
ceiling,1,57,0.31691
ceiling,1,77,0.32711
ceiling,1,31,0.35033
ceiling,1,74,0.30491
ceiling,1,-96,0.26535
ceiling,1,11,0.25974
ceiling,1,18,0.31885
ceiling,1,42,0.34559
ceiling,1,-6,0.29773
ceiling,1,121,0.31798
ceiling,1,-71,0.31545
ceiling,1,-48,0.20208
ceiling,1,65,0.30663
ceiling,1,-13,0.31709
ceiling,1,61,0.32369
ceiling,1,-3,0.31949
ceiling,0,-179,0.10713
ceiling,1,20,0.27954
ceiling,1,48,0.28884
ceiling,0,-46,0.2678
ceiling,1,2,0.33094
ceiling,1,-29,0.28078
ceiling,1,5,0.30409
ceiling,1,11,0.29687
ceiling,0,-45,0.24464
ceiling,1,11,0.25465
ceiling,1,56,0.29793
ceiling,1,-12,0.23502
ceiling,1,-29,0.26439
ceiling,1,-8,0.31609
ceiling,0,-100,0.18676
ceiling,1,73,0.30286
ceiling,1,38,0.29177
ceiling,1,-22,0.25256
ceiling,0,-86,0.25502
ceiling,0,-52,0.21175
ceiling,0,-71,0.24448
ceiling,0,-70,0.21805
ceiling,0,-87,0.24468
ceiling,1,-23,0.29222
ceiling,1,33,0.27996
ceiling,1,62,0.36079
ceiling,1,-45,0.29446
ceiling,1,-47,0.28892
ceiling,0,-92,0.20273
ceiling,1,-22,0.28376
ceiling,0,-93,0.21845
ceiling,1,-5,0.34864
ceiling,1,-4,0.24299
ceiling,1,-3,0.31513
ceiling,0,-101,0.2179
ceiling,1,-15,0.24382
ceiling,0,-91,0.23215
ceiling,1,-11,0.30104
ceiling,1,84,0.33186
ceiling,1,-29,0.19116
ceiling,0,-43,0.2133
ceiling,0,-89,0.23345
ceiling,1,-27,0.2763
ceiling,0,-59,0.25809
ceiling,0,-73,0.24733
ceiling,1,64,0.30251
ceiling,1,1,0.24258
ceiling,1,-39,0.26646
ceiling,0,-131,0.19064
ceiling,1,-24,0.25195
ceiling,0,-39,0.19084
ceiling,1,-64,0.21548
ceiling,1,-5,0.29583
ceiling,0,-57,0.20168
ceiling,1,-63,0.26962
ceiling,1,-52,0.30914
ceiling,1,21,0.24079
ceiling,1,64,0.30731
ceiling,1,87,0.2798
ceiling,1,21,0.30714
ceiling,0,-47,0.23062
ceiling,1,-33,0.31242
ceiling,1,-38,0.23769
ceiling,1,26,0.30932
ceiling,1,14,0.25209
ceiling,1,67,0.32963
ceiling,1,-17,0.28308
ceiling,1,88,0.33513
ceiling,1,-59,0.25083
ceiling,1,8,0.29017
ceiling,0,-105,0.15219
ceiling,1,-5,0.26496
ceiling,1,8,0.30102
ceiling,1,28,0.27298
ceiling,0,-50,0.25834
ceiling,1,-54,0.28806
ceiling,0,-104,0.21884
ceiling,1,77,0.31888
ceiling,1,-18,0.24051
ceiling,1,87,0.34059
ceiling,1,4,0.32852
ceiling,1,56,0.37051
ceiling,1,-40,0.26723
ceiling,0,-69,0.24735
ceiling,1,-35,0.28683
ceiling,1,-40,0.25194
ceiling,1,56,0.26515
ceiling,1,-9,0.3052
ceiling,1,30,0.27529
ceiling,0,-170,0.11531
ceiling,1,72,0.3185
ceiling,0,-64,0.21827
ceiling,1,123,0.32611
ceiling,1,27,0.29778
ceiling,1,-13,0.22606
ceiling,1,71,0.27832
ceiling,1,-23,0.27016
ceiling,1,-37,0.30351
ceiling,1,73,0.27799
ceiling,1,-32,0.28167
ceiling,0,-111,0.193
ceiling,1,53,0.29663
ceiling,0,-78,0.20645
ceiling,1,-18,0.2057
ceiling,1,50,0.30258
ceiling,1,-36,0.26966
ceiling,1,-50,0.25588
ceiling,1,3,0.27998
ceiling,0,-96,0.19547
ceiling,1,-64,0.25072
ceiling,1,38,0.30309
ceiling,1,-24,0.22932
ceiling,1,180,0.37308
ceiling,1,-4,0.31464
ceiling,1,-32,0.31196
ceiling,1,-17,0.32902
ceiling,1,-14,0.33018
ceiling,1,-45,0.21993
ceiling,1,-70,0.23831
ceiling,1,56,0.24892
ceiling,1,-34,0.32221
ceiling,1,-29,0.27388
ceiling,1,8,0.2988
ceiling,1,0,0.29221
ceiling,1,34,0.35229
ceiling,0,-87,0.24916
ceiling,1,-28,0.22946
ceiling,0,-52,0.20034
ceiling,1,21,0.27454
ceiling,1,45,0.30013
ceiling,1,32,0.25055
ceiling,1,-19,0.21254
ceiling,1,44,0.32611
ceiling,1,-18,0.20481
ceiling,1,4,0.35898
ceiling,1,37,0.31835
ceiling,0,-75,0.14754
ceiling,1,-8,0.30811
ceiling,1,47,0.30783
ceiling,1,67,0.31133
ceiling,1,97,0.3496
ceiling,1,-16,0.30413
ceiling,1,-10,0.22331
ceiling,1,89,0.27171
ceiling,1,-42,0.18379
ceiling,1,-33,0.31216
ceiling,1,37,0.34153
ceiling,1,50,0.3261
ceiling,0,-101,0.19419
ceiling,1,27,0.31173
ceiling,1,-46,0.24853
ceiling,1,-44,0.30137
ceiling,0,-122,0.21092
ceiling,1,22,0.29928
ceiling,1,-16,0.23769
ceiling,1,-17,0.24376
ceiling,1,38,0.32317
ceiling,1,2,0.23353
ceiling,1,-22,0.29105
ceiling,1,-27,0.35646
ceiling,1,-19,0.32583
ceiling,1,-7,0.31616
ceiling,1,68,0.30621
ceiling,1,18,0.28103
ceiling,1,22,0.31178
ceiling,1,-28,0.29985
ceiling,0,-82,0.20616
ceiling,0,-44,0.29026
ceiling,1,10,0.26955
ceiling,1,-17,0.25054
ceiling,0,-101,0.13972
ceiling,1,32,0.33915
ceiling,1,12,0.2723
ceiling,1,-9,0.24947
ceiling,1,-40,0.19854
ceiling,1,-8,0.30648
ceiling,0,-43,0.23212
ceiling,1,4,0.32138
ceiling,1,-36,0.27045
ceiling,0,-147,0.14631
ceiling,1,-44,0.26955
ceiling,1,-47,0.31812
ceiling,1,-61,0.2898
ceiling,1,-47,0.29557
ceiling,1,14,0.32385
ceiling,1,-36,0.2617
ceiling,1,37,0.27086
ceiling,1,-43,0.22051
ceiling,1,-8,0.27491
ceiling,1,-11,0.29524
ceiling,1,9,0.24893
ceiling,1,13,0.24665
ceiling,0,-114,0.15814
ceiling,1,62,0.28702
ceiling,1,-3,0.28852
ceiling,1,45,0.35681
ceiling,1,135,0.34027
ceiling,1,9,0.29466
ceiling,1,-19,0.27322
ceiling,1,-9,0.26073
ceiling,1,-40,0.2795
ceiling,1,79,0.30098
ceiling,1,-28,0.28613
ceiling,0,-65,0.18885
ceiling,1,-42,0.27149
ceiling,1,-13,0.30633
ceiling,1,83,0.292
ceiling,0,-112,0.16769
ceiling,1,-20,0.24552
ceiling,1,14,0.3107
ceiling,1,61,0.2896
ceiling,1,44,0.3109
ceiling,1,-43,0.30366
ceiling,1,83,0.31012
ceiling,1,-41,0.28561
ceiling,1,-46,0.31461
ceiling,1,-40,0.2689
ceiling,1,-6,0.25704
ceiling,1,28,0.26128
ceiling,1,-34,0.25988
ceiling,1,13,0.25555
ceiling,0,-120,0.15868
ceiling,1,-17,0.34397
ceiling,1,-53,0.23931
ceiling,1,-22,0.23776
ceiling,0,-41,0.24472
ceiling,1,-53,0.22422
ceiling,0,-97,0.08923
ceiling,1,-17,0.28145
ceiling,1,69,0.27389
ceiling,1,39,0.32816
ceiling,1,-75,0.29273
ceiling,1,-22,0.25055
ceiling,1,81,0.30756
ceiling,1,46,0.33971
ceiling,1,26,0.31193
ceiling,1,-48,0.27179
ceiling,1,74,0.3225
ceiling,0,-152,0.19832
ceiling,1,63,0.30687
ceiling,1,60,0.31403
ceiling,1,-28,0.22992
ceiling,1,-28,0.19417
ceiling,1,33,0.3317
ceiling,1,-27,0.26166
ceiling,1,-42,0.23885
ceiling,1,67,0.37902
ceiling,1,46,0.27553
ceiling,1,-3,0.30293
ceiling,1,78,0.32423
ceiling,1,27,0.32684
ceiling,1,-36,0.26075
ceiling,1,-51,0.24174
ceiling,0,-82,0.21973
ceiling,0,-119,0.18238
ceiling,1,-17,0.29131
ceiling,1,-120,0.24124
ceiling,0,-115,0.21012
ceiling,0,-62,0.22517
ceiling,1,-31,0.30186
ceiling,1,8,0.30953
ceiling,1,-31,0.25041
ceiling,0,-143,0.1477
ceiling,1,-24,0.23977
ceiling,1,2,0.28555
ceiling,1,-4,0.21906
ceiling,1,-26,0.23672
ceiling,1,-19,0.25649
ceiling,1,24,0.22458
ceiling,0,-95,0.17839
ceiling,1,-19,0.29543
ceiling,1,-56,0.28368
ceiling,1,63,0.32396
ceiling,1,-22,0.289
ceiling,1,-69,0.25196
ceiling,0,-106,0.18653
ceiling,1,84,0.34304
ceiling,1,-32,0.25871
ceiling,1,138,0.35852
ceiling,1,55,0.30023
ceiling,1,-57,0.23798
ceiling,0,-38,0.24874
ceiling,1,-9,0.20832
ceiling,1,4,0.33941
ceiling,1,70,0.33544
ceiling,1,18,0.33277
ceiling,0,-46,0.26036
ceiling,1,40,0.26728
ceiling,0,-52,0.26133
ceiling,1,-30,0.26527
ceiling,1,-68,0.24836
ceiling,0,-78,0.28589
ceiling,0,-67,0.22721
ceiling,1,75,0.32045
ceiling,1,26,0.30633
ceiling,1,-29,0.26194
ceiling,1,-20,0.32122
ceiling,1,-75,0.26518
ceiling,1,-13,0.28202
ceiling,1,-6,0.24073
ceiling,0,-109,0.19721
ceiling,1,-7,0.24468
ceiling,1,58,0.30438
ceiling,1,-67,0.21372
ceiling,1,76,0.28356
ceiling,1,-4,0.31125
ceiling,1,-35,0.28464
ceiling,1,5,0.3174
ceiling,1,5,0.26773
ceiling,1,-25,0.27378
ceiling,1,-30,0.25349
ceiling,1,32,0.22387
ceiling,1,-30,0.29593
ceiling,1,57,0.29995
ceiling,1,65,0.29582
ceiling,1,-105,0.22488
ceiling,1,-16,0.26774
ceiling,1,-18,0.21651
ceiling,1,23,0.31754
ceiling,0,-87,0.20723
ceiling,0,-127,0.19078
ceiling,0,-55,0.22606
ceiling,0,-98,0.18654
ceiling,1,-11,0.28149
ceiling,1,86,0.32495
ceiling,1,-11,0.26936
ceiling,1,-22,0.16492
ceiling,0,-123,0.15476
ceiling,1,-6,0.31762
ceiling,1,-24,0.26903
ceiling,1,-9,0.28568
ceiling,1,-1,0.29137
ceiling,0,-81,0.22066
ceiling,1,-37,0.24891
ceiling,1,-20,0.29606
ceiling,1,-23,0.28569
ceiling,1,45,0.29521
ceiling,1,33,0.31669
ceiling,1,-23,0.29113
ceiling,1,5,0.37495
ceiling,1,-58,0.25967
ceiling,1,-54,0.24831
ceiling,0,-88,0.18136
ceiling,1,4,0.3051
ceiling,1,83,0.32138
ceiling,1,-42,0.28429
ceiling,1,-36,0.27962
ceiling,1,-23,0.28279
ceiling,1,45,0.30469
ceiling,1,-4,0.27697
ceiling,0,-69,0.20603
ceiling,1,48,0.31979
ceiling,0,-85,0.17669
ceiling,1,29,0.33154
ceiling,1,6,0.26645
ceiling,1,-38,0.2504
ceiling,0,-123,0.17427
ceiling,0,-76,0.13807
ceiling,1,-22,0.27308
ceiling,0,-89,0.2207
ceiling,0,-98,0.17916
ceiling,0,-128,0.16144
ceiling,1,-46,0.2604
ceiling,1,24,0.27448
ceiling,0,-112,0.23026
ceiling,0,-182,0.14987
ceiling,0,-61,0.18851
ceiling,1,56,0.36777
ceiling,1,20,0.25956
ceiling,1,27,0.34681
ceiling,1,26,0.32331
ceiling,1,-15,0.33417
ceiling,1,7,0.26969
ceiling,1,-20,0.27684
ceiling,1,-52,0.25862
ceiling,0,-151,0.15673
ceiling,1,81,0.35134
ceiling,0,-80,0.22148
ceiling,1,-24,0.32135
ceiling,1,-5,0.28162
ceiling,1,21,0.33557
ceiling,1,-20,0.28042
ceiling,1,45,0.30603
ceiling,1,133,0.32344
ceiling,1,-24,0.30296
ceiling,1,29,0.36228
ceiling,1,50,0.3094
ceiling,0,-147,0.18767
ceiling,1,-58,0.2644
ceiling,1,2,0.21513
ceiling,0,-47,0.28185
ceiling,0,-80,0.22312
ceiling,1,-67,0.24134
ceiling,1,31,0.26418
ceiling,1,-25,0.28407
ceiling,1,2,0.25557
ceiling,1,76,0.31259
ceiling,1,27,0.30812
ceiling,1,1,0.29941
ceiling,1,-3,0.33492
ceiling,1,32,0.30869
ceiling,1,-77,0.27487
ceiling,1,35,0.25275
ceiling,1,-31,0.29853
ceiling,1,21,0.28759
ceiling,1,1,0.36812
ceiling,1,1,0.32039
ceiling,1,-25,0.31624
ceiling,1,-74,0.25615
ceiling,1,-89,0.21971
ceiling,1,-80,0.2716
ceiling,0,-67,0.24885
ceiling,1,76,0.34713
ceiling,1,64,0.33146
ceiling,1,12,0.31327
ceiling,1,27,0.26402
ceiling,1,-20,0.28244
ceiling,1,42,0.30922
ceiling,0,-69,0.20004
ceiling,1,-43,0.25202
ceiling,1,38,0.32306
ceiling,1,16,0.24471
ceiling,1,-42,0.24532
ceiling,0,-84,0.16755
ceiling,1,-1,0.30366
ceiling,1,38,0.32113
ceiling,1,18,0.28547
ceiling,1,-7,0.20821
ceiling,0,-78,0.2561
ceiling,1,43,0.26424
ceiling,1,56,0.34191
ceiling,0,-178,0.10372
ceiling,1,-25,0.25942
ceiling,1,-37,0.28565
ceiling,0,-90,0.19629
ceiling,1,-22,0.24171
ceiling,0,-59,0.15938
ceiling,1,24,0.27297
ceiling,1,99,0.34078
ceiling,1,-38,0.20258
ceiling,0,-63,0.20636
ceiling,1,-62,0.26309
ceiling,1,-18,0.24001
ceiling,1,-16,0.2592
ceiling,1,-38,0.27973
ceiling,1,-25,0.31979
ceiling,1,-10,0.18235
ceiling,1,-35,0.19948
ceiling,1,-29,0.30664
ceiling,1,-35,0.31507
ceiling,1,-9,0.28473
ceiling,1,16,0.30083
ceiling,0,-47,0.24453
ceiling,1,-30,0.27465
ceiling,1,43,0.29221
ceiling,1,44,0.30806
ceiling,1,6,0.29906
ceiling,1,-30,0.28026
ceiling,1,-24,0.28884
ceiling,1,9,0.24827
ceiling,0,-177,0.1393
ceiling,0,-154,0.13977
ceiling,1,4,0.29272
ceiling,0,-112,0.19116
ceiling,1,-17,0.32021
ceiling,1,60,0.28295
ceiling,0,-102,0.11481
ceiling,1,16,0.30166
ceiling,0,-62,0.20133
ceiling,0,-78,0.21305
ceiling,0,-38,0.24683
ceiling,0,-68,0.24786
ceiling,1,51,0.31196
ceiling,1,24,0.23811
ceiling,1,-50,0.26816
ceiling,1,-15,0.27267
ceiling,1,18,0.26863
ceiling,1,82,0.29075
ceiling,1,-35,0.24455
ceiling,1,18,0.28884
ceiling,0,-54,0.19396
ceiling,1,-23,0.26082
ceiling,1,-52,0.22067
ceiling,1,0,0.27606
ceiling,1,26,0.34007
ceiling,1,24,0.27571
ceiling,0,-124,0.18465
ceiling,1,-13,0.2295
ceiling,0,-109,0.20442
ceiling,1,56,0.30946
ceiling,1,-6,0.34915
ceiling,1,-47,0.26647
ceiling,1,51,0.29996
ceiling,1,10,0.26886
ceiling,1,19,0.31726
ceiling,1,15,0.26318
ceiling,1,-6,0.25137
ceiling,1,62,0.33053
ceiling,1,-50,0.25217
ceiling,0,-83,0.22463
ceiling,1,22,0.33984
ceiling,1,38,0.31323
ceiling,0,-83,0.19813
ceiling,1,18,0.25772
ceiling,1,-20,0.23807
ceiling,1,-38,0.25758
ceiling,1,-17,0.23432
ceiling,1,32,0.30505
ceiling,0,-55,0.21218
ceiling,0,-54,0.26388
ceiling,1,-41,0.26964
ceiling,0,-62,0.26893
ceiling,1,41,0.28662
ceiling,1,-40,0.25815
ceiling,0,-95,0.22037
ceiling,1,-49,0.27054
ceiling,0,-65,0.26617
ceiling,1,-8,0.23937
ceiling,1,-3,0.26595
ceiling,1,25,0.30502
ceiling,0,-120,0.22631
ceiling,1,15,0.30434
ceiling,1,9,0.27512
ceiling,1,-37,0.2749
ceiling,1,-9,0.28473
ceiling,0,-83,0.20782
ceiling,1,-61,0.25919
ceiling,1,53,0.35138
ceiling,1,60,0.33038
ceiling,1,98,0.29483
ceiling,1,3,0.29959
ceiling,1,29,0.25882
ceiling,1,-3,0.29413
ceiling,0,-54,0.21878
ceiling,0,-149,0.11156
ceiling,1,-15,0.2847
ceiling,1,-57,0.28027
ceiling,1,18,0.33058
ceiling,1,-25,0.25743
ceiling,0,-122,0.2061
ceiling,1,-2,0.29257
ceiling,1,1,0.27377
ceiling,1,-8,0.32506
ceiling,0,-52,0.16771
ceiling,1,72,0.29768
ceiling,1,-11,0.23876
ceiling,1,41,0.30892
ceiling,0,-45,0.2063
ceiling,0,-64,0.2015
ceiling,1,49,0.27111
ceiling,1,-38,0.21439
ceiling,1,27,0.34713
ceiling,1,42,0.34031
ceiling,1,66,0.32861
ceiling,1,-6,0.31279
ceiling,1,-55,0.22682
ceiling,1,-11,0.33426
ceiling,1,-46,0.25417
ceiling,1,49,0.32548
ceiling,1,75,0.33694
ceiling,1,99,0.37931
ceiling,1,-8,0.29183
ceiling,1,10,0.30315
ceiling,1,1,0.31468
ceiling,1,-2,0.27436
ceiling,1,20,0.31497
ceiling,1,-27,0.27121
ceiling,1,-1,0.26342
ceiling,1,44,0.27846
ceiling,1,98,0.34028
ceiling,1,7,0.29567
ceiling,1,-11,0.33329
ceiling,1,48,0.29819
ceiling,1,-35,0.20927
ceiling,1,-42,0.26569
ceiling,1,42,0.29431
ceiling,1,38,0.34276
ceiling,1,-49,0.26953
ceiling,1,-44,0.28008
ceiling,1,7,0.31683
ceiling,0,-64,0.20365
ceiling,1,-17,0.25327
ceiling,0,-68,0.26226
ceiling,1,-14,0.28539
ceiling,1,25,0.31892
ceiling,1,35,0.31091
ceiling,1,40,0.2971
ceiling,1,11,0.25143
ceiling,1,-35,0.26917
ceiling,1,77,0.32294
ceiling,1,38,0.29054
ceiling,1,58,0.30131
ceiling,0,-44,0.23005
ceiling,1,78,0.36011
ceiling,1,-29,0.26935
ceiling,1,41,0.30117
ceiling,1,71,0.34659
ceiling,1,-5,0.27231
ceiling,0,-29,0.18882
ceiling,1,107,0.31453
ceiling,1,-77,0.25412
ceiling,1,-21,0.30328
ceiling,1,17,0.2678
ceiling,1,5,0.31303
ceiling,1,20,0.30886
ceiling,1,-31,0.27591
ceiling,1,14,0.31702
ceiling,1,39,0.27542
ceiling,1,47,0.29462
ceiling,1,-21,0.33052
ceiling,1,38,0.29982
ceiling,0,-81,0.22219
ceiling,1,-51,0.25075
ceiling,0,-139,0.15425
distillation,1,40,0.32609
distillation,1,-23,0.24365
distillation,1,99,0.30724
distillation,0,-65,0.23173
distillation,0,-97,0.08838
distillation,1,-43,0.2882
distillation,1,22,0.28135
distillation,0,-69,0.23331
distillation,1,10,0.33932
distillation,0,-123,0.19806
distillation,0,-74,0.23181
distillation,1,-4,0.27898
distillation,1,-20,0.25937
distillation,1,-82,0.2517
distillation,1,5,0.26579
distillation,0,-104,0.17278
distillation,0,-99,0.12936
distillation,1,20,0.26474
distillation,0,-97,0.22741
distillation,1,-50,0.27544
distillation,1,-33,0.24822
distillation,1,19,0.25229
distillation,1,63,0.35629
distillation,1,3,0.28454
distillation,0,-56,0.19493
distillation,0,-102,0.16285
distillation,1,-9,0.28585
distillation,1,68,0.34761
distillation,0,-85,0.2281
distillation,1,0,0.30404
distillation,0,-122,0.10283
distillation,1,100,0.30513
distillation,0,-99,0.23112
distillation,1,-10,0.3042
distillation,1,-10,0.26888
distillation,1,-9,0.21202
distillation,1,2,0.29595
distillation,1,-43,0.21415
distillation,1,3,0.31124
distillation,1,-19,0.19748
distillation,1,69,0.32269
distillation,1,65,0.33529
distillation,0,-107,0.18343
distillation,1,14,0.30373
distillation,1,-6,0.28734
distillation,1,-3,0.27479
distillation,1,-13,0.32104
distillation,1,51,0.27959
distillation,1,-48,0.24006
distillation,0,-59,0.23369
distillation,1,35,0.31087
distillation,1,-23,0.24625
distillation,1,17,0.25573
distillation,1,5,0.29848
distillation,1,-20,0.21023
distillation,1,-105,0.23269
distillation,1,32,0.2692
distillation,1,2,0.26784
distillation,1,46,0.27541
distillation,1,-2,0.30054
distillation,1,71,0.3408
distillation,0,-124,0.21876
distillation,1,-27,0.24575
distillation,0,-98,0.13912
distillation,1,-23,0.28131
distillation,1,-61,0.25435
distillation,1,-44,0.27405
distillation,1,-60,0.2742
distillation,1,2,0.32616
distillation,1,-42,0.30115
distillation,1,-32,0.20762
distillation,0,-24,0.25907
distillation,1,-12,0.25737
distillation,0,-250,0.08934
distillation,1,-76,0.25986
distillation,1,-2,0.30883
distillation,0,-103,0.25058
distillation,1,-42,0.30334
distillation,1,46,0.29287
distillation,1,0,0.29037
distillation,1,-69,0.21898
distillation,1,3,0.3146
distillation,1,90,0.3321
distillation,1,13,0.32186
distillation,1,-35,0.24807
distillation,0,-84,0.17395
distillation,1,-42,0.29206
distillation,0,-72,0.18794
distillation,1,14,0.34994
distillation,1,-6,0.31708
distillation,1,-44,0.25497
distillation,0,-166,0.1777
distillation,0,-78,0.25308
distillation,1,19,0.3361
distillation,1,47,0.31163
distillation,1,-24,0.27345
distillation,1,53,0.32904
distillation,0,-83,0.20272
distillation,0,-116,0.146
distillation,1,30,0.31944
distillation,1,65,0.36503
distillation,1,-32,0.26988
distillation,0,-62,0.24355
distillation,0,-33,0.21555
distillation,1,-57,0.31328
distillation,0,-142,-0.00747
distillation,1,27,0.32906
distillation,1,-17,0.29369
distillation,1,-33,0.23829
distillation,0,-222,0.11805
distillation,1,-26,0.28705
distillation,1,-28,0.29483
distillation,0,-60,0.23997
distillation,0,-17,0.26974
distillation,0,-115,0.23291
distillation,0,-87,0.28327
distillation,0,-27,0.28153
distillation,1,-12,0.27079
distillation,1,-45,0.25209
distillation,1,-52,0.24477
distillation,1,-85,0.27983
distillation,0,-68,0.16664
distillation,1,-21,0.25247
distillation,0,-102,0.22686
distillation,1,57,0.31105
distillation,1,46,0.31426
distillation,0,-75,0.25661
distillation,1,-20,0.29024
distillation,1,-84,0.24858
distillation,1,37,0.33177
distillation,1,19,0.3453
distillation,1,53,0.33669
distillation,1,-39,0.29301
distillation,1,-54,0.29523
distillation,1,-21,0.22356
distillation,0,-70,0.23897
distillation,1,19,0.30203
distillation,1,-52,0.21263
distillation,1,-6,0.2421
distillation,1,5,0.29593
distillation,1,-8,0.32824
distillation,1,4,0.29437
distillation,1,-31,0.24153
distillation,1,-80,0.25258
distillation,1,-67,0.25375
distillation,0,-125,0.14586
distillation,1,-34,0.26839
distillation,0,-41,0.27492
distillation,0,-70,0.24248
distillation,0,-64,0.24478
distillation,1,11,0.3312
distillation,1,-2,0.27655
distillation,1,16,0.24752
distillation,1,41,0.30025
distillation,1,-31,0.31462
distillation,1,-32,0.31409
distillation,1,-46,0.2607
distillation,1,-61,0.32775
distillation,1,49,0.27886
distillation,1,-23,0.32373
distillation,0,-49,0.25771
distillation,1,4,0.32069
distillation,1,-17,0.2879
distillation,1,-24,0.28628
distillation,1,-8,0.30975
distillation,1,47,0.27441
distillation,0,-113,0.23371
distillation,1,-10,0.30973
distillation,1,98,0.3516
distillation,1,-11,0.27033
distillation,1,38,0.317
distillation,1,18,0.31328
distillation,0,-106,0.23149
distillation,1,13,0.27884
distillation,1,8,0.31637
distillation,1,-23,0.29412
distillation,0,-173,-0.02175
distillation,0,-49,0.24242
distillation,0,-71,0.19661
distillation,0,-99,0.13465
distillation,0,-140,0.15292
distillation,1,-64,0.25614
distillation,1,72,0.30434
distillation,1,-38,0.28873
distillation,1,0,0.32112
distillation,1,-23,0.26644
distillation,1,-22,0.31385
distillation,1,0,0.28556
distillation,1,44,0.2858
distillation,1,69,0.33417
distillation,0,-58,0.2356
distillation,1,9,0.29759
distillation,1,19,0.2721
distillation,1,-21,0.24871
distillation,1,-21,0.35532
distillation,1,-53,0.27058
distillation,1,75,0.36647
distillation,1,39,0.34194
distillation,1,-48,0.28157
distillation,1,68,0.32229
distillation,0,-60,0.23841
distillation,0,-63,0.15422
distillation,1,-14,0.26938
distillation,1,41,0.25088
distillation,1,88,0.37821
distillation,0,-90,0.25568
distillation,0,-96,0.22357
distillation,1,2,0.30345
distillation,1,78,0.35379
distillation,0,-153,0.11529
distillation,1,14,0.30934
distillation,0,-158,0.113
distillation,0,-76,0.26691
distillation,1,41,0.3437
distillation,1,-15,0.26865
distillation,1,21,0.32273
distillation,0,-36,0.25298
distillation,0,-82,0.21946
distillation,1,16,0.33521
distillation,1,-42,0.29406
distillation,1,-22,0.26405
distillation,0,-97,0.17386
distillation,0,-61,0.22105
distillation,1,54,0.32019
distillation,1,-63,0.27599
distillation,1,1,0.32965
distillation,0,-86,0.24528
distillation,1,79,0.37191
distillation,1,33,0.29179
distillation,1,-9,0.3195
distillation,1,-44,0.24326
distillation,1,-49,0.25583
distillation,1,15,0.27804
distillation,0,-129,0.15697
distillation,1,-3,0.30526
distillation,1,-19,0.32387
distillation,0,-83,0.21635
distillation,0,-103,0.24701
distillation,0,-73,0.22631
distillation,1,-34,0.2835
distillation,1,-23,0.25082
distillation,1,-36,0.24475
distillation,0,-77,0.24523
distillation,1,27,0.31179
distillation,0,-41,0.27249
distillation,1,-39,0.30775
distillation,1,-72,0.2456
distillation,1,3,0.36687
distillation,1,10,0.32252
distillation,0,-88,0.25099
distillation,1,-20,0.23954
distillation,0,-104,0.22186
distillation,1,-8,0.27515
distillation,1,-35,0.24259
distillation,1,-19,0.30105
distillation,1,21,0.29594
distillation,1,10,0.32426
distillation,1,-5,0.27415
distillation,1,17,0.3341
distillation,1,-50,0.26929
distillation,0,-94,0.1647
distillation,0,-51,0.2217
distillation,1,-16,0.30288
distillation,0,-118,0.19044
distillation,1,-14,0.28838
distillation,1,11,0.30011
distillation,0,-50,0.2693
distillation,0,-80,0.24744
distillation,0,-98,0.21154
distillation,1,-56,0.24294
distillation,1,-15,0.25356
distillation,1,13,0.359
distillation,1,50,0.32135
distillation,0,-124,0.18611
distillation,0,-45,0.24259
distillation,1,-19,0.2642
distillation,1,12,0.36201
distillation,1,34,0.26287
distillation,1,-33,0.28556
distillation,1,-4,0.33422
distillation,0,-124,0.23299
distillation,1,-46,0.2825
distillation,1,-43,0.20099
distillation,1,1,0.3173
distillation,1,7,0.31718
distillation,1,40,0.29853
distillation,0,-53,0.25273
distillation,1,-3,0.30511
distillation,1,-40,0.29301
distillation,1,15,0.27883
distillation,1,18,0.31681
distillation,1,-107,0.25303
distillation,0,-136,-0.00082
distillation,1,-46,0.28388
distillation,1,-36,0.24719
distillation,1,-34,0.24013
distillation,1,-25,0.29571
distillation,1,3,0.2704
distillation,1,-31,0.23834
distillation,1,22,0.31929
distillation,1,42,0.30746
distillation,1,-3,0.35321
distillation,1,-2,0.26475
distillation,0,-74,0.21768
distillation,0,-173,0.13488
distillation,1,-26,0.2963
distillation,1,-27,0.26534
distillation,1,-29,0.27686
distillation,1,23,0.27215
distillation,1,38,0.35141
distillation,1,-98,0.24142
distillation,1,-44,0.30293
distillation,1,-14,0.26487
distillation,1,-62,0.25738
distillation,1,65,0.27173
distillation,1,-28,0.27112
distillation,1,-36,0.31765
distillation,1,9,0.31532
distillation,1,25,0.28435
distillation,1,35,0.26118
distillation,1,-63,0.22382
distillation,1,19,0.30124
distillation,1,-9,0.34579
distillation,1,-17,0.25902
distillation,1,20,0.29028
distillation,1,10,0.3059
distillation,1,-12,0.28172
distillation,1,79,0.34048
distillation,1,22,0.33648
distillation,1,-42,0.24194
distillation,1,34,0.29229
distillation,1,-67,0.1873
distillation,1,-76,0.21588
distillation,1,-40,0.28398
distillation,1,34,0.32793
distillation,1,-17,0.29155
distillation,1,0,0.32278
distillation,1,-23,0.27261
distillation,1,-15,0.27843
distillation,1,23,0.32983
distillation,1,26,0.29706
distillation,0,-46,0.25626
distillation,0,-131,0.18859
distillation,1,-17,0.27214
distillation,0,-83,0.21362
distillation,1,-47,0.24823
distillation,0,-98,0.21401
distillation,1,39,0.29439
distillation,0,-80,0.17665
distillation,1,-10,0.31771
distillation,0,-65,0.19796
distillation,1,-51,0.31556
distillation,1,-21,0.30742
distillation,1,14,0.32856
distillation,1,14,0.32295
distillation,1,-20,0.27229
distillation,1,-1,0.27032
distillation,1,24,0.33271
distillation,0,-64,0.15112
distillation,0,-39,0.26206
distillation,1,-39,0.27591
distillation,0,-34,0.21921
distillation,1,44,0.32599
distillation,1,-25,0.2534
distillation,0,-59,0.17934
distillation,1,10,0.30724
distillation,1,6,0.35926
distillation,1,-10,0.3132
distillation,0,-56,0.21504
distillation,1,-1,0.32651
distillation,0,-66,0.20206
distillation,1,13,0.3237
distillation,1,-5,0.31638
distillation,0,-57,0.27397
distillation,0,-86,0.22266
distillation,0,-82,0.18995
distillation,0,-81,0.1976
distillation,1,9,0.30208
distillation,1,22,0.31458
distillation,1,17,0.26664
distillation,0,-144,0.20631
distillation,1,9,0.24977
distillation,1,-41,0.27757
distillation,1,-11,0.26286
distillation,1,0,0.34647
distillation,0,-49,0.22451
distillation,1,41,0.27163
distillation,0,-78,0.2307
distillation,0,-79,0.22149
distillation,1,-26,0.22244
distillation,1,20,0.32853
distillation,1,-49,0.24763
distillation,1,-11,0.24778
distillation,0,-125,0.03045
distillation,1,-58,0.30119
distillation,1,-54,0.27405
distillation,1,36,0.33162
distillation,1,-15,0.25783
distillation,0,-184,0.12164
distillation,0,-57,0.23542
distillation,0,-117,0.22366
distillation,1,-20,0.26983
distillation,1,-17,0.26847
distillation,0,-79,0.17383
distillation,0,-74,0.23019
distillation,1,-15,0.28491
distillation,0,-128,0.18043
distillation,1,-32,0.30919
distillation,1,-3,0.27153
distillation,0,-24,0.22188
distillation,0,-37,0.26211
distillation,0,-57,0.2874
distillation,0,-74,0.25414
distillation,0,-134,0.00856
distillation,1,14,0.28889
distillation,0,-82,0.23029
distillation,1,-9,0.24831
distillation,1,-51,0.23808
distillation,0,-52,0.26784
distillation,1,12,0.31573
distillation,1,-22,0.26334
distillation,1,-27,0.24084
distillation,1,-6,0.33315
distillation,1,82,0.32416
distillation,1,40,0.31729
distillation,1,-12,0.33329
distillation,1,-37,0.28247
distillation,1,-37,0.28122
distillation,1,-19,0.2813
distillation,0,-75,0.24252
distillation,0,-109,0.15667
distillation,1,99,0.35075
distillation,1,-20,0.23581
distillation,0,-65,0.16689
distillation,0,-107,0.20022
distillation,1,-25,0.26056
distillation,1,-30,0.23159
distillation,1,34,0.27741
distillation,1,-10,0.28746
distillation,0,-68,0.25522
distillation,0,-70,0.26451
distillation,1,2,0.2518
distillation,0,-183,0.13089
distillation,1,5,0.28944
distillation,1,-10,0.26909
distillation,1,-16,0.28673
distillation,1,-62,0.28192
distillation,1,18,0.34703
distillation,1,8,0.31816
distillation,0,-72,0.22567
distillation,1,-23,0.32336
distillation,1,33,0.29544
distillation,0,-104,0.12909
distillation,1,34,0.27457
distillation,1,18,0.2977
distillation,0,-157,0.12228
distillation,1,-35,0.27728
distillation,1,-30,0.29617
distillation,1,-20,0.31072
distillation,0,-105,0.20855
distillation,0,-104,0.25114
distillation,1,-27,0.22761
distillation,1,-12,0.28744
distillation,1,-38,0.30014
distillation,1,-26,0.31503
distillation,0,-69,0.14771
distillation,0,-64,0.21498
distillation,0,-133,0.18887
distillation,0,-51,0.28061
distillation,1,-87,0.24548
distillation,1,-19,0.30043
distillation,1,39,0.31989
distillation,1,11,0.26502
distillation,1,41,0.35038
distillation,1,29,0.30594
distillation,0,-200,0.10912
distillation,1,0,0.33849
distillation,1,-15,0.31466
distillation,0,-87,0.21934
distillation,0,-82,0.22434
distillation,1,-64,0.24872
distillation,1,29,0.32066
distillation,0,-89,0.22765
distillation,0,-87,0.24379
distillation,0,-132,0.21132
distillation,1,-70,0.24568
distillation,1,-90,0.23333
distillation,1,9,0.30746
distillation,1,-24,0.26386
distillation,1,-16,0.2605
distillation,1,-17,0.21512
distillation,1,-10,0.2843
distillation,0,-41,0.24342
distillation,0,-114,0.20587
distillation,1,106,0.37588
distillation,1,66,0.33229
distillation,1,-21,0.25526
distillation,1,16,0.31691
distillation,1,-36,0.27414
distillation,1,-15,0.29768
distillation,1,10,0.29
distillation,0,-91,0.18809
distillation,1,-12,0.30436
distillation,1,27,0.26445
distillation,1,-41,0.28186
distillation,0,-202,0.09132
distillation,0,-33,0.27171
distillation,1,43,0.30095
distillation,1,17,0.22875
distillation,1,9,0.32138
distillation,0,-140,0.12973
distillation,1,1,0.30506
distillation,1,65,0.31212
distillation,0,-50,0.24718
distillation,1,43,0.29008
distillation,1,-78,0.26373
distillation,1,56,0.28102
distillation,0,-51,0.22729
distillation,0,-32,0.27606
distillation,1,43,0.34164
distillation,1,-47,0.28191
distillation,1,1,0.28647
distillation,0,-60,0.26717
distillation,1,-20,0.31833
distillation,1,-9,0.26813
distillation,1,-28,0.28109
distillation,1,-14,0.23449
distillation,0,-36,0.19815
distillation,0,-60,0.20706
distillation,0,-99,0.15233
distillation,0,-96,0.2303
distillation,1,11,0.25326
distillation,1,-1,0.32978
distillation,0,-136,0.14468
distillation,1,8,0.30926
distillation,0,-109,0.14287
distillation,1,15,0.2754
distillation,0,-44,0.25776
distillation,1,33,0.27568
distillation,1,-16,0.2954
distillation,1,-12,0.28968
distillation,0,-128,0.16118
distillation,1,10,0.34287
distillation,1,-18,0.2657
distillation,1,32,0.26627
distillation,1,-63,0.2746
distillation,1,26,0.32021
distillation,1,-52,0.26491
distillation,1,17,0.34075
distillation,1,25,0.35763
distillation,1,-9,0.26786
distillation,1,-17,0.28323
distillation,1,34,0.26848
distillation,1,-44,0.25036
distillation,0,-110,0.17451
distillation,1,-53,0.18399
distillation,1,-9,0.32217
distillation,1,45,0.27853
distillation,1,43,0.29188
distillation,1,-62,0.23643
distillation,1,41,0.24273
distillation,1,30,0.27741
distillation,1,-4,0.28834
distillation,1,-78,0.26025
distillation,0,-86,0.14582
distillation,1,-39,0.22828
distillation,1,53,0.30276
distillation,1,-53,0.25252
distillation,1,-57,0.25681
distillation,1,19,0.31574
distillation,1,33,0.33194
distillation,1,90,0.34449
distillation,1,86,0.33474
distillation,1,-62,0.20148
distillation,1,-15,0.2924
distillation,1,-14,0.23368
distillation,0,-73,0.08458
distillation,1,-30,0.3138
distillation,0,-88,0.19714
distillation,1,14,0.30326
distillation,1,49,0.26095
distillation,1,19,0.37691
distillation,1,-3,0.36905
distillation,1,16,0.30433
distillation,1,92,0.34646
distillation,1,-56,0.23014
distillation,1,109,0.3293
distillation,1,-55,0.26764
distillation,0,-46,0.18263
distillation,1,-58,0.29194
distillation,1,-3,0.29378
distillation,0,-92,0.21541
distillation,1,-15,0.32037
distillation,1,-57,0.27747
distillation,0,-33,0.26269
distillation,1,-5,0.2948
distillation,1,0,0.27321
distillation,1,0,0.29912
distillation,1,-15,0.30814
distillation,1,-28,0.26919
distillation,1,-41,0.29055
distillation,0,-73,0.25225
distillation,1,68,0.28928
distillation,1,-64,0.22719
distillation,0,-28,0.28179
distillation,0,-107,0.21347
distillation,1,-63,0.25191
distillation,1,-4,0.33767
distillation,1,16,0.336
distillation,1,-25,0.31239
distillation,1,-7,0.24009
distillation,0,-180,0.16159
distillation,1,-15,0.27663
distillation,1,28,0.30092
distillation,1,22,0.30814
distillation,1,29,0.28873
distillation,1,-33,0.3108
distillation,1,-5,0.29112
distillation,1,-43,0.23372
distillation,1,18,0.28853
distillation,0,-163,0.17352
distillation,1,-79,0.24813
distillation,1,-12,0.31158
distillation,1,-37,0.29429
distillation,0,-68,0.23766
distillation,1,12,0.32646
distillation,1,-52,0.28827
distillation,1,-52,0.2221
distillation,1,14,0.30872
distillation,1,37,0.34752
distillation,1,-37,0.24752
distillation,1,-25,0.2749
distillation,1,-24,0.29679
distillation,1,-43,0.28885
distillation,1,23,0.29527
distillation,1,-31,0.30409
distillation,0,-95,0.23569
distillation,0,-151,0.20644
distillation,0,-206,0.12051
distillation,1,-33,0.27936
distillation,1,-39,0.31505
distillation,0,-78,0.22508
distillation,0,-65,0.24714
distillation,1,78,0.32936
distillation,1,-31,0.27155
distillation,0,-79,0.23619
distillation,1,46,0.24799
distillation,1,-4,0.25931
distillation,1,-9,0.2783
distillation,1,42,0.28543
distillation,1,-34,0.29578
distillation,0,-130,0.18987
distillation,1,77,0.36829
distillation,1,18,0.30853
distillation,1,16,0.25656
distillation,1,-35,0.14659
distillation,0,-46,0.24007
distillation,0,-83,0.24902
distillation,1,-70,0.24594
distillation,1,-30,0.26391
distillation,1,-33,0.26725
distillation,1,-50,0.2355
distillation,0,-42,0.29287
distillation,0,-107,0.21475
distillation,1,44,0.37981
distillation,1,-17,0.28759
distillation,0,-60,0.17134
distillation,0,-124,0.19106
distillation,1,-18,0.3051
distillation,0,-38,0.16595
distillation,1,30,0.27738
distillation,1,26,0.34253
distillation,1,53,0.29071
distillation,1,-55,0.29398
distillation,1,23,0.32404
distillation,0,-106,0.18288
distillation,0,-126,0.17151
distillation,0,-163,0.07042
distillation,1,52,0.31786
distillation,1,-13,0.24865
distillation,0,-149,0.17728
distillation,1,63,0.291
distillation,1,55,0.29566
distillation,0,-73,0.21305
distillation,1,-61,0.23907
distillation,0,-127,0.22214
distillation,0,-66,0.20705
distillation,0,-34,0.23616
distillation,1,0,0.28868
distillation,1,-15,0.25165
distillation,0,-68,0.18843
distillation,1,82,0.35364
distillation,1,-16,0.25777
distillation,1,64,0.35097
distillation,0,-55,0.1864
distillation,1,0,0.27899
distillation,1,45,0.34074
distillation,1,-22,0.27847
distillation,0,-142,0.17447
distillation,0,-76,0.06959
distillation,1,-45,0.27329
distillation,1,38,0.3174
distillation,1,-35,0.21696
distillation,1,-40,0.28981
distillation,1,-17,0.27977
distillation,1,-39,0.26825
distillation,1,-20,0.34998
distillation,1,-12,0.30851
distillation,0,-83,0.23214
distillation,1,16,0.3123
distillation,1,47,0.25239
distillation,0,-87,0.19249
distillation,0,-41,0.29947
distillation,1,8,0.31995
distillation,1,-55,0.27169
distillation,1,24,0.30505
distillation,0,-162,0.12094
distillation,0,-50,0.27814
distillation,0,-178,0.12001
distillation,1,8,0.32653
distillation,0,-178,0.15247
distillation,1,-53,0.25024
distillation,1,-19,0.30962
distillation,1,-47,0.30675
distillation,1,-26,0.27499
distillation,1,-20,0.27888
distillation,0,-131,0.19135
distillation,1,9,0.28842
distillation,1,-56,0.26962
distillation,1,-21,0.26351
distillation,1,-25,0.27063
distillation,0,-31,0.25795
distillation,1,4,0.3004
distillation,1,-25,0.309
distillation,1,-14,0.34176
distillation,1,-86,0.23298
distillation,1,12,0.31619
distillation,1,-32,0.24208
distillation,0,-80,0.26126
distillation,0,-39,0.24422
distillation,0,-100,0.21695
distillation,1,-33,0.21465
distillation,1,30,0.31297
distillation,1,-29,0.27952
distillation,1,-14,0.32338
distillation,1,16,0.25215
distillation,1,60,0.2537
distillation,1,20,0.33145
distillation,0,-77,0.22973
distillation,0,-60,0.25276
distillation,1,12,0.28138
distillation,1,-16,0.31755
distillation,0,-60,0.26309
distillation,0,-46,0.28803
distillation,1,-16,0.25096
distillation,1,-22,0.29424
distillation,1,-23,0.25057
distillation,1,-13,0.25738
distillation,0,-89,0.2709
distillation,0,-33,0.28269
distillation,1,-22,0.23101
distillation,1,59,0.33159
distillation,1,36,0.27542
distillation,1,-11,0.29723
distillation,1,-53,0.24245
distillation,0,-103,0.18447
distillation,1,33,0.31646
distillation,1,-40,0.24263
distillation,1,7,0.20124
distillation,1,18,0.26819
distillation,1,-10,0.30678
distillation,1,10,0.28817
distillation,0,-109,0.17401
distillation,0,-66,0.24957
distillation,1,-4,0.25729
distillation,1,6,0.29203
distillation,0,-138,0.19792
distillation,1,-24,0.25448
distillation,0,-78,0.18853
distillation,1,25,0.34373
distillation,0,-59,0.26119
distillation,0,-59,0.21282
distillation,1,0,0.2534
distillation,0,-76,0.24909
distillation,0,-106,0.22349
distillation,1,16,0.29364
distillation,0,-146,0.1328
distillation,1,29,0.30437
distillation,1,39,0.29777
distillation,1,16,0.25525
distillation,0,-78,0.16962
distillation,0,-102,0.15972
distillation,1,-74,0.16538
distillation,1,-33,0.22325
distillation,1,81,0.3594
distillation,1,21,0.27353
distillation,1,97,0.35431
distillation,1,-30,0.23363
distillation,1,-58,0.32744
distillation,1,23,0.2986
distillation,1,34,0.30903
distillation,0,-114,0.17777
distillation,0,-74,0.18743
distillation,0,-159,-0.01991
distillation,1,44,0.31235
distillation,1,-17,0.1913
distillation,0,-137,0.20735
distillation,1,4,0.27232
distillation,1,-10,0.29031
distillation,0,-79,0.24525
distillation,1,117,0.31466
distillation,1,67,0.2872
distillation,0,-60,0.27557
distillation,1,-6,0.28031
distillation,0,-39,0.27287
distillation,1,-47,0.21627
distillation,0,-110,0.1961
distillation,1,-3,0.28723
distillation,0,-36,0.22484
distillation,1,-17,0.26942
distillation,1,45,0.29141
distillation,1,9,0.2833
distillation,1,53,0.30269
distillation,0,-46,0.21107
distillation,1,28,0.30177
distillation,1,33,0.25528
distillation,1,9,0.25852
distillation,1,-51,0.22291
distillation,1,26,0.30869
distillation,1,-25,0.29594
distillation,1,-46,0.29853
distillation,0,-81,0.17991
distillation,1,4,0.31078
distillation,1,-6,0.30821
distillation,0,-56,0.27174
distillation,1,4,0.28514
distillation,1,4,0.26887
distillation,1,0,0.36612
distillation,1,-6,0.32464
distillation,1,-34,0.27087
distillation,1,-47,0.29304
distillation,1,-36,0.28539
distillation,1,-9,0.2894
distillation,1,0,0.34642
distillation,0,-52,0.2211
distillation,1,0,0.32564
distillation,1,38,0.28095
distillation,0,-51,0.17556
distillation,1,20,0.2533
distillation,1,18,0.31845
distillation,1,-15,0.27642
distillation,1,-4,0.29808
distillation,1,-2,0.31529
distillation,1,-41,0.30556
distillation,1,-28,0.23983
distillation,1,-28,0.32752
distillation,1,14,0.32179
distillation,1,-7,0.28454
distillation,1,-18,0.30043
distillation,1,36,0.3078
distillation,1,18,0.30571
distillation,0,-73,0.22276
distillation,1,43,0.30008
distillation,1,8,0.30314
distillation,0,-177,0.07997
distillation,1,-41,0.27328
distillation,1,-1,0.2611
distillation,1,-39,0.29034
distillation,1,27,0.25682
distillation,1,11,0.2873
distillation,1,-50,0.2504
distillation,0,-120,0.18309
distillation,0,-80,0.2286
distillation,0,-82,0.08013
distillation,0,-43,0.22425
distillation,1,-13,0.27122
distillation,1,-8,0.22152
distillation,0,-123,0.19718
distillation,1,6,0.25597
distillation,1,5,0.31024
distillation,0,-71,0.21761
distillation,1,-18,0.27092
distillation,0,-147,0.18173
distillation,1,-23,0.2371
distillation,1,-13,0.25252
distillation,1,-4,0.2698
distillation,0,-125,0.19118
distillation,1,-44,0.21057
distillation,1,-24,0.29233
distillation,1,5,0.31551
distillation,1,-19,0.21492
distillation,0,-112,0.20166
distillation,1,-14,0.30131
distillation,1,-30,0.2572
distillation,1,42,0.31672
distillation,1,3,0.32956
distillation,1,-43,0.3026
distillation,1,24,0.31626
distillation,0,-70,0.24749
distillation,0,-54,0.19613
distillation,0,-90,0.21867
distillation,1,66,0.35717
distillation,1,-20,0.23817
distillation,1,18,0.35268
distillation,1,-1,0.28121
distillation,0,-105,0.21888
distillation,1,-9,0.28877
distillation,1,-37,0.25792
distillation,0,-89,0.21907
distillation,0,-79,0.25275
distillation,1,73,0.35172
distillation,1,41,0.31583
distillation,1,-59,0.28248
distillation,0,-78,0.17931
distillation,0,-55,0.27076
distillation,1,43,0.32456
distillation,1,-33,0.28768
distillation,1,-18,0.28779
distillation,1,-44,0.31755
distillation,1,-15,0.27798
distillation,1,12,0.2713
distillation,1,-32,0.30087
distillation,1,31,0.31788
distillation,1,-39,0.26684
distillation,1,-7,0.34127
distillation,1,1,0.28553
distillation,0,-101,0.22222
distillation,0,-144,0.20956
distillation,1,-37,0.23362
distillation,0,-72,0.24035
distillation,0,-66,0.2549
distillation,1,-16,0.25211
distillation,0,-67,0.21524
distillation,0,-82,0.20393
distillation,1,-72,0.23746
distillation,1,66,0.29078
distillation,1,33,0.27732
distillation,1,-67,0.26144
distillation,1,-34,0.2467
distillation,1,-23,0.25582
distillation,1,-11,0.25144
distillation,1,-64,0.24749
distillation,1,-47,0.25202
distillation,1,56,0.31957
distillation,1,55,0.34195
distillation,0,-96,0.22992
distillation,1,-62,0.21428
distillation,1,32,0.2918
distillation,1,22,0.22591
distillation,1,-22,0.25094
distillation,1,97,0.30818
distillation,1,1,0.31955
distillation,0,-88,0.23932
distillation,1,2,0.29111
distillation,1,-34,0.26912
distillation,0,-61,0.25198
distillation,1,-8,0.27685
distillation,0,-44,0.25692
distillation,0,-137,0.1905
distillation,1,-10,0.2751
distillation,1,-24,0.25342
distillation,1,-26,0.30088
distillation,1,-24,0.26965
distillation,1,26,0.3043
distillation,1,-41,0.29672
distillation,0,-107,0.20089
distillation,0,-147,0.19475
distillation,1,-23,0.23871
distillation,1,23,0.28925
distillation,1,-58,0.18223
distillation,1,-18,0.2991
distillation,1,-30,0.28789
distillation,1,-17,0.23666
distillation,1,0,0.24057
distillation,0,-69,0.18397
distillation,1,29,0.31708
distillation,0,-46,0.2209
distillation,1,-12,0.3113
distillation,1,88,0.3625
distillation,0,-160,0.18472
distillation,1,-66,0.25685
distillation,1,-51,0.2158
distillation,1,-26,0.30996
distillation,1,-22,0.29138
distillation,1,39,0.3038
distillation,1,-84,0.2256
distillation,1,21,0.31956
distillation,0,-250,-0.0217
distillation,1,19,0.25729
distillation,1,-56,0.30237
distillation,1,-9,0.33507
distillation,1,-30,0.30299
distillation,1,34,0.23612
distillation,0,-120,0.13717
distillation,1,-38,0.24188
distillation,1,54,0.26533
distillation,0,-195,0.08071
distillation,0,-117,0.20912
distillation,1,90,0.31538
distillation,0,-108,0.19253
distillation,0,-113,0.12269
distillation,1,-21,0.28687
distillation,1,13,0.33901
distillation,0,-63,0.2017
distillation,1,23,0.27497
distillation,0,-95,0.19829
distillation,0,-73,0.14088
distillation,1,-16,0.18798
distillation,1,33,0.30525
distillation,1,-18,0.27546
distillation,1,30,0.31067
distillation,1,62,0.28586
distillation,1,46,0.31232
distillation,1,45,0.31605
distillation,1,-49,0.19653
distillation,1,-18,0.29372
distillation,1,7,0.22276
distillation,1,5,0.22237
distillation,1,-71,0.26604
distillation,0,-49,0.2573
distillation,1,9,0.29135
distillation,1,-38,0.24499
distillation,1,-72,0.25927
distillation,0,-38,0.23937
distillation,0,-74,0.17597
distillation,0,-49,0.22352
distillation,1,69,0.30166
distillation,1,93,0.35142
distillation,0,-108,0.20077
distillation,1,21,0.30996
distillation,1,-10,0.26369
distillation,1,42,0.3168
distillation,1,-18,0.31189
distillation,0,-69,0.22302
distillation,1,-27,0.29037
distillation,1,8,0.33368
distillation,0,-60,0.25546
distillation,0,-76,0.21826
distillation,1,28,0.30339
distillation,1,-36,0.226
distillation,1,67,0.33312
distillation,0,-73,0.18883
distillation,1,-43,0.24689
distillation,1,12,0.32494
distillation,1,35,0.31169
distillation,1,7,0.26013
distillation,1,-33,0.25806
distillation,1,15,0.26967
distillation,0,-45,0.0841
distillation,0,-61,0.23848
distillation,0,-73,0.18559
distillation,1,16,0.24923
distillation,1,-47,0.26986
distillation,1,-22,0.31612
distillation,1,-31,0.27215
distillation,1,-41,0.29847
distillation,1,15,0.31944
distillation,1,-48,0.26571
distillation,1,-2,0.24993
distillation,1,-25,0.2558
distillation,1,51,0.34457
distillation,1,-52,0.23418
distillation,0,-64,0.1582
distillation,1,5,0.28882
distillation,1,-2,0.33747
distillation,1,-3,0.2975
distillation,0,-139,0.17695
distillation,0,-105,0.14884
distillation,0,-105,0.17578
distillation,1,60,0.3282
distillation,1,-20,0.31674
distillation,1,21,0.33393
distillation,0,-93,0.20624
distillation,1,-5,0.24001
distillation,1,-25,0.25309
distillation,1,67,0.35617
distillation,1,45,0.25548
distillation,1,-26,0.2959
distillation,1,23,0.28819
distillation,1,-51,0.23471
distillation,1,9,0.35408
distillation,1,-56,0.25284
distillation,1,-41,0.25145
distillation,0,-60,0.15305
distillation,1,91,0.304
distillation,1,-70,0.24215
distillation,1,-42,0.25314
distillation,0,-64,0.24665
distillation,1,-27,0.29361
distillation,1,-5,0.3226
distillation,0,-47,0.22721
distillation,1,-13,0.31469
distillation,0,-34,0.30774
distillation,1,-14,0.29308
distillation,1,-68,0.31462
distillation,0,-63,0.18707
distillation,1,57,0.28744
distillation,1,15,0.31413
distillation,1,22,0.31927
distillation,1,61,0.32787
distillation,0,-78,0.20757
distillation,0,-83,0.2041
distillation,0,-58,0.21933
distillation,1,-42,0.20558
distillation,1,-26,0.30479
distillation,0,-67,0.26642
distillation,1,10,0.25149
distillation,0,-125,0.2266
distillation,1,-87,0.25536
distillation,1,-50,0.28377
distillation,1,30,0.34218
distillation,1,-38,0.30884
distillation,1,-15,0.22625
distillation,1,13,0.31479
distillation,0,-58,0.24189
distillation,0,-83,0.19701
distillation,0,-72,0.18804
distillation,1,-8,0.27785
distillation,1,14,0.31823
distillation,1,3,0.29391
distillation,1,4,0.21815
distillation,1,22,0.30558
distillation,1,11,0.2673
distillation,1,45,0.30713
distillation,1,15,0.33444
distillation,0,-95,0.17758
distillation,1,52,0.36268
distillation,1,-37,0.21611
distillation,1,-49,0.25169
distillation,1,30,0.27749
distillation,1,42,0.34269
distillation,1,-10,0.26338
distillation,1,29,0.30819
distillation,0,-94,0.15726
distillation,1,-21,0.26081
distillation,1,21,0.26297
distillation,0,-82,0.21996
distillation,1,18,0.32128
distillation,1,-16,0.29384
distillation,1,18,0.33804
distillation,0,-129,0.18455
distillation,1,6,0.22721
distillation,1,2,0.36391
distillation,0,-42,0.29954
distillation,0,-100,0.2201
distillation,1,-23,0.28796
distillation,1,-19,0.30056
distillation,1,-9,0.23103
distillation,1,4,0.26264
distillation,1,43,0.35499
distillation,1,-14,0.32827
distillation,1,-5,0.28209
distillation,0,-58,0.26381
distillation,1,-19,0.2962
distillation,1,33,0.24877
distillation,0,-49,0.20329
distillation,1,-29,0.25704
distillation,1,24,0.31864
distillation,0,-60,0.25295
distillation,0,-57,0.22745
distillation,1,-10,0.23185
distillation,1,-42,0.29006
distillation,1,-19,0.28494
distillation,1,-48,0.2623
distillation,1,3,0.34609
distillation,1,62,0.35815
distillation,1,-49,0.279
distillation,0,-55,0.20439
distillation,0,-75,0.22784
distillation,1,-91,0.23786
distillation,1,2,0.35064
distillation,1,14,0.28971
distillation,1,42,0.28951
distillation,1,13,0.29511
distillation,1,76,0.31682
distillation,0,-79,0.20775
distillation,1,-7,0.28332
distillation,0,-63,0.24174
distillation,0,-77,0.25546
distillation,1,-5,0.27034
distillation,0,-101,0.20611
distillation,1,39,0.29893
distillation,1,-49,0.28906
distillation,1,15,0.22371
distillation,1,-1,0.32604
distillation,1,-37,0.28518
distillation,1,31,0.31981
distillation,1,12,0.29388
distillation,1,-13,0.2772
distillation,0,-56,0.24526
distillation,1,-42,0.22863
distillation,1,-25,0.27634
distillation,1,2,0.33363
distillation,0,-107,0.1674
distillation,1,-24,0.25977
distillation,1,-18,0.30098
distillation,1,10,0.33305
distillation,1,5,0.29288
distillation,0,-56,0.233
distillation,1,20,0.34527
distillation,1,1,0.28357
distillation,0,-108,0.18211
distillation,0,-59,0.2664
distillation,1,17,0.32773
distillation,1,68,0.29698
distillation,1,-22,0.24547
distillation,1,15,0.28387
distillation,0,-78,0.2237
distillation,0,-102,0.17797
distillation,0,-51,0.23622
distillation,0,-70,0.23113
distillation,0,-73,0.24211
distillation,0,-84,0.24421
distillation,0,-78,0.22723
distillation,0,-81,0.20607
distillation,1,43,0.32371
distillation,1,-2,0.28529
distillation,1,-25,0.27119
distillation,1,-27,0.24534
distillation,0,-81,0.20556
distillation,1,33,0.29414
distillation,0,-128,0.16491
distillation,1,-20,0.36598
distillation,1,-22,0.25123
distillation,1,-1,0.28785
distillation,1,-26,0.25715
distillation,0,-53,0.22305
distillation,0,-130,0.13193
distillation,1,5,0.33309
distillation,1,-28,0.28451
distillation,1,29,0.30307
distillation,0,-101,0.18747
distillation,1,1,0.27761
distillation,0,-225,0.05701
distillation,1,-13,0.2752
distillation,1,-6,0.30131
distillation,1,-35,0.24767
distillation,0,-31,0.25378
distillation,1,-22,0.27836
distillation,1,-27,0.28928
distillation,1,-12,0.21557
distillation,1,-36,0.20108
distillation,1,76,0.31376
distillation,1,-22,0.22973
distillation,1,-31,0.25548
distillation,0,-71,0.22886
distillation,1,-48,0.27225
distillation,1,-7,0.26972
distillation,1,-40,0.2242
distillation,1,31,0.3543
distillation,0,-81,0.23383
distillation,1,-11,0.29842
distillation,0,-62,0.22087
distillation,1,-19,0.28043
distillation,0,-127,0.19314
distillation,1,-23,0.24099
distillation,1,49,0.26169
distillation,0,-34,0.26903
distillation,1,13,0.24201
distillation,1,-24,0.23811
distillation,0,-68,0.20378
distillation,0,-50,0.2139
distillation,0,-74,0.26217
distillation,1,50,0.37601
distillation,1,-13,0.31887
distillation,1,-46,0.29639
distillation,1,-21,0.22674
distillation,1,23,0.35273
distillation,1,-35,0.25564
distillation,1,11,0.33365
distillation,1,57,0.29633
distillation,1,56,0.30781
distillation,1,-24,0.25868
distillation,0,-79,0.22104
distillation,1,51,0.29249
distillation,1,-57,0.23213
distillation,1,-12,0.26856
distillation,1,35,0.33685
distillation,1,-13,0.31646
distillation,0,-178,0.15752
distillation,0,-39,0.14937
distillation,1,-23,0.29084
distillation,1,-8,0.33307
distillation,1,-41,0.2258
distillation,1,19,0.30743
distillation,0,-110,0.19621
distillation,1,-42,0.28559
distillation,0,-65,0.21439
distillation,1,18,0.28608
distillation,1,-19,0.2893
distillation,1,33,0.26945
distillation,1,45,0.35061
distillation,1,21,0.31243
distillation,0,-49,0.15886
distillation,0,-85,0.13245
distillation,1,-15,0.29004
distillation,0,-57,0.17492
distillation,0,-61,0.27244
distillation,1,19,0.28669
distillation,0,-84,0.18916
distillation,1,3,0.26397
distillation,1,-19,0.31572
distillation,1,-5,0.33625
distillation,1,0,0.30713
distillation,0,-70,0.21288
distillation,1,-6,0.31517
distillation,1,0,0.31238
distillation,0,-65,0.2258
distillation,0,-95,0.24842
distillation,1,-15,0.31985
distillation,0,-42,0.25992
distillation,0,-61,0.26161
distillation,0,-82,0.25938
distillation,1,-63,0.2389
distillation,1,11,0.26246
distillation,1,4,0.31248
distillation,1,7,0.26095
distillation,1,-57,0.25352
distillation,1,61,0.33017
distillation,1,-23,0.19893
distillation,1,-58,0.21261
distillation,1,-86,0.2496
distillation,1,63,0.29455
distillation,0,-99,0.22927
distillation,1,-79,0.28496
distillation,0,-71,0.24298
distillation,1,-38,0.29733
distillation,1,-45,0.30438
distillation,1,24,0.24329
distillation,1,-26,0.2716
distillation,1,-8,0.3197
distillation,0,-107,0.14001
distillation,1,-27,0.24654
distillation,1,-44,0.26899
distillation,1,46,0.32347
distillation,1,1,0.25888
distillation,0,-70,0.2746
distillation,1,22,0.28507
distillation,0,-56,0.26331
distillation,1,-16,0.23974
distillation,0,-52,0.22381
distillation,1,-3,0.27281
distillation,1,-41,0.28745
distillation,1,-15,0.25148
distillation,1,-47,0.27659
distillation,1,-8,0.27542
distillation,1,-23,0.25426
distillation,1,-22,0.17645
distillation,1,67,0.3101
distillation,1,-41,0.26144
distillation,1,-44,0.25581
distillation,0,-51,0.2206
distillation,1,10,0.32692
distillation,1,-9,0.22698
distillation,1,-49,0.26232
distillation,1,-64,0.26668
distillation,1,-23,0.20681
distillation,0,-66,0.23603
distillation,1,46,0.31795
distillation,1,27,0.28499
distillation,1,-18,0.31489
distillation,1,56,0.32255
distillation,1,13,0.34061
distillation,1,-22,0.24091
distillation,1,-20,0.2933
distillation,1,54,0.33033
distillation,1,-36,0.28891
distillation,0,-67,0.24235
distillation,1,16,0.32012
distillation,0,-147,0.1571
distillation,1,-14,0.2358
distillation,1,-44,0.24098
distillation,0,-82,0.23414
distillation,1,-38,0.30131
distillation,1,-16,0.28708
distillation,1,10,0.29505
distillation,1,-41,0.29427
distillation,1,-13,0.30616
distillation,0,-38,0.26739
distillation,0,-86,0.27942
distillation,0,-137,0.1823
distillation,1,2,0.32174
distillation,1,-37,0.22455
distillation,0,-67,0.20447
distillation,1,-6,0.3236
distillation,1,-25,0.26497
distillation,1,23,0.32081
distillation,1,63,0.29643
distillation,0,-89,0.1533
distillation,1,15,0.31043
distillation,0,-23,0.21699
distillation,1,23,0.28117
distillation,0,-118,0.22298
distillation,1,-21,0.18555
distillation,1,47,0.27904
distillation,1,-9,0.25618
distillation,1,-35,0.23045
distillation,1,-6,0.28447
distillation,1,38,0.28464
distillation,1,22,0.32926
distillation,1,0,0.30423
distillation,1,3,0.29429
distillation,1,73,0.32136
distillation,0,-62,0.23152
distillation,0,-48,0.28145
distillation,1,35,0.31415
distillation,1,26,0.3032
distillation,0,-53,0.18038
distillation,1,7,0.29828
distillation,1,3,0.33501
distillation,0,-110,0.10901
distillation,1,-27,0.28506
distillation,1,44,0.27645
distillation,0,-52,0.23853
distillation,1,63,0.2855
distillation,1,11,0.30695
distillation,1,12,0.38874
distillation,0,-56,0.27479
distillation,1,33,0.30364
distillation,0,-101,0.25023
distillation,0,-199,0.06266
distillation,1,-43,0.27938
distillation,1,-29,0.24671
distillation,0,-146,0.05186
distillation,1,76,0.3403
distillation,1,-8,0.32924
distillation,1,-20,0.29897
distillation,1,3,0.33964
distillation,0,-101,0.25753
distillation,0,-150,0.1855
distillation,1,-22,0.28671
distillation,1,-13,0.29367
distillation,1,33,0.3347
distillation,1,39,0.24924
distillation,0,-108,0.24583
distillation,1,0,0.34045
distillation,0,-177,0.15626
distillation,1,-2,0.32051
distillation,1,-24,0.28555
distillation,0,-103,0.20419
distillation,1,-27,0.29727
distillation,1,-7,0.34849
distillation,0,-110,0.20273
distillation,0,-47,0.24641
distillation,0,-39,0.25471
distillation,1,-16,0.28303
distillation,0,-83,0.14817
distillation,0,-57,0.25939
distillation,0,-34,0.30369
distillation,0,-80,0.19947
distillation,1,-37,0.28672
distillation,1,16,0.28421
distillation,1,-136,0.23941
distillation,1,10,0.35008
distillation,1,6,0.35571
distillation,1,-43,0.3012
distillation,0,-49,0.23885
distillation,1,20,0.31114
distillation,1,-9,0.33289
distillation,1,43,0.30721
distillation,1,-35,0.23407
distillation,0,-126,0.20493
distillation,1,-28,0.25985
distillation,1,-6,0.29502
distillation,1,12,0.33683
distillation,1,74,0.34921
distillation,1,35,0.33663
distillation,1,-36,0.27015
distillation,1,-26,0.31866
distillation,1,-18,0.29502
distillation,0,-61,0.25347
distillation,1,-62,0.26596
distillation,1,-46,0.2132
distillation,1,16,0.33554
distillation,0,-75,0.18114
distillation,1,-30,0.27681
distillation,1,-26,0.27591
distillation,0,-91,0.20481
distillation,0,-64,0.25116
distillation,1,-7,0.31074
distillation,1,-18,0.27478
distillation,0,-75,0.24905
distillation,0,-52,0.22854
distillation,1,-52,0.25528
distillation,1,65,0.34597
distillation,1,-25,0.27186
distillation,1,6,0.29371
distillation,0,-63,0.24499
distillation,1,19,0.32044
distillation,0,-92,0.2478
distillation,0,-93,0.26243
distillation,1,43,0.3233
distillation,0,-53,0.24384
distillation,1,-30,0.21622
distillation,1,-12,0.31034
distillation,0,-59,0.22781
distillation,1,4,0.31991
distillation,0,-173,0.01821
distillation,1,-47,0.2501
distillation,0,-85,0.17618
distillation,1,12,0.31975
distillation,0,-85,0.25742
distillation,1,-8,0.3003
distillation,0,-87,0.18399
distillation,0,-113,0.16266
distillation,1,-72,0.23056
distillation,1,38,0.25218
distillation,1,-13,0.28263
distillation,1,56,0.30719
distillation,1,-15,0.21504
distillation,0,-133,0.17423
distillation,1,-7,0.22894
distillation,1,-40,0.18888
distillation,0,-157,0.15714
distillation,0,-48,0.2102
distillation,1,-7,0.3008
distillation,1,73,0.35767
distillation,1,26,0.30296
distillation,1,15,0.27552
distillation,1,49,0.35706
distillation,1,1,0.32877
distillation,1,-24,0.2573
distillation,1,22,0.32567
distillation,1,5,0.28233
distillation,1,17,0.31831
distillation,0,-58,0.25904
distillation,1,-49,0.21007
distillation,1,-27,0.21296
distillation,1,-15,0.24541
distillation,0,-67,0.24036
distillation,1,9,0.28482
distillation,1,-33,0.28559
distillation,0,-93,0.18789
distillation,1,46,0.32403
distillation,1,24,0.33254
distillation,1,-2,0.26914
distillation,1,-3,0.3586
distillation,1,-24,0.2798
distillation,1,30,0.299
distillation,1,-21,0.30447
distillation,0,-89,0.28033
distillation,0,-54,0.23803
distillation,1,1,0.30727
distillation,0,-54,0.23447
distillation,1,-43,0.31469
distillation,1,27,0.32124
distillation,1,14,0.29026
distillation,1,-15,0.29553
distillation,0,-76,0.22041
distillation,0,-85,0.20467
distillation,1,-19,0.23581
distillation,0,-63,0.19665
distillation,1,50,0.34892
distillation,1,-16,0.22412
distillation,1,-80,0.22881
distillation,1,2,0.29071
distillation,0,-79,0.21922
distillation,0,-89,0.23873
distillation,0,-73,0.23196
distillation,1,12,0.30345
distillation,0,-49,0.16585
distillation,1,-1,0.28762
distillation,1,-30,0.29202
distillation,1,-61,0.26716
distillation,1,-16,0.30208
distillation,0,-62,0.26767
distillation,1,35,0.3196
distillation,1,0,0.28488
distillation,0,-167,-0.0214
distillation,1,0,0.28725
distillation,1,-19,0.25367
distillation,0,-64,0.2788
distillation,1,-5,0.30729
distillation,0,-93,0.16247
distillation,1,-2,0.31934
distillation,1,-34,0.30845
distillation,1,-40,0.27815
distillation,1,-29,0.2676
distillation,0,-46,0.2768
distillation,1,-14,0.23189
distillation,1,-2,0.31564
distillation,1,7,0.272
distillation,1,45,0.32339
distillation,1,-23,0.22772
distillation,1,-81,0.24328
distillation,1,-10,0.29007
distillation,1,-42,0.26154
distillation,1,6,0.2741
distillation,1,19,0.27976
distillation,1,-12,0.25921
distillation,0,-157,0.13429
distillation,0,-86,0.26503
distillation,1,-49,0.27708
distillation,1,48,0.31043
distillation,0,-61,0.25921
distillation,0,-64,0.17013
distillation,1,35,0.33056
distillation,1,-19,0.24369
distillation,1,-34,0.23187
distillation,0,-78,0.2386
distillation,1,-62,0.21465
distillation,0,-66,0.19517
distillation,1,17,0.2461
distillation,1,-16,0.28888
distillation,0,-48,0.27367
distillation,0,-84,0.22692
distillation,1,-38,0.23701
distillation,1,15,0.27202
distillation,1,72,0.27048
distillation,1,-18,0.31507
distillation,1,6,0.30451
distillation,1,69,0.33358
distillation,1,22,0.27142
distillation,0,-196,0.13405
distillation,0,-81,0.23231
distillation,1,-37,0.24805
distillation,1,20,0.31325
distillation,0,-51,0.23097
distillation,1,60,0.33499
distillation,1,-59,0.27313
distillation,1,-31,0.29164
distillation,1,48,0.30267
distillation,1,-30,0.2617
distillation,1,-12,0.23718
distillation,0,-130,0.17444
distillation,0,-65,0.26789
distillation,1,-5,0.28299
distillation,0,-30,0.25164
distillation,0,-78,0.25866
distillation,0,-75,0.25033
distillation,1,-18,0.29267
distillation,1,17,0.27899
distillation,1,15,0.29495
distillation,1,0,0.38837
distillation,1,45,0.32156
distillation,1,11,0.30318
distillation,1,11,0.23693
distillation,1,-10,0.26832
distillation,1,-3,0.27002
distillation,1,-82,0.1946
distillation,1,-20,0.30406
distillation,1,42,0.32414
distillation,1,-8,0.23546
distillation,0,-83,0.25925
distillation,0,-116,0.01384
distillation,1,-44,0.27395
distillation,1,-56,0.27942
distillation,1,-15,0.26765
distillation,1,-7,0.29865
distillation,1,50,0.37804
distillation,1,45,0.2357
distillation,1,28,0.31169
distillation,1,-4,0.26862
distillation,1,-54,0.29193
distillation,1,-32,0.29762
distillation,1,-58,0.26608
distillation,1,-12,0.31962
distillation,1,-22,0.31571
distillation,0,-121,0.1533
distillation,1,-75,0.28362
distillation,1,-22,0.2818
distillation,1,-30,0.3067
distillation,1,-24,0.27689
distillation,1,48,0.37462
distillation,0,-49,0.24124
distillation,1,-14,0.28628
distillation,1,34,0.32196
distillation,0,-52,0.26532
distillation,1,-12,0.30578
distillation,0,-81,0.24728
distillation,1,2,0.32912
distillation,1,36,0.30191
distillation,1,10,0.28039
distillation,0,-55,0.23455
distillation,1,-44,0.28203
distillation,1,29,0.25597
distillation,1,9,0.25114
distillation,1,20,0.29098
distillation,0,-96,0.13231
distillation,0,-140,0.13614
distillation,1,-67,0.30625
distillation,1,4,0.29009
distillation,1,-40,0.32844
distillation,1,-29,0.26169
distillation,1,22,0.34661
distillation,1,-28,0.31343
distillation,1,19,0.27327
distillation,1,-5,0.27336
distillation,1,-23,0.34088
distillation,0,-101,0.18633
distillation,1,-29,0.31807
distillation,1,-85,0.23887
distillation,1,-22,0.30685
distillation,1,-55,0.22603
distillation,0,-86,0.24379
distillation,1,-14,0.28242
distillation,0,-36,0.28349
distillation,0,-47,0.25379
distillation,0,-52,0.21574
distillation,1,-36,0.22857
distillation,0,-42,0.20526
distillation,1,-5,0.26029
distillation,0,-101,0.21644
distillation,1,14,0.28287
distillation,1,-52,0.25945
distillation,1,35,0.22028
distillation,1,-43,0.26705
distillation,1,-7,0.27723
distillation,0,-38,0.26685
distillation,1,-10,0.27343
distillation,1,-19,0.28914
distillation,0,-112,0.11968
distillation,0,-153,0.17122
distillation,1,-42,0.31031
distillation,1,-102,0.26361
distillation,1,5,0.28443
distillation,0,-125,0.03359
distillation,1,6,0.31179
distillation,0,-117,0.12817
distillation,1,-26,0.2792
distillation,1,-11,0.25226
distillation,1,-23,0.25279
distillation,1,-15,0.30923
distillation,1,21,0.30956
distillation,1,-21,0.28768
distillation,1,-47,0.25522
distillation,1,35,0.29202
distillation,0,-71,0.21037
distillation,1,-38,0.25641
distillation,1,-79,0.23315
distillation,1,98,0.32144
distillation,1,13,0.34039
distillation,0,-74,0.22818
distillation,1,-3,0.24416
distillation,0,-48,0.23845
distillation,0,-90,0.2248
distillation,1,-10,0.31205
distillation,1,-6,0.3368
distillation,1,17,0.29394
distillation,0,-43,0.19902
distillation,1,-12,0.38168
distillation,0,-80,0.16162
distillation,1,34,0.32149
distillation,1,-1,0.33186
distillation,0,-68,0.25978
distillation,0,-108,0.19149
distillation,0,-134,0.24827
distillation,1,-80,0.29017
distillation,1,-29,0.2034
distillation,1,29,0.27586
distillation,0,-107,0.12769
distillation,1,36,0.25884
distillation,1,-15,0.32448
distillation,1,-44,0.22551
distillation,1,-6,0.31821
distillation,1,33,0.31334
distillation,1,12,0.30241
distillation,0,-40,0.17966
distillation,1,66,0.2929
distillation,1,-1,0.30882
distillation,1,-63,0.27249
distillation,1,-4,0.29484
distillation,1,-40,0.29014
distillation,1,27,0.31346
distillation,1,-6,0.32717
distillation,1,-40,0.20634
distillation,1,61,0.32828
distillation,0,-27,0.28544
distillation,0,-72,0.20242
distillation,1,1,0.27087
distillation,1,10,0.26149
distillation,0,-106,0.20336
distillation,1,76,0.3325
distillation,1,60,0.35964
distillation,1,-28,0.28216
distillation,1,-12,0.31551
distillation,1,-5,0.27895
distillation,1,56,0.29204
distillation,1,38,0.30959
distillation,1,29,0.33459
distillation,1,48,0.34979
distillation,1,18,0.22157
distillation,1,-8,0.26334
distillation,1,-49,0.28946
distillation,1,35,0.37092
distillation,0,-114,0.04186
distillation,0,-73,0.22855
distillation,1,93,0.28446
distillation,1,0,0.29367
distillation,1,-9,0.28625
distillation,1,-60,0.26888
distillation,0,-47,0.2393
distillation,0,-32,0.24876
distillation,1,77,0.30343
distillation,1,-5,0.23582
distillation,0,-59,0.2446
distillation,0,-157,0.18405
distillation,0,-92,0.20904
distillation,1,45,0.30532
distillation,1,10,0.28029
distillation,0,-127,0.21339
distillation,0,-75,0.24049
distillation,1,-93,0.1902
distillation,1,-129,0.24064
distillation,0,-118,0.20117
distillation,1,29,0.32798
distillation,1,-24,0.26385
distillation,0,-119,0.2368
distillation,1,-7,0.31718
distillation,0,-40,0.26337
distillation,1,-30,0.30149
distillation,1,18,0.29019
distillation,1,-7,0.35418
distillation,0,-93,0.2255
distillation,1,9,0.30665
distillation,0,-26,0.30743
distillation,1,-57,0.28315
distillation,1,-19,0.31942
distillation,1,44,0.35347
distillation,0,-79,0.26468
distillation,0,-28,0.29349
distillation,0,-74,0.21139
distillation,0,-52,0.26793
distillation,1,-25,0.27979
distillation,1,-34,0.28002
distillation,1,-51,0.26967
distillation,0,-91,0.20796
distillation,1,-47,0.25232
distillation,1,-1,0.25987
distillation,1,-75,0.24559
distillation,1,-23,0.27248
distillation,1,46,0.26892
distillation,0,-68,0.23776
distillation,1,11,0.37689
distillation,0,-98,0.23342
distillation,1,-52,0.29824
distillation,1,-50,0.2665
distillation,0,-45,0.21613
distillation,1,-7,0.33307
distillation,1,51,0.28539
distillation,1,63,0.24901
distillation,1,-34,0.26108
distillation,1,-38,0.27659
distillation,1,28,0.26733
distillation,1,-35,0.23223
distillation,1,-55,0.25754
distillation,0,-43,0.22837
distillation,0,-123,0.17106
distillation,1,60,0.34185
distillation,1,-46,0.28619
distillation,0,-55,0.25853
distillation,1,49,0.32135
distillation,1,8,0.33086
distillation,0,-32,0.22493
distillation,0,-103,0.144
distillation,1,-17,0.29432
distillation,1,-20,0.28867
distillation,1,-36,0.28155
distillation,0,-42,0.21617
distillation,1,-6,0.25922
distillation,0,-45,0.27639
distillation,0,-63,0.22879
distillation,0,-67,0.23875
distillation,1,36,0.30019
distillation,1,-24,0.19109
distillation,0,-46,0.25732
distillation,0,-27,0.2011
distillation,0,-57,0.26212
distillation,1,-15,0.26051
distillation,1,1,0.27116
distillation,0,-117,0.20841
distillation,0,-125,0.18151
distillation,1,37,0.29467
distillation,1,68,0.25137
distillation,1,43,0.28614
distillation,1,62,0.26055
distillation,1,94,0.35316
distillation,1,24,0.2383
distillation,1,-30,0.18414
distillation,0,-43,0.26323
distillation,1,60,0.31611
distillation,0,-75,0.23259
distillation,1,-49,0.28723
distillation,1,35,0.26207
distillation,1,14,0.29642
distillation,1,39,0.27323
distillation,1,-41,0.29237
distillation,1,-32,0.27802
distillation,1,-25,0.28522
distillation,1,-38,0.32356
distillation,0,-123,0.18989
distillation,1,-31,0.2543
distillation,0,-182,0.13681
distillation,1,123,0.34779
distillation,1,-3,0.21203
distillation,0,-86,0.24422
distillation,1,-88,0.28019
distillation,0,-75,0.26695
distillation,1,74,0.29621
distillation,1,-43,0.30554
distillation,1,12,0.30899
distillation,1,18,0.26639
distillation,0,-128,0.19485
distillation,1,-17,0.29136
distillation,0,-90,0.219
distillation,1,18,0.24948
distillation,1,50,0.32546
distillation,0,-126,0.2117
distillation,0,-133,0.13946
distillation,1,-52,0.29276
distillation,1,43,0.31183
distillation,1,-33,0.2199
distillation,1,-70,0.26178
distillation,0,-52,0.24217
distillation,0,-91,0.20134
distillation,1,-20,0.26152
distillation,1,29,0.3325
distillation,1,74,0.32293
distillation,0,-62,0.21232
distillation,0,-67,0.22633
distillation,1,-55,0.25003
distillation,1,-43,0.26394
distillation,1,17,0.31889
distillation,1,-30,0.20339
distillation,1,30,0.32694
distillation,1,-4,0.29044
distillation,0,-149,0.09397
distillation,0,-97,0.25257
distillation,1,2,0.28884
distillation,1,-36,0.29444
distillation,1,14,0.33556
distillation,1,-6,0.255
distillation,1,4,0.30778
distillation,1,44,0.33469
distillation,0,-133,0.02107
distillation,1,6,0.26647
distillation,1,34,0.30586
distillation,0,-85,0.2709
distillation,1,-23,0.29527
distillation,1,-15,0.28285
distillation,0,-86,0.18344
distillation,0,-63,0.24812
distillation,0,-88,0.19139
distillation,1,-64,0.23732
distillation,1,73,0.30263
distillation,1,-36,0.24955
distillation,1,-42,0.2831
distillation,1,39,0.33122
distillation,0,-59,0.21736
distillation,1,-24,0.25483
distillation,1,-73,0.23354
distillation,0,-60,0.23634
distillation,1,14,0.34364
distillation,0,-40,0.25983
distillation,0,-49,0.28141
distillation,1,18,0.26119
distillation,1,-33,0.2981
distillation,1,37,0.22972
distillation,1,-49,0.35462
distillation,1,-53,0.27555
distillation,1,-33,0.24168
distillation,1,-36,0.29684
distillation,0,-54,0.23782
distillation,1,55,0.2845
distillation,1,10,0.31655
distillation,1,3,0.31142
distillation,1,-26,0.28215
distillation,0,-68,0.20972
distillation,1,14,0.32698
distillation,1,26,0.34494
distillation,1,13,0.3008
distillation,0,-64,0.25918
distillation,1,47,0.31539
distillation,1,59,0.33704
distillation,0,-37,0.28205
distillation,0,-37,0.2512
distillation,1,-34,0.28878
distillation,1,-52,0.26507
distillation,0,-88,0.23884
distillation,0,-71,0.23146
distillation,1,-35,0.28377
distillation,1,-31,0.26991
distillation,1,-18,0.3054
distillation,1,-35,0.2791
distillation,1,-20,0.28989
distillation,1,-21,0.27315
distillation,1,9,0.28974
distillation,1,-60,0.25144
distillation,1,-62,0.22511
distillation,1,-13,0.27733
distillation,0,-103,0.15026
distillation,1,28,0.31501
distillation,1,-5,0.35402
distillation,0,-124,0.11804
distillation,0,-33,0.24866
distillation,1,44,0.336
distillation,1,97,0.35304
distillation,1,11,0.27588
distillation,0,-59,0.17648
distillation,0,-131,0.14499
distillation,1,17,0.27291
distillation,1,15,0.24317
distillation,1,-50,0.28967
distillation,0,-97,0.22195
distillation,1,-37,0.30601
distillation,1,9,0.36257
distillation,0,-71,0.24912
distillation,1,-7,0.27771
distillation,0,-48,0.22511
distillation,1,-35,0.27199
distillation,1,-5,0.25338
distillation,1,0,0.29907
distillation,1,5,0.28797
distillation,1,20,0.30472
distillation,0,-122,0.00777
distillation,0,-37,0.2214
distillation,1,-38,0.2864
distillation,0,-120,0.11183
distillation,1,13,0.26604
distillation,0,-99,0.16682
distillation,1,-40,0.22858
distillation,0,-96,0.2073
distillation,1,33,0.3378
distillation,1,-11,0.2387
distillation,1,-14,0.30308
distillation,0,-137,0.0086
distillation,1,-2,0.29445
distillation,1,9,0.29371
distillation,1,-18,0.25751
distillation,0,-92,0.21619
distillation,1,-26,0.27748
distillation,0,-49,0.21987
distillation,1,-39,0.30339
distillation,1,-19,0.28934
distillation,1,40,0.28474
distillation,1,-40,0.31308
distillation,0,-102,0.21403
distillation,1,52,0.30445
distillation,0,-94,0.2748
distillation,1,57,0.35942
distillation,1,-25,0.23845
distillation,1,-10,0.32106
distillation,1,-9,0.23959
distillation,1,26,0.32915
distillation,1,-45,0.27378
distillation,1,44,0.3209
distillation,1,-51,0.26788
distillation,1,-13,0.2293
distillation,0,-80,0.13239
distillation,1,-5,0.3297
distillation,0,-60,0.21498
distillation,1,74,0.39927
distillation,1,18,0.33229
distillation,0,-48,0.22196
distillation,0,-88,0.20274
distillation,1,-30,0.25366
distillation,1,-60,0.25864
distillation,1,-1,0.23909
distillation,0,-33,0.23167
distillation,1,0,0.28274
distillation,1,-10,0.3245
distillation,1,-26,0.27927
distillation,1,-69,0.26538
distillation,0,-119,0.17627
distillation,1,65,0.33183
distillation,0,-58,0.22061
distillation,1,-17,0.27455
distillation,0,-78,0.19178
distillation,1,-34,0.26754
distillation,1,36,0.34852
distillation,0,-95,0.23697
distillation,1,47,0.3087
distillation,0,-93,0.23488
distillation,1,15,0.27184
distillation,1,-1,0.34734
distillation,0,-96,0.24326
distillation,1,-10,0.28479
distillation,1,-1,0.27203
distillation,1,49,0.32724
distillation,1,-57,0.26023
distillation,1,8,0.29975
distillation,1,-3,0.29923
distillation,1,74,0.36666
distillation,1,-38,0.27274
distillation,0,-64,0.27665
distillation,1,-26,0.30246
distillation,0,-71,0.22477
distillation,1,21,0.32462
distillation,1,-40,0.22669
distillation,1,-9,0.29494
distillation,1,72,0.34722
distillation,0,-37,0.25768
distillation,1,35,0.31561
distillation,1,12,0.32351
distillation,1,-35,0.3096
distillation,0,-101,0.18552
distillation,1,-5,0.24428
distillation,1,-42,0.21551
distillation,1,-75,0.25957
distillation,1,-19,0.24516
distillation,0,-229,0.11177
distillation,1,-30,0.18104
distillation,1,121,0.34119
distillation,1,74,0.34595
distillation,1,22,0.31023
distillation,1,-27,0.27108
distillation,0,-81,0.28635
distillation,1,-12,0.2556
distillation,1,69,0.35677
distillation,0,-91,0.19744
distillation,1,64,0.3204
distillation,0,-140,0.20914
distillation,1,-15,0.27226
distillation,1,-56,0.23818
distillation,1,32,0.27998
distillation,1,0,0.30308
distillation,1,-55,0.30628
distillation,1,-16,0.23002
distillation,0,-89,0.18682
distillation,1,-3,0.28743
distillation,1,-39,0.27733
distillation,0,-90,0.17591
distillation,1,53,0.33103
distillation,1,-38,0.24458
distillation,0,-90,0.21318
distillation,1,-2,0.30794
distillation,1,-68,0.2373
distillation,1,-18,0.22226
distillation,0,-56,0.2166
distillation,0,-66,0.27835
distillation,1,-59,0.27326
distillation,1,-37,0.28535
distillation,1,42,0.33414
distillation,0,-48,0.24672
distillation,1,68,0.30444
distillation,1,-42,0.28644
distillation,1,-45,0.27773
distillation,0,-73,0.26065
distillation,1,34,0.2891
distillation,1,-32,0.18567
distillation,1,-25,0.16678
distillation,1,-32,0.25549
distillation,1,-35,0.26228
distillation,1,-24,0.30054
distillation,0,-138,0.23009
distillation,1,-24,0.23924
distillation,1,63,0.27452
distillation,1,10,0.31207
distillation,1,-53,0.2479
distillation,1,11,0.28281
distillation,1,5,0.33147
distillation,0,-60,0.24093
distillation,0,-149,0.17051
distillation,0,-109,0.16761
distillation,1,61,0.36112
distillation,1,-52,0.28689
distillation,0,-88,0.20966
distillation,1,-34,0.29082
distillation,1,19,0.30392
distillation,1,18,0.31988
distillation,1,-9,0.26615
distillation,1,-13,0.31025
distillation,0,-71,0.10022
distillation,0,-66,0.19488
distillation,1,19,0.27557
distillation,1,16,0.2774
distillation,0,-68,0.24374
distillation,1,-11,0.27294
distillation,0,-74,0.16599
distillation,0,-66,0.23379
distillation,1,8,0.31621
distillation,0,-99,0.22338
distillation,1,-7,0.24981
distillation,1,-22,0.22466
distillation,1,20,0.31449
distillation,1,-36,0.22461
distillation,1,39,0.32859
distillation,1,-4,0.30808
distillation,1,47,0.31132
distillation,1,3,0.30012
distillation,0,-154,0.00365
distillation,1,24,0.34533
distillation,1,-28,0.30747
distillation,1,47,0.32594
distillation,1,-3,0.25771
distillation,1,-13,0.29708
distillation,1,-19,0.31376
distillation,0,-32,0.19336
distillation,1,-10,0.29776
distillation,0,-56,0.18115
distillation,1,-28,0.2756
distillation,1,-21,0.28078
distillation,0,-54,0.29655
distillation,1,-84,0.25014
distillation,1,-14,0.28034
distillation,1,-6,0.31967
distillation,1,44,0.34239
distillation,0,-127,0.17455
distillation,1,-41,0.23963
distillation,0,-102,0.25147
distillation,1,-6,0.29507
distillation,1,64,0.30293
distillation,0,-49,0.08533
distillation,1,-65,0.24663
distillation,1,-64,0.22358
distillation,1,-23,0.33443
distillation,0,-82,0.24069
distillation,1,8,0.27856
distillation,0,-59,0.24251
distillation,1,49,0.28894
distillation,1,5,0.22801
distillation,1,-22,0.26496
distillation,1,-20,0.27837
distillation,0,-124,0.19995
distillation,0,-78,0.24155
distillation,1,-42,0.26282
distillation,0,-44,0.23863
distillation,1,-30,0.2325
distillation,1,-23,0.29815
distillation,1,-10,0.30108
distillation,1,-26,0.26441
distillation,1,-31,0.27232
distillation,1,-38,0.26835
distillation,1,17,0.22194
distillation,0,-112,0.20185
distillation,0,-41,0.16807
distillation,1,-33,0.2487
distillation,1,49,0.34499
distillation,1,-20,0.25375
distillation,1,-55,0.27737
distillation,0,-83,0.18253
distillation,1,-51,0.27601
distillation,1,59,0.25839
distillation,0,-51,0.29048
distillation,1,17,0.30866
distillation,0,-110,0.13917
distillation,0,-85,0.24874
distillation,0,-113,0.217
distillation,0,-51,0.26214
distillation,1,24,0.32767
distillation,0,-56,0.25506
distillation,0,-106,0.19499
distillation,0,-52,0.23992
distillation,0,-57,0.24892
distillation,1,-11,0.30638
distillation,0,-97,0.19161
distillation,1,-25,0.24818
distillation,1,-17,0.3045
distillation,0,-128,0.21419
distillation,0,-94,0.21659
distillation,1,43,0.32034
distillation,1,-44,0.2866
distillation,1,31,0.2871
distillation,0,-195,0.06349
distillation,0,-64,0.13347
distillation,1,-51,0.28436
distillation,1,23,0.27646
distillation,0,-85,0.20079
distillation,1,37,0.29365
distillation,0,-56,0.2422
distillation,1,13,0.29825
distillation,0,-65,0.18676
distillation,0,-41,0.25206
distillation,1,71,0.28834
distillation,1,-25,0.2623
distillation,0,-156,0.16684
distillation,0,-52,0.24032
distillation,1,110,0.33834
distillation,1,14,0.30317
distillation,1,-14,0.22104
distillation,1,-11,0.25646
distillation,1,65,0.33138
distillation,1,-42,0.24314
distillation,1,-33,0.28407
distillation,1,21,0.27403
distillation,1,-16,0.31107
distillation,1,32,0.29125
distillation,0,-111,0.22465
distillation,1,16,0.32625
distillation,1,-64,0.22134
distillation,1,-46,0.27824
distillation,1,42,0.2952
distillation,1,2,0.31013
distillation,0,-102,0.22051
distillation,1,98,0.31397
distillation,1,3,0.21248
distillation,0,-93,0.22129
distillation,1,-31,0.29961
distillation,1,59,0.29879
distillation,1,-21,0.31304
distillation,1,1,0.30409
distillation,1,-6,0.23593
distillation,1,25,0.30342
distillation,1,-21,0.25629
distillation,1,-36,0.24437
distillation,1,38,0.3473
distillation,1,42,0.31785
distillation,1,16,0.29073
distillation,1,-47,0.32805
distillation,1,16,0.2391
distillation,1,-10,0.29298
distillation,0,-84,0.1546
distillation,1,-51,0.25142
distillation,1,-44,0.27221
distillation,1,-20,0.28734
distillation,1,41,0.35443
distillation,0,-94,0.19304
distillation,0,-65,0.21234
distillation,1,6,0.31689
distillation,1,-25,0.22734
distillation,1,-47,0.26262
distillation,0,-95,0.26339
distillation,1,-49,0.25324
distillation,0,-59,0.26205
distillation,1,6,0.23411
distillation,1,-49,0.28316
distillation,1,-44,0.29332
distillation,0,-40,0.25657
distillation,1,-13,0.27307
distillation,1,-25,0.31637
distillation,1,-56,0.22541
distillation,1,-19,0.3097
distillation,1,-16,0.34346
distillation,1,-11,0.28544
distillation,1,42,0.30955
distillation,1,-8,0.31183
distillation,1,0,0.27638
distillation,1,-57,0.27897
distillation,1,-80,0.27082
distillation,0,-87,0.16917
distillation,1,44,0.35086
distillation,1,-21,0.27134
distillation,1,14,0.33741
distillation,1,7,0.29291
distillation,1,-32,0.28466
distillation,1,-53,0.25843
distillation,1,-83,0.27375
distillation,0,-53,0.259
distillation,1,4,0.24435
distillation,1,-27,0.29475
distillation,1,-3,0.30263
distillation,1,68,0.33534
distillation,0,-57,0.23307
distillation,1,6,0.28318
distillation,1,-52,0.23048
distillation,1,-12,0.28417
distillation,0,-129,0.09515
distillation,1,-30,0.26599
distillation,1,-30,0.30923
distillation,1,45,0.25402
distillation,1,-33,0.23688
distillation,0,-121,0.13908
distillation,1,-19,0.23965
distillation,1,86,0.38115
distillation,1,40,0.29372
distillation,1,-10,0.31866
distillation,1,-30,0.27896
distillation,1,-53,0.26279
distillation,1,78,0.3481
distillation,1,13,0.32347
distillation,1,-6,0.27181
distillation,0,-85,0.25646
distillation,1,36,0.25566
distillation,1,-39,0.26528
distillation,1,-15,0.19692
distillation,1,-5,0.29367
distillation,1,-64,0.27311
distillation,0,-75,0.25002
distillation,1,44,0.29494
distillation,0,-215,0.10344
distillation,1,4,0.36672
distillation,1,-14,0.31067
distillation,1,-21,0.20413
distillation,1,-37,0.23062
distillation,1,73,0.25632
distillation,0,-88,0.24998
distillation,1,-25,0.32808
distillation,0,-98,0.22056
distillation,1,9,0.33275
distillation,1,18,0.30829
distillation,1,-77,0.28268
distillation,1,16,0.27042
distillation,1,32,0.36186
distillation,1,-35,0.31932
distillation,1,2,0.28548
distillation,1,-52,0.22649
distillation,1,-63,0.22952
distillation,1,3,0.31173
distillation,1,2,0.31405
distillation,0,-149,0.08252
distillation,1,130,0.32999
distillation,1,-26,0.28579
distillation,0,-68,0.2273
distillation,1,18,0.32658
distillation,0,-55,0.21743
distillation,0,-80,0.22419
distillation,1,-11,0.27195
distillation,1,-45,0.27957
distillation,0,-60,0.13572
distillation,1,-88,0.24181
distillation,1,11,0.30849
distillation,1,-33,0.27106
distillation,0,-89,0.20511
distillation,0,-116,0.2117
distillation,0,-129,0.17923
distillation,0,-72,0.25068
distillation,0,-61,0.18893
distillation,0,-126,0.13372
distillation,0,-166,0.13634
distillation,0,-39,0.23913
distillation,1,69,0.26719
distillation,1,10,0.31135
distillation,1,60,0.34285
distillation,1,40,0.31407
distillation,1,-4,0.32122
distillation,1,-29,0.33029
distillation,1,-22,0.24791
distillation,1,-39,0.28357
distillation,1,-44,0.30437
distillation,1,-40,0.29597
distillation,0,-73,0.1752
distillation,1,2,0.29235
distillation,1,48,0.32368
distillation,1,1,0.34061
distillation,1,15,0.31171
distillation,1,-43,0.29856
distillation,1,-32,0.22913
distillation,1,35,0.3144
distillation,1,-119,0.2418
distillation,0,-123,0.24118
distillation,1,-11,0.32187
distillation,1,62,0.31167
distillation,1,8,0.32628
distillation,0,-116,0.12822
distillation,0,-69,0.16257
distillation,1,8,0.31157
distillation,1,13,0.25664
distillation,1,11,0.24948
distillation,1,-45,0.2625
distillation,0,-57,0.14559
distillation,1,-2,0.29546
distillation,1,-49,0.28991
distillation,1,-41,0.3112
distillation,1,-33,0.26925
distillation,1,2,0.29604
distillation,1,-32,0.32491
distillation,0,-93,0.24361
distillation,1,3,0.28851
distillation,1,-24,0.28785
distillation,0,-47,0.25919
distillation,1,-15,0.3005
distillation,1,-32,0.26009
distillation,1,-6,0.25345
distillation,1,15,0.25826
distillation,0,-132,0.16969
distillation,1,-37,0.26393
distillation,1,-20,0.31322
distillation,1,2,0.33416
distillation,1,-45,0.29308
distillation,0,-69,0.25657
distillation,1,-15,0.31357
distillation,1,19,0.36709
distillation,1,-24,0.23234
distillation,1,-23,0.22054
distillation,0,-40,0.29112
distillation,1,-18,0.3141
distillation,1,7,0.32829
distillation,1,0,0.28216
distillation,0,-41,0.28724
distillation,1,-62,0.29066
distillation,0,-44,0.26124
distillation,1,6,0.34568
distillation,0,-134,0.1481
distillation,1,-17,0.33215
distillation,1,-13,0.3072
distillation,1,-19,0.24962
distillation,0,-152,0.20392
distillation,1,15,0.30893
distillation,0,-29,0.2355
distillation,1,-23,0.29409
distillation,1,24,0.3408
distillation,1,-53,0.24628
distillation,1,82,0.31916
distillation,0,-69,0.25732
distillation,0,-47,0.31378
distillation,0,-96,0.20472
distillation,0,-187,0.16006
distillation,0,-77,0.22323
distillation,1,-23,0.28473
distillation,1,-21,0.27223
distillation,1,4,0.27057
distillation,1,-41,0.23286
distillation,1,-36,0.28169
distillation,1,37,0.30737
distillation,0,-84,0.16304
distillation,1,13,0.25529
distillation,1,2,0.34157
distillation,1,-21,0.27941
distillation,1,-13,0.29526
distillation,1,26,0.28106
distillation,1,-20,0.29127
distillation,0,-125,0.21771
distillation,1,43,0.30367
distillation,1,38,0.32297
distillation,0,-61,0.21497
distillation,1,-29,0.29027
distillation,1,-12,0.34742
distillation,0,-107,0.20921
distillation,1,-29,0.29265
distillation,0,-54,0.2506
distillation,1,-35,0.25281
distillation,1,-23,0.2692
distillation,1,54,0.31335
distillation,1,-2,0.30356
distillation,0,-105,0.20531
distillation,0,-109,0.20428
distillation,1,-45,0.24921
distillation,1,-13,0.28161
distillation,0,-100,0.12274
distillation,0,-57,0.25694
distillation,1,-76,0.23302
distillation,1,-1,0.28209
distillation,0,-102,0.18242
distillation,0,-24,0.23867
distillation,1,62,0.31799
distillation,1,-9,0.31011
distillation,0,-86,0.22079
distillation,1,-17,0.29459
distillation,1,69,0.31348
distillation,0,-21,0.25708
distillation,1,-53,0.26281
distillation,0,-32,0.23155
distillation,1,38,0.29223
distillation,1,28,0.27508
distillation,1,-43,0.27044
distillation,1,-59,0.20573
distillation,1,-6,0.29297
distillation,1,14,0.24987
distillation,1,-14,0.25072
distillation,0,-36,0.27676
distillation,1,71,0.32046
distillation,0,-117,0.14989
distillation,1,-106,0.27322
distillation,1,-39,0.24918
distillation,0,-86,0.25844
distillation,1,43,0.39485
distillation,1,-11,0.30808
distillation,0,-82,0.22234
distillation,1,-39,0.21512
distillation,1,-16,0.27631
distillation,1,12,0.30895
distillation,1,5,0.22637
distillation,1,57,0.33823
distillation,1,38,0.34779
distillation,1,-40,0.22652
distillation,1,75,0.32764
distillation,1,-1,0.28599
distillation,1,-5,0.27601
distillation,1,42,0.34957
distillation,1,-9,0.32982
distillation,0,-33,0.26382
distillation,1,50,0.27932
distillation,0,-64,0.24039
distillation,0,-59,0.22471
distillation,0,-237,0.07315
distillation,1,-10,0.31322
distillation,1,-38,0.30883
distillation,0,-46,0.23128
distillation,0,-28,0.27603
distillation,1,22,0.38866
distillation,1,-72,0.26833
distillation,1,-52,0.25498
distillation,1,66,0.33875
distillation,0,-80,0.19834
distillation,1,-22,0.29496
distillation,1,-51,0.27243
distillation,1,13,0.2446
distillation,1,-34,0.2481
distillation,1,6,0.28198
distillation,1,-39,0.33427
distillation,1,-67,0.21721
distillation,1,-34,0.25257
distillation,1,-40,0.19537
distillation,1,25,0.2606
distillation,1,-43,0.26962
distillation,0,-47,0.22203
distillation,1,1,0.29712
distillation,1,-4,0.31628
distillation,1,-29,0.33524
distillation,0,-109,0.21872
distillation,1,4,0.31829
distillation,1,27,0.27474
distillation,0,-76,0.24917
distillation,0,-83,0.17034
distillation,0,-161,0.15275
distillation,1,-33,0.19236
distillation,0,-73,0.25235
distillation,0,-124,0.1847
distillation,1,36,0.28669
distillation,0,-137,0.19546
distillation,1,-48,0.27688
distillation,1,-47,0.3004
distillation,0,-66,0.23437
distillation,1,15,0.3428
distillation,1,54,0.32736
distillation,1,17,0.27521
distillation,1,16,0.30636
distillation,1,10,0.27623
distillation,1,14,0.25967
distillation,0,-55,0.22564
distillation,1,86,0.34737
distillation,0,-62,0.24011
distillation,0,-73,0.22967
distillation,1,-36,0.27656
distillation,1,7,0.28405
distillation,1,12,0.27846
distillation,0,-79,0.2234
distillation,1,-61,0.2891
distillation,1,-24,0.27483
distillation,1,-77,0.18864
distillation,0,-71,0.24059
distillation,0,-38,0.17439
distillation,1,-6,0.25196
distillation,1,-12,0.24528
distillation,1,-20,0.27814
distillation,1,-27,0.26072
distillation,1,-56,0.22897
distillation,0,-71,0.21391
distillation,1,117,0.31819
distillation,1,-95,0.20717
distillation,1,-53,0.28285
distillation,1,-75,0.25938
distillation,0,-56,0.18299
distillation,0,-54,0.25409
distillation,1,33,0.28048
distillation,0,-79,0.17738
distillation,0,-59,0.26053
distillation,1,-36,0.26509
distillation,1,11,0.33865
distillation,0,-39,0.27512
distillation,0,-103,0.22081
distillation,1,55,0.33801
distillation,1,-84,0.23747
distillation,1,-7,0.27447
distillation,0,-99,0.27019
distillation,0,-108,0.23186
distillation,0,-126,0.17107
distillation,1,45,0.26023
distillation,0,-26,0.1877
distillation,0,-42,0.26697
distillation,1,-38,0.24417
distillation,0,-102,0.18835
distillation,1,-27,0.26119
distillation,1,-76,0.24955
distillation,1,-17,0.25734
distillation,1,40,0.2664
distillation,1,-28,0.30122
distillation,0,-88,0.20091
distillation,1,-7,0.27681
distillation,0,-40,0.24927
distillation,1,-32,0.2637
distillation,1,50,0.34693
distillation,1,17,0.30087
distillation,1,-27,0.26602
distillation,1,22,0.32707
distillation,1,8,0.27146
distillation,1,12,0.2401
distillation,1,70,0.32652
distillation,1,6,0.23941
distillation,0,-120,0.19754
distillation,1,5,0.27846
distillation,1,25,0.32648
distillation,0,-106,0.16663
distillation,1,-61,0.20677
distillation,1,-37,0.23879
distillation,1,-6,0.28324
distillation,1,42,0.24805
distillation,1,-33,0.29204
distillation,1,17,0.31684
distillation,1,12,0.32814
distillation,0,-157,0.19916
distillation,1,17,0.34778
distillation,1,-17,0.33217
distillation,1,6,0.27155
distillation,1,-4,0.24887
distillation,1,18,0.30834
distillation,0,-92,0.21546
distillation,1,-44,0.24377
distillation,1,12,0.28498
distillation,0,-74,0.21713
distillation,0,-110,0.18905
distillation,1,72,0.29614
distillation,1,-5,0.30514
distillation,1,44,0.33223
distillation,1,-14,0.28973
distillation,1,-15,0.32854
distillation,1,3,0.33174
distillation,1,-20,0.32892
distillation,0,-66,0.21871
distillation,1,-39,0.27097
distillation,1,40,0.32652
distillation,0,-78,0.25854
distillation,0,-101,0.24138
distillation,1,45,0.3042
distillation,0,-38,0.25589
distillation,0,-56,0.27927
distillation,1,0,0.28353
distillation,1,56,0.31756
distillation,1,34,0.24121
distillation,0,-85,0.25176
distillation,1,69,0.29782
distillation,0,-39,0.26557
distillation,1,-22,0.29212
distillation,1,-50,0.22189
distillation,1,-52,0.23781
distillation,1,-16,0.28248
distillation,0,-88,0.18908
distillation,1,21,0.31158
distillation,1,-40,0.31821
distillation,1,68,0.36455
distillation,1,22,0.26619
distillation,1,3,0.32196
distillation,1,48,0.33702
distillation,1,39,0.34634
distillation,0,-62,0.15167
distillation,1,-68,0.24693
distillation,1,-21,0.30987
distillation,1,-7,0.24253
distillation,1,-47,0.28192
distillation,0,-48,0.2404
distillation,1,1,0.25621
distillation,1,24,0.28189
distillation,1,-34,0.27388
distillation,1,-21,0.2836
distillation,0,-67,0.24992
distillation,0,-64,0.27257
distillation,1,-24,0.32172
distillation,1,45,0.27291
distillation,0,-86,0.19822
distillation,1,8,0.30762
distillation,1,-64,0.26137
distillation,1,-52,0.26489
distillation,0,-61,0.2644
distillation,0,-45,0.25526
distillation,1,18,0.31024
distillation,1,16,0.33229
distillation,1,15,0.28909
distillation,1,18,0.32058
distillation,0,-75,0.25288
distillation,0,-52,0.20871
distillation,0,-52,0.24071
distillation,1,16,0.26623
distillation,0,-114,0.20464
distillation,0,-51,0.27274
distillation,0,-48,0.19071
distillation,1,-14,0.23052
distillation,1,-33,0.27292
distillation,1,-7,0.23669
distillation,1,-36,0.27996
distillation,0,-127,0.23161
distillation,1,-23,0.29812
distillation,1,-19,0.16956
distillation,1,-4,0.2708
distillation,1,-35,0.24452
distillation,0,-117,0.21719
distillation,0,-50,0.2557
distillation,1,-18,0.30564
distillation,0,-100,0.19717
distillation,1,-49,0.26933
distillation,0,-176,0.09234
distillation,1,18,0.27691
distillation,1,28,0.31632
distillation,1,-41,0.27654
distillation,1,-7,0.24085
distillation,1,-45,0.27743
distillation,0,-93,0.23574
distillation,1,17,0.28102
distillation,1,-12,0.31351
distillation,0,-143,0.17257
distillation,0,-64,0.24041
distillation,0,-103,0.16401
distillation,1,-58,0.29613
distillation,1,7,0.23799
distillation,0,-67,0.2091
distillation,1,105,0.30179
distillation,1,17,0.27605
distillation,1,-5,0.24569
distillation,0,-76,0.2405
distillation,1,80,0.30649
distillation,1,22,0.29878
distillation,1,-5,0.3299
distillation,1,-19,0.19862
distillation,1,-1,0.32253
distillation,1,6,0.30087
distillation,1,-22,0.23267
distillation,1,70,0.32314
distillation,0,-59,0.25931
distillation,1,-8,0.23892
distillation,0,-109,0.16707
distillation,1,1,0.30432
distillation,1,13,0.28964
distillation,1,6,0.26223
distillation,0,-84,0.18475
distillation,1,4,0.29642
distillation,1,-39,0.20693
distillation,1,50,0.28307
distillation,1,-40,0.26821
distillation,1,-6,0.23499
distillation,1,-29,0.25506
distillation,1,-8,0.24217
distillation,1,-34,0.35437
distillation,1,-55,0.28777
distillation,0,-186,0.17184
distillation,0,-84,0.19549
distillation,1,-17,0.35823
distillation,0,-59,0.22963
distillation,1,-19,0.21174
distillation,1,-37,0.27026
distillation,1,23,0.35053
distillation,1,-17,0.34778
distillation,1,-9,0.31386
distillation,1,-93,0.23876
distillation,1,-16,0.23895
distillation,1,46,0.34405
distillation,0,-115,0.22219
distillation,0,-99,0.23239
distillation,1,-18,0.28431
distillation,1,-12,0.25856
distillation,0,-84,0.2181
distillation,1,27,0.31651
distillation,0,-72,0.19905
distillation,0,-68,0.26063
distillation,1,-9,0.26877
distillation,1,-55,0.2047
distillation,1,63,0.31328
distillation,1,81,0.30681
distillation,1,50,0.28856
distillation,1,-30,0.29576
distillation,0,-50,0.28943
distillation,1,-26,0.25884
distillation,1,21,0.28673
distillation,0,-41,0.2736
distillation,0,-30,0.30722
distillation,1,-3,0.32576
distillation,1,44,0.38819
distillation,1,-76,0.27294
distillation,0,-56,0.2394
distillation,1,62,0.26427
distillation,0,-67,0.25839
distillation,1,-11,0.30556
distillation,1,14,0.36556
distillation,1,15,0.28935
distillation,0,-152,0.18606
distillation,1,-41,0.2716
distillation,0,-163,0.1378
distillation,0,-83,0.21922
distillation,1,6,0.32774
distillation,1,-54,0.27425
distillation,1,60,0.29221
distillation,0,-40,0.25426
distillation,1,48,0.34853
distillation,1,-26,0.23808
distillation,1,-16,0.30225
distillation,1,51,0.35738
distillation,1,-28,0.24756
distillation,1,58,0.28879
distillation,1,58,0.35968
distillation,0,-65,0.1819
distillation,1,16,0.28619
distillation,1,78,0.31506
distillation,1,84,0.3187
distillation,1,34,0.33279
distillation,1,-50,0.30468
distillation,1,13,0.30438
distillation,1,-25,0.24137
distillation,1,-9,0.29767
distillation,1,-57,0.29981
distillation,1,-37,0.26809
distillation,0,-68,0.24514
distillation,1,-3,0.26186
distillation,1,23,0.33401
distillation,0,-78,0.23273
distillation,0,-116,0.18053
distillation,0,-89,0.2171
distillation,1,61,0.36837
distillation,1,84,0.3133
distillation,1,60,0.32414
distillation,1,-32,0.27803
distillation,1,116,0.33963
distillation,0,-113,0.17981
distillation,1,-105,0.2617
distillation,1,33,0.30476
distillation,1,3,0.26971
distillation,1,-78,0.23327
distillation,1,-36,0.29036
distillation,1,-33,0.28371
distillation,1,-12,0.24821
distillation,1,26,0.28743
distillation,1,11,0.29674
distillation,1,-15,0.33887
distillation,1,-16,0.26205
distillation,1,36,0.31705
distillation,1,25,0.34915
distillation,0,-91,0.22313
distillation,1,9,0.23808
distillation,1,-3,0.24728
distillation,1,-20,0.27502
distillation,0,-67,0.23957
distillation,0,-118,0.17599
distillation,1,42,0.27657
distillation,1,-30,0.25489
distillation,1,53,0.28077
distillation,0,-55,0.25736
distillation,1,84,0.29668
distillation,1,-3,0.24121
distillation,1,55,0.31112
distillation,1,124,0.31353
distillation,1,69,0.28739
distillation,1,67,0.36391
distillation,1,12,0.26829
distillation,1,34,0.29608
distillation,1,20,0.33524
distillation,0,-76,0.28406
distillation,0,-178,0.02301
distillation,1,-41,0.17776
distillation,1,-106,0.25672
distillation,1,10,0.22401
distillation,1,-66,0.29901
distillation,1,34,0.25424
distillation,1,-55,0.21889
distillation,1,-10,0.25491
distillation,1,9,0.28031
distillation,0,-72,0.2217
distillation,1,-28,0.20498
distillation,1,-27,0.23185
distillation,1,-13,0.30629
distillation,0,-95,0.15135
distillation,1,11,0.33333
distillation,1,-20,0.31593
distillation,1,-25,0.21675
distillation,1,-67,0.26688
distillation,1,-13,0.29881
distillation,1,-7,0.26149
distillation,1,16,0.3136
distillation,1,81,0.25761
distillation,1,-73,0.26928
distillation,1,52,0.28485
distillation,1,-3,0.32423
distillation,1,-39,0.24214
distillation,1,-54,0.1938
distillation,1,-28,0.26451
distillation,1,-13,0.339
distillation,1,15,0.3133
distillation,1,-42,0.28407
distillation,1,62,0.31033
distillation,1,-13,0.24946
distillation,1,57,0.36831
distillation,1,-12,0.28877
distillation,0,-39,0.21476
distillation,0,-104,0.18441
distillation,0,-88,0.17536
distillation,1,-1,0.31606
distillation,0,-105,0.18625
distillation,1,23,0.29237
distillation,1,-20,0.25775
distillation,0,-177,-0.04042
distillation,0,-25,0.30914
distillation,0,-49,0.2913
distillation,1,10,0.33323
distillation,1,-28,0.3011
distillation,1,42,0.30866
distillation,1,-3,0.33354
distillation,1,-20,0.3202
distillation,1,3,0.30475
distillation,1,-2,0.29925
distillation,1,-12,0.2747
distillation,1,-36,0.26366
distillation,1,4,0.33444
distillation,1,-24,0.29986
distillation,0,-176,0.07714
distillation,1,-11,0.28335
distillation,1,-67,0.24269
distillation,1,-66,0.27625
distillation,0,-108,0.17421
distillation,1,-3,0.36124
distillation,1,-40,0.29698
distillation,1,-17,0.30006
distillation,1,-2,0.34353
distillation,1,-64,0.23027
distillation,1,19,0.33822
distillation,1,-42,0.24607
distillation,1,32,0.35314
distillation,0,-82,0.24928
distillation,0,-41,0.27731
distillation,1,2,0.29341
distillation,1,8,0.3402
distillation,1,-49,0.2951
distillation,1,-3,0.33171
distillation,0,-93,0.17874
distillation,0,-56,0.19072
distillation,1,14,0.27848
distillation,0,-111,0.2
distillation,1,-30,0.30276
distillation,0,-193,0.10123
distillation,0,-50,0.22614
distillation,1,-3,0.32712
distillation,0,-67,0.20344
distillation,0,-65,0.245
distillation,1,31,0.30482
distillation,1,-6,0.28761
distillation,1,55,0.28295
distillation,1,44,0.28233
distillation,1,-77,0.28111
distillation,0,-92,0.18435
distillation,1,-18,0.31724
distillation,1,-14,0.29351
distillation,1,-98,0.22954
distillation,1,-14,0.31966
distillation,0,-35,0.26711
distillation,0,-140,0.22999
distillation,0,-56,0.17859
distillation,1,17,0.24198
distillation,1,61,0.27214
distillation,0,-124,0.15363
distillation,0,-130,0.22979
distillation,1,49,0.31998
distillation,0,-55,0.22
distillation,1,10,0.27789
distillation,1,-12,0.27527
distillation,1,-55,0.23821
distillation,0,-101,0.23053
distillation,1,9,0.31353
distillation,1,78,0.30156
distillation,1,66,0.29603
distillation,1,-15,0.19255
distillation,1,-37,0.26324
distillation,0,-74,0.24959
distillation,1,-30,0.27785
distillation,1,-16,0.27759
distillation,1,29,0.28471
distillation,1,45,0.31894
distillation,1,57,0.31943
distillation,1,-38,0.2936
distillation,0,-136,0.11143
distillation,1,-13,0.30672
distillation,1,-13,0.27087
distillation,1,3,0.30324
distillation,0,-81,0.26985
distillation,1,-22,0.26958
distillation,1,-55,0.26404
distillation,1,35,0.29332
distillation,1,-10,0.27941
distillation,0,-87,0.20384
distillation,1,74,0.37549
distillation,1,8,0.27015
distillation,1,14,0.20453
distillation,1,52,0.33548
distillation,1,-74,0.21829
distillation,0,-77,0.15698
distillation,1,-5,0.31037
distillation,1,-27,0.29665
distillation,1,-55,0.33503
distillation,1,-47,0.27976
distillation,1,-39,0.21819
distillation,1,-29,0.28669
distillation,1,-41,0.28341
distillation,1,-66,0.26501
distillation,0,-166,0.10567
distillation,1,33,0.32883
distillation,1,-56,0.22812
distillation,0,-96,0.19421
distillation,1,7,0.33837
distillation,0,-47,0.23447
distillation,1,-31,0.23233
distillation,0,-75,0.20583
distillation,0,-57,0.24558
distillation,0,-51,0.1872
distillation,1,-31,0.27459
distillation,0,-69,0.21365
distillation,1,-25,0.27193
distillation,1,-40,0.26125
distillation,0,-102,0.188
distillation,1,-51,0.21255
distillation,1,-36,0.2369
distillation,1,-10,0.24266
distillation,0,-41,0.26956
distillation,1,-46,0.25491
distillation,1,-19,0.2746
distillation,0,-72,0.25104
distillation,1,-26,0.29749
distillation,0,-96,0.22042
distillation,1,19,0.30196
distillation,0,-71,0.22563
distillation,0,-68,0.27479
distillation,0,-58,0.20185
distillation,1,75,0.3418
distillation,1,-37,0.28487
distillation,1,-68,0.27415
distillation,1,-7,0.33593
distillation,0,-131,0.20112
distillation,1,-58,0.30387
distillation,1,28,0.3139
distillation,1,-9,0.33193
distillation,1,34,0.33054
distillation,0,-45,0.29302
distillation,0,-63,0.27285
distillation,0,-111,0.14142
distillation,1,-43,0.22956
distillation,1,83,0.29833
distillation,1,28,0.30522
distillation,1,33,0.2922
distillation,0,-177,0.06801
distillation,0,-66,0.23281
distillation,1,-13,0.2657
distillation,0,-24,0.28041
distillation,0,-55,0.2277
distillation,1,44,0.3653
distillation,0,-112,0.14128
distillation,0,-127,0.23292
distillation,0,-82,0.23821
distillation,0,-105,0.22639
distillation,1,-40,0.27264
distillation,1,49,0.32644
distillation,1,-20,0.31168
distillation,0,-91,0.21802
distillation,0,-28,0.24653
distillation,0,-104,0.21584
distillation,1,80,0.32586
distillation,1,-26,0.26687
distillation,1,2,0.2673
distillation,1,31,0.29639
distillation,1,-30,0.29836
distillation,1,26,0.29271
distillation,1,55,0.31796
distillation,1,16,0.28848
distillation,1,-25,0.2295
distillation,0,-75,0.26014
distillation,0,-64,0.25735
distillation,0,-62,0.23252
distillation,1,-75,0.25641
distillation,1,-26,0.23469
distillation,1,-32,0.26802
distillation,1,5,0.27015
distillation,0,-191,0.17971
distillation,1,87,0.33541
distillation,0,-135,0.12617
distillation,1,9,0.32671
distillation,1,-20,0.26051
distillation,1,41,0.33983
distillation,0,-79,0.22003
distillation,0,-43,0.26693
distillation,0,-126,0.20213
distillation,1,58,0.32866
distillation,1,-2,0.27754
distillation,1,-64,0.26175
distillation,1,-12,0.26196
distillation,1,-23,0.31627
distillation,1,-1,0.32292
distillation,1,-10,0.2741
distillation,1,-32,0.27871
distillation,0,-48,0.23755
distillation,0,-56,0.22415
distillation,1,-11,0.2658
distillation,1,-16,0.27688
distillation,1,-8,0.29974
distillation,1,-1,0.30689
distillation,1,-18,0.27119
distillation,1,13,0.33239
distillation,0,-81,0.20433
distillation,1,36,0.2999
distillation,1,39,0.28066
distillation,0,-121,0.23073
distillation,1,-63,0.27666
distillation,1,-46,0.29072
distillation,1,61,0.3381
distillation,0,-46,0.25929
distillation,1,-1,0.30546
distillation,1,28,0.32672
distillation,1,-50,0.29385
distillation,1,6,0.28031
distillation,1,11,0.3077
distillation,1,-39,0.27767
distillation,1,-58,0.27757
distillation,0,-62,0.25393
distillation,1,-1,0.31528
distillation,0,-81,0.18111
distillation,0,-103,0.19797
distillation,1,64,0.34794
distillation,1,-94,0.20407
distillation,1,-67,0.25044
distillation,1,64,0.34866
distillation,1,31,0.24572
distillation,0,-77,0.18126
distillation,1,28,0.27379
distillation,1,26,0.28456
distillation,1,-19,0.24855
distillation,0,-81,0.1986
distillation,1,59,0.30775
distillation,0,-104,0.08446
distillation,0,-71,0.16276
distillation,1,86,0.29809
distillation,1,17,0.32734
distillation,1,40,0.28006
distillation,1,-27,0.27154
distillation,1,3,0.25369
distillation,1,7,0.29213
distillation,1,-24,0.23118
distillation,0,-74,0.22953
distillation,1,18,0.328
distillation,1,1,0.29022
distillation,1,27,0.32149
distillation,1,-54,0.27622
distillation,0,-75,0.22717
distillation,1,-2,0.25429
distillation,1,-6,0.33797
distillation,1,78,0.30556
distillation,1,2,0.32235
distillation,1,-3,0.24029
distillation,1,-22,0.27117
distillation,1,-4,0.25427
distillation,0,-48,0.26916
distillation,1,-30,0.29575
distillation,1,-12,0.30914
distillation,1,-28,0.28887
distillation,0,-91,0.22467
distillation,1,-26,0.29379
distillation,1,2,0.28144
distillation,1,24,0.26512
distillation,1,-37,0.2823
distillation,0,-134,0.15695
distillation,1,-22,0.24323
distillation,1,-94,0.20996
distillation,1,34,0.29374
distillation,1,-45,0.21632
distillation,1,-49,0.296
distillation,1,-50,0.26497
distillation,1,0,0.29321
distillation,1,25,0.29525
distillation,0,-88,0.03076
distillation,1,75,0.33129
distillation,1,-25,0.285
distillation,0,-61,0.21299
distillation,1,-93,0.28988
distillation,1,55,0.32995
distillation,1,-16,0.30133
distillation,1,-9,0.26911
distillation,0,-45,0.28691
distillation,1,-10,0.2763
distillation,1,-40,0.26656
distillation,1,48,0.27206
distillation,1,39,0.34531
distillation,1,-39,0.27721
distillation,1,-20,0.25308
distillation,1,-60,0.26297
distillation,0,-99,0.22767
distillation,1,94,0.29422
distillation,1,-39,0.26181
distillation,1,17,0.3526
distillation,0,-103,0.21886
distillation,1,-72,0.2738
distillation,0,-57,0.22591
distillation,1,9,0.31257
distillation,1,-3,0.31229
distillation,1,-29,0.27345
distillation,1,33,0.26764
distillation,1,-35,0.2386
distillation,1,11,0.30372
distillation,1,35,0.26966
distillation,0,-65,0.26756
distillation,1,-56,0.29166
distillation,1,-78,0.27197
distillation,1,4,0.36131
distillation,1,-50,0.24274
distillation,1,8,0.30481
distillation,0,-93,0.21405
distillation,0,-95,0.23563
distillation,1,-36,0.31374
distillation,0,-53,0.13921
distillation,0,-73,0.18988
distillation,1,-38,0.27964
distillation,1,31,0.29181
distillation,1,-4,0.29642
distillation,1,29,0.30406
distillation,0,-114,0.23209
distillation,1,13,0.33007
distillation,1,46,0.35373
distillation,0,-98,0.1753
distillation,1,29,0.31866
distillation,0,-73,0.23343
distillation,1,-39,0.23273
distillation,0,-51,0.28378
distillation,1,25,0.27393
distillation,1,61,0.30718
distillation,1,19,0.30708
distillation,1,-31,0.32252
distillation,1,-41,0.21957
distillation,1,-44,0.30117
distillation,1,-59,0.27865
distillation,1,-38,0.25815
distillation,0,-33,0.2898
distillation,1,-12,0.31059
distillation,0,-123,0.20964
distillation,0,-72,0.2252
distillation,0,-56,0.2508
distillation,0,-128,0.18263
distillation,0,-60,0.22061
distillation,1,-5,0.2574
distillation,1,40,0.3114
distillation,1,-5,0.30298
distillation,0,-186,0.10381
distillation,1,6,0.24504
distillation,1,-44,0.26744
distillation,1,-5,0.29278
distillation,0,-119,0.2095
distillation,1,16,0.27905
distillation,1,6,0.27828
distillation,0,-50,0.23303
distillation,1,-24,0.23534
distillation,1,-86,0.19796
distillation,0,-97,0.20623
distillation,0,-49,0.24491
distillation,0,-122,0.2407
distillation,0,-104,0.22577
distillation,1,-58,0.2655
distillation,1,51,0.30041
distillation,0,-86,0.24184
distillation,0,-28,0.18336
distillation,1,62,0.32553
distillation,1,18,0.33831
distillation,0,-130,0.13112
distillation,1,9,0.36005
distillation,0,-114,0.21858
distillation,1,-1,0.31283
distillation,1,43,0.33202
distillation,0,-152,0.13324
distillation,1,27,0.2736
distillation,1,-30,0.23066
distillation,1,36,0.31873
distillation,1,-31,0.17552
distillation,1,5,0.29878
distillation,1,10,0.29322
distillation,1,39,0.29548
distillation,1,12,0.23228
distillation,1,-34,0.22291
distillation,1,22,0.3138
distillation,1,-80,0.26276
distillation,1,75,0.32749
distillation,0,-75,0.18465
distillation,0,-83,0.25347
distillation,1,-41,0.27629
distillation,1,12,0.29881
distillation,1,1,0.27387
distillation,1,-4,0.2553
distillation,1,-44,0.23979
distillation,0,-88,0.22649
distillation,1,-60,0.24128
distillation,1,-2,0.28801
distillation,1,-9,0.26932
distillation,0,-50,0.18202
distillation,1,-6,0.29491
distillation,1,-68,0.26812
distillation,1,-50,0.26716
distillation,1,-19,0.28918
distillation,1,6,0.28656
distillation,1,-23,0.2581
distillation,1,-12,0.30175
distillation,1,-39,0.31287
distillation,1,-41,0.28406
distillation,1,-18,0.24705
distillation,0,-161,0.12575
distillation,0,-53,0.22349
distillation,1,-45,0.26456
distillation,0,-59,0.2463
distillation,1,-12,0.27147
distillation,1,-40,0.22466
distillation,1,-52,0.261
distillation,1,-6,0.3224
distillation,0,-57,0.2168
distillation,1,-48,0.28504
distillation,1,10,0.31786
distillation,1,-75,0.25872
distillation,1,0,0.31592
distillation,1,-25,0.24131
distillation,1,-6,0.30446
distillation,1,-8,0.27531
distillation,1,-29,0.28617
distillation,1,-27,0.30374
distillation,1,-14,0.33976
distillation,1,-49,0.28699
distillation,0,-28,0.2791
distillation,0,-50,0.27553
distillation,0,-57,0.29306
distillation,0,-53,0.25589
distillation,1,-13,0.24499
distillation,0,-66,0.25652
distillation,0,-49,0.23866
distillation,1,-10,0.29183
distillation,1,-23,0.29082
distillation,1,18,0.28266
distillation,1,33,0.38705
distillation,0,-87,0.18508
distillation,0,-47,0.25249
distillation,0,-154,0.11981
distillation,1,-24,0.28203
distillation,1,12,0.27918
distillation,0,-74,0.24293
distillation,1,-16,0.29916
distillation,1,-13,0.2516
distillation,0,-39,0.26551
distillation,1,-19,0.30864
distillation,1,82,0.33466
distillation,0,-188,0.0545
distillation,0,-85,0.17824
distillation,1,-37,0.29829
distillation,1,40,0.27238
distillation,0,-48,0.24425
distillation,1,-6,0.23609
distillation,1,31,0.34177
distillation,1,10,0.28189
distillation,0,-69,0.19312
distillation,1,12,0.22126
distillation,1,-36,0.30049
distillation,1,4,0.29239
distillation,1,-8,0.31077
distillation,1,31,0.32061
distillation,1,53,0.33953
distillation,0,-109,0.21606
distillation,1,-30,0.26672
distillation,1,-10,0.28776
distillation,1,27,0.29547
distillation,1,-21,0.24807
distillation,0,-76,0.22844
distillation,0,-104,0.20783
distillation,0,-56,0.17063
distillation,1,-43,0.24952
distillation,0,-64,0.23383
distillation,1,77,0.32725
distillation,0,-68,0.24424
distillation,1,70,0.3056
distillation,0,-122,0.19098
distillation,1,-46,0.23817
distillation,0,-185,0.14323
distillation,0,-267,-0.05042
distillation,1,37,0.3806
distillation,0,-73,0.21899
distillation,1,-7,0.32941
distillation,0,-67,0.24923
distillation,1,61,0.35446
distillation,1,17,0.31002
distillation,0,-110,0.21408
distillation,0,-110,0.19178
distillation,1,32,0.34177
distillation,1,2,0.27937
distillation,1,0,0.31594
distillation,0,-100,0.23253
distillation,1,12,0.23741
distillation,1,-20,0.31272
distillation,1,-16,0.27796
distillation,1,-27,0.26648
distillation,1,1,0.27699
distillation,0,-138,0.21937
distillation,1,-27,0.30715
distillation,1,4,0.29515
distillation,1,-33,0.20057
distillation,0,-49,0.22169
distillation,0,-57,0.21119
distillation,0,-102,0.22389
distillation,1,-28,0.353
distillation,1,-32,0.24654
distillation,1,-83,0.20769
distillation,0,-106,0.18317
distillation,1,53,0.32454
distillation,1,15,0.2745
distillation,1,1,0.2731
distillation,1,-21,0.26021
distillation,1,-1,0.36705
distillation,1,-1,0.34094
distillation,1,-31,0.27009
distillation,1,-7,0.34533
distillation,1,43,0.35301
distillation,1,-14,0.2622
distillation,1,-12,0.32952
distillation,1,-21,0.32451
distillation,1,-45,0.2934
distillation,1,76,0.32119
distillation,1,39,0.31493
distillation,1,-7,0.30708
distillation,1,-53,0.26917
distillation,1,-36,0.26661
distillation,1,1,0.33337
distillation,1,8,0.30699
distillation,1,-9,0.26798
distillation,1,-16,0.27852
distillation,1,-27,0.27964
distillation,1,-30,0.28491
distillation,1,-28,0.28864
distillation,1,-64,0.22018
distillation,1,-8,0.30283
distillation,0,-79,0.21497
distillation,1,8,0.33109
distillation,1,3,0.33276
distillation,0,-73,0.23424
distillation,1,1,0.32586
distillation,0,-163,0.17382
distillation,1,-19,0.30086
distillation,0,-84,0.22499
distillation,0,-119,0.20961
distillation,1,-66,0.25215
distillation,1,61,0.32657
distillation,1,4,0.25906
distillation,1,45,0.32326
distillation,1,-12,0.28401
distillation,0,-75,0.23522
distillation,0,-100,0.24563
distillation,0,-52,0.22755
distillation,1,-4,0.31838
distillation,1,-4,0.31015
distillation,0,-31,0.28761
distillation,1,6,0.32911
distillation,1,-39,0.3045
distillation,0,-78,0.20383
distillation,1,-14,0.30603
distillation,0,-137,0.20565
distillation,1,15,0.29411
distillation,1,44,0.35398
distillation,1,-9,0.29952
distillation,1,-44,0.31672
distillation,1,-23,0.3154
distillation,0,-70,0.2908
distillation,0,-77,0.23667
distillation,1,25,0.33205
distillation,1,14,0.34113
distillation,1,-35,0.31298
distillation,0,-65,0.20087
distillation,1,-39,0.27892
distillation,1,-3,0.32292
distillation,1,33,0.29983
distillation,1,-41,0.26256
distillation,1,31,0.31531
distillation,1,-14,0.29627
distillation,1,14,0.31726
distillation,0,-46,0.20673
distillation,0,-128,0.21633
distillation,0,-130,0.20954
distillation,0,-130,0.19814
distillation,0,-114,0.13844
distillation,0,-120,0.18857
distillation,1,1,0.27184
distillation,1,4,0.28373
distillation,0,-108,0.20858
distillation,1,-87,0.2434
distillation,1,-17,0.30187
distillation,0,-78,0.18174
distillation,0,-72,0.2684
distillation,1,-60,0.2236
distillation,1,64,0.36776
distillation,0,-90,0.2098
distillation,1,-63,0.24972
distillation,1,111,0.30726
distillation,1,-39,0.28256
distillation,1,76,0.33323
distillation,1,-26,0.24681
distillation,0,-107,0.21098
distillation,0,-90,0.19409
distillation,1,-1,0.34106
distillation,1,-2,0.2721
distillation,1,-51,0.30194
distillation,1,-4,0.29907
distillation,1,0,0.28163
distillation,0,-57,0.23763
distillation,1,-12,0.25134
distillation,0,-168,0.08444
distillation,1,-67,0.29196
distillation,1,-34,0.2215
distillation,0,-78,0.20326
distillation,1,7,0.36687
distillation,0,-233,0.08062
distillation,1,17,0.32119
distillation,0,-84,0.23452
distillation,0,-138,0.19332
distillation,1,-51,0.26209
distillation,1,-27,0.30691
distillation,1,-30,0.24023
distillation,1,-25,0.27369
distillation,1,-26,0.21908
distillation,1,10,0.3378
distillation,0,-75,0.20919
distillation,1,-45,0.27794
distillation,1,5,0.28017
distillation,0,-121,0.1932
distillation,1,-17,0.27568
distillation,1,12,0.26034
distillation,1,-12,0.23727
distillation,1,-46,0.24664
distillation,1,-31,0.20093
distillation,0,-56,0.23289
distillation,0,-43,0.25191
distillation,0,-56,0.2199
distillation,1,-43,0.25325
distillation,1,-25,0.29696
distillation,1,-20,0.24786
distillation,1,36,0.25511
distillation,1,-70,0.29339
distillation,1,77,0.27792
distillation,0,-60,0.22601
distillation,1,-42,0.23946
distillation,1,-33,0.23847
distillation,1,5,0.29326
distillation,1,64,0.33187
distillation,1,-4,0.34404
distillation,1,-36,0.28088
distillation,0,-110,0.20769
distillation,1,-29,0.32214
distillation,1,-28,0.26411
distillation,1,25,0.27446
distillation,1,-52,0.20287
distillation,1,-28,0.28592
distillation,0,-51,0.24701
distillation,1,8,0.29569
distillation,1,19,0.30877
distillation,0,-64,0.17834
distillation,1,-43,0.2561
distillation,1,9,0.33031
distillation,0,-51,0.2256
distillation,1,89,0.33344
distillation,0,-83,0.25144
distillation,1,-28,0.31457
distillation,1,-22,0.28364
distillation,1,-52,0.26834
distillation,1,-26,0.29811
distillation,1,12,0.30069
distillation,1,36,0.27859
distillation,0,-85,0.24664
distillation,0,-30,0.2527
distillation,1,-3,0.27089
distillation,1,1,0.32743
distillation,0,-50,0.2635
distillation,0,-91,0.18593
distillation,1,-10,0.25307
distillation,0,-122,0.19368
distillation,0,-171,0.14824
distillation,1,-32,0.31742
distillation,1,3,0.32651
distillation,0,-107,0.16467
distillation,1,3,0.28553
distillation,1,12,0.32707
distillation,0,-84,0.25917
distillation,1,-4,0.31447
distillation,1,-62,0.31684
distillation,1,8,0.33674
distillation,1,57,0.31365
distillation,1,-54,0.2837
distillation,1,-5,0.29895
distillation,1,34,0.34285
distillation,0,-97,0.22379
distillation,1,-23,0.21268
distillation,1,24,0.30987
distillation,1,-40,0.29488
distillation,1,-11,0.30214
distillation,1,-54,0.27346
distillation,0,-163,0.16687
distillation,1,69,0.34001
distillation,1,-7,0.29562
distillation,1,-35,0.30039
distillation,1,-5,0.35532
distillation,1,7,0.32599
distillation,1,-58,0.2858
distillation,1,-46,0.22561
distillation,1,9,0.32558
distillation,1,-28,0.2393
distillation,1,-37,0.28341
distillation,1,16,0.30829
distillation,1,5,0.32804
distillation,0,-121,0.03125
distillation,0,-93,0.23065
distillation,0,-165,0.1763
distillation,1,23,0.23281
distillation,1,-24,0.26281
distillation,0,-44,0.16661
distillation,0,-90,0.21972
distillation,0,-101,0.25633
distillation,0,-94,0.19243
distillation,1,10,0.27427
distillation,1,52,0.28939
distillation,1,-51,0.27744
distillation,0,-37,0.26229
distillation,1,20,0.28564
distillation,1,-22,0.23115
distillation,1,-8,0.29362
distillation,1,-90,0.23992
distillation,1,-7,0.30144
distillation,0,-128,0.18669
distillation,1,63,0.35506
distillation,0,-141,0.01446
distillation,0,-74,0.24185
distillation,1,95,0.32047
distillation,1,-24,0.302
distillation,1,77,0.31214
distillation,0,-65,0.24329
distillation,1,70,0.32815
distillation,1,-1,0.22406
distillation,1,21,0.31443
distillation,1,-71,0.265
distillation,1,-47,0.26114
distillation,1,-28,0.29718
distillation,1,52,0.27467
distillation,1,-51,0.21129
distillation,1,-76,0.2214
distillation,1,-75,0.26644
distillation,1,-18,0.29475
distillation,0,-68,0.2252
distillation,1,36,0.30597
distillation,1,-12,0.28494
distillation,1,-12,0.2705
distillation,1,-37,0.25853
distillation,1,-59,0.28188
distillation,1,-46,0.28501
distillation,1,-33,0.26348
distillation,0,-46,0.26759
distillation,1,-38,0.25705
distillation,0,-69,0.24463
distillation,1,5,0.28395
distillation,1,-28,0.29571
distillation,1,-28,0.24536
distillation,1,20,0.29385
distillation,1,-4,0.24089
distillation,1,-29,0.27729
distillation,0,-76,0.18292
distillation,0,-128,0.16044
distillation,1,27,0.31498
distillation,0,-65,0.23125
distillation,0,-129,0.14931
distillation,1,-57,0.2545
distillation,0,-169,0.19671
distillation,1,-1,0.30271
distillation,0,-76,0.18547
distillation,1,-37,0.25831
distillation,1,-16,0.32919
distillation,1,11,0.31275
distillation,1,53,0.34022
distillation,1,57,0.30886
distillation,1,-59,0.25371
distillation,1,102,0.31712
distillation,1,16,0.29701
distillation,0,-87,0.16773
distillation,1,-40,0.28964
distillation,1,-7,0.33152
distillation,1,3,0.31997
distillation,0,-88,0.19824
distillation,0,-63,0.2156
distillation,1,17,0.30213
distillation,1,-17,0.27493
distillation,1,-37,0.28565
distillation,1,123,0.36805
distillation,0,-152,0.19334
distillation,1,-12,0.24836
distillation,1,-45,0.23633
distillation,1,25,0.3309
distillation,1,91,0.33319
distillation,1,-34,0.27999
distillation,1,60,0.32193
distillation,1,-29,0.25063
distillation,0,-59,0.23471
distillation,1,1,0.34375
distillation,1,55,0.26059
distillation,0,-57,0.26822
distillation,0,-46,0.25749
distillation,1,-29,0.28226
distillation,1,-52,0.25709
distillation,1,21,0.24667
distillation,0,-145,0.17588
distillation,1,-23,0.28101
distillation,0,-104,0.17587
distillation,1,-7,0.26478
distillation,1,-28,0.32937
distillation,0,-140,0.21572
distillation,0,-126,0.18069
distillation,1,-16,0.33494
distillation,1,-74,0.28098
distillation,1,-31,0.30199
distillation,1,-22,0.27812
distillation,1,15,0.33757
distillation,1,-12,0.31015
distillation,1,-9,0.31886
distillation,1,36,0.29943
distillation,1,-33,0.22619
distillation,0,-72,0.26799
distillation,1,0,0.20925
distillation,1,19,0.31112
distillation,1,78,0.35159
distillation,0,-88,0.19353
distillation,1,102,0.33441
distillation,1,-69,0.25482
distillation,1,-16,0.24629
distillation,1,49,0.30101
distillation,0,-69,0.22092
distillation,0,-88,0.21594
distillation,1,-36,0.25915
distillation,1,23,0.30535
distillation,1,-16,0.31423
distillation,0,-89,0.19382
distillation,1,-25,0.2856
distillation,1,40,0.34816
distillation,1,2,0.24403
distillation,1,5,0.2766
distillation,1,-32,0.22638
distillation,1,67,0.32189
distillation,1,99,0.29663
distillation,0,-66,0.21593
distillation,0,-111,0.22112
distillation,0,-40,0.2708
distillation,1,53,0.35793
distillation,1,-1,0.30045
distillation,1,26,0.33254
distillation,0,-120,0.14627
distillation,1,78,0.33463
distillation,1,-34,0.2846
distillation,0,-84,0.14577
distillation,0,-160,0.11661
distillation,1,-29,0.27485
distillation,1,6,0.30502
distillation,1,4,0.31383
distillation,0,-138,0.11723
distillation,0,-61,0.24744
distillation,0,-72,0.25569
distillation,1,-7,0.32706
distillation,1,0,0.32783
distillation,1,-26,0.1923
distillation,1,-43,0.26145
distillation,1,-14,0.2902
distillation,1,-17,0.3235
distillation,0,-77,0.28082
distillation,1,-1,0.27503
distillation,1,-62,0.24434
distillation,1,-13,0.26999
distillation,0,-56,0.2037
distillation,0,-79,0.23942
distillation,0,-117,0.14067
distillation,1,35,0.26348
distillation,1,-4,0.33367
distillation,1,7,0.35835
distillation,1,-5,0.34671
distillation,0,-86,0.24935
distillation,1,-79,0.25363
distillation,1,-12,0.34917
distillation,1,28,0.3362
distillation,1,-3,0.25697
distillation,0,-112,0.17113
distillation,0,-77,0.26163
distillation,0,-51,0.18759
distillation,1,15,0.31907
distillation,0,-84,0.18974
distillation,0,-147,0.1527
distillation,1,10,0.24805
distillation,1,13,0.28672
distillation,1,-58,0.26312
distillation,1,46,0.30212
distillation,0,-43,0.25334
distillation,1,18,0.28831
distillation,0,-54,0.26923
distillation,1,-49,0.25889
distillation,1,85,0.32064
distillation,1,-38,0.22699
distillation,1,-35,0.24007
distillation,1,9,0.36025
distillation,0,-84,0.22776
distillation,1,39,0.26952
distillation,1,-1,0.2744
distillation,1,-9,0.24132
distillation,1,6,0.27889
distillation,1,98,0.34397
distillation,1,-15,0.31829
distillation,1,41,0.27615
distillation,1,-3,0.27309
distillation,0,-82,0.23552
distillation,1,-8,0.29459
distillation,1,-62,0.23881
distillation,1,-51,0.30698
distillation,1,21,0.27197
distillation,1,3,0.29513
distillation,1,-15,0.29489
distillation,1,5,0.32138
distillation,1,38,0.30761
distillation,1,53,0.28989
distillation,0,-58,0.27665
distillation,0,-91,0.20396
distillation,0,-63,0.19854
distillation,1,-25,0.30447
distillation,0,-94,0.20093
distillation,1,-26,0.30744
distillation,1,-23,0.308
distillation,0,-79,0.20961
distillation,1,-66,0.30486
distillation,1,25,0.32087
distillation,0,-200,0.10213
distillation,1,-50,0.34104
distillation,1,-13,0.3212
distillation,1,36,0.32042
distillation,1,-63,0.24904
distillation,1,51,0.33284
distillation,1,13,0.2852
distillation,0,-94,0.17624
distillation,0,-66,0.25853
distillation,1,-4,0.2728
distillation,0,-166,0.12757
distillation,0,-111,0.14798
distillation,1,-31,0.23339
distillation,1,-27,0.311
distillation,1,-77,0.2191
distillation,1,22,0.33355
distillation,0,-169,0.09719
distillation,1,-44,0.28058
distillation,1,-31,0.2898
distillation,0,-62,0.1827
distillation,1,-3,0.29446
distillation,0,-108,0.23465
distillation,1,-33,0.25113
distillation,1,-34,0.28993
distillation,0,-97,0.20681
distillation,0,-60,0.25138
distillation,1,-47,0.26197
distillation,1,-60,0.3235
distillation,0,-124,0.1959
distillation,0,-243,0.08267
distillation,1,9,0.32246
distillation,1,-29,0.31443
distillation,0,-129,0.00994
distillation,1,-11,0.34796
distillation,1,16,0.23099
distillation,1,-58,0.29422
distillation,0,-95,0.20422
distillation,1,-38,0.26653
distillation,0,-37,0.27638
distillation,1,-21,0.25491
distillation,1,-2,0.22721
distillation,1,-13,0.20521
distillation,1,-26,0.27664
distillation,1,4,0.29011
distillation,1,13,0.33128
distillation,1,-69,0.27215
distillation,1,-13,0.30454
distillation,1,71,0.30615
distillation,1,-33,0.30949
distillation,1,-7,0.32051
distillation,1,-41,0.29636
distillation,1,29,0.27721
distillation,0,-95,0.20938
distillation,1,-1,0.23908
distillation,0,-97,0.15769
distillation,0,-110,0.22106
distillation,1,7,0.28134
distillation,1,48,0.28514
distillation,0,-108,0.12053
distillation,1,-23,0.28197
distillation,1,-61,0.25006
distillation,1,28,0.31214
distillation,1,-39,0.28791
distillation,1,5,0.21819
distillation,1,-17,0.28854
distillation,1,-15,0.2769
distillation,1,15,0.30071
distillation,1,-3,0.3121
distillation,0,-65,0.23528
distillation,0,-187,0.15
distillation,1,96,0.3195
distillation,0,-166,0.15469
distillation,0,-109,0.20257
distillation,1,27,0.31226
distillation,1,-17,0.36951
distillation,1,-17,0.28032
distillation,1,-28,0.26908
distillation,0,-197,0.11269
distillation,1,-18,0.26248
distillation,0,-122,0.21802
distillation,1,-13,0.30893
distillation,1,84,0.29371
distillation,1,-39,0.2529
distillation,0,-81,0.26342
distillation,1,-11,0.25325
distillation,1,-38,0.25493
distillation,0,-226,-0.07891
distillation,0,-66,0.23483
distillation,1,20,0.31551
distillation,1,-29,0.28349
distillation,1,15,0.27639
distillation,1,-8,0.2897
distillation,1,27,0.32806
distillation,1,-2,0.22718
distillation,1,-43,0.29012
distillation,1,50,0.31144
distillation,1,-49,0.25433
distillation,1,34,0.3116
distillation,1,-36,0.1994
distillation,1,-26,0.31144
distillation,0,-60,0.20638
distillation,0,-58,0.22511
distillation,1,20,0.23567
distillation,1,-48,0.27396
distillation,1,-3,0.28743
distillation,1,-28,0.26013
distillation,1,-34,0.24706
distillation,1,6,0.29677
distillation,0,-114,0.20157
distillation,1,-46,0.2481
distillation,1,23,0.29209
distillation,0,-47,0.26879
distillation,1,-32,0.2883
distillation,1,-35,0.2022
distillation,1,8,0.33471
distillation,1,-26,0.31029
distillation,1,72,0.30209
distillation,1,-28,0.28918
distillation,1,-2,0.31155
distillation,0,-54,0.18049
distillation,1,-48,0.30073
distillation,0,-78,0.21643
distillation,0,-155,0.15565
distillation,1,-12,0.2404
distillation,1,80,0.31454
distillation,1,23,0.32676
distillation,1,-71,0.2603
distillation,1,6,0.31625
distillation,1,68,0.3382
distillation,1,14,0.31971
distillation,1,22,0.30583
distillation,0,-66,0.24915
distillation,1,110,0.30552
distillation,1,-41,0.27709
distillation,1,12,0.34593
distillation,1,-51,0.25551
distillation,1,-56,0.28823
distillation,0,-87,0.2077
distillation,1,-60,0.26776
distillation,0,-98,0.23938
distillation,1,-10,0.2962
distillation,0,-52,0.24379
distillation,0,-51,0.23564
distillation,1,-24,0.33109
distillation,0,-273,0.05228
distillation,1,-43,0.28737
distillation,1,40,0.34508
distillation,0,-143,0.19987
distillation,1,-10,0.313
distillation,1,-32,0.28542
distillation,1,19,0.34538
distillation,0,-115,0.21323
distillation,0,-59,0.2491
distillation,0,-76,0.22033
distillation,1,-35,0.29428
distillation,1,-34,0.26759
distillation,1,20,0.27018
distillation,1,1,0.34734
distillation,0,-89,0.2003
distillation,0,-47,0.27116
distillation,1,2,0.34039
distillation,0,-63,0.20451
distillation,1,-26,0.29971
distillation,0,-55,0.22153
distillation,1,-46,0.26228
distillation,1,-28,0.29243
distillation,1,-24,0.27733
distillation,1,37,0.26246
distillation,1,-24,0.29451
distillation,0,-23,0.2683
distillation,0,-62,0.22778
distillation,1,138,0.3677
distillation,1,-51,0.27262
distillation,1,3,0.3634
distillation,0,-77,0.223
distillation,0,-210,0.11276
distillation,1,16,0.25485
distillation,1,-34,0.27029
distillation,0,-50,0.28943
distillation,0,-72,0.25341
distillation,1,-25,0.26476
distillation,1,-1,0.22737
distillation,1,28,0.25993
distillation,0,-49,0.18497
distillation,1,-22,0.25214
distillation,1,5,0.32993
distillation,1,-47,0.24857
distillation,0,-104,0.15678
distillation,1,16,0.27849
distillation,1,39,0.30248
distillation,1,-94,0.23996
distillation,1,-1,0.30342
distillation,1,17,0.34369
distillation,1,33,0.33891
distillation,0,-107,0.19053
distillation,0,-50,0.25641
distillation,1,30,0.31347
distillation,1,-42,0.29461
distillation,1,102,0.31255
distillation,0,-190,0.0908
distillation,0,-147,0.17576
distillation,1,27,0.31057
distillation,1,2,0.30898
distillation,1,-37,0.29969
distillation,0,-43,0.22885
distillation,1,-45,0.26119
distillation,1,-6,0.32373
distillation,1,-37,0.21988
distillation,1,4,0.29297
distillation,1,56,0.29722
distillation,0,-69,0.222
distillation,1,40,0.31157
distillation,1,-30,0.24359
distillation,1,41,0.2942
distillation,1,-28,0.26484
distillation,1,31,0.32431
distillation,1,35,0.31168
distillation,1,-23,0.31603
distillation,1,8,0.27357
distillation,0,-134,0.12214
distillation,0,-75,0.20346
distillation,1,-22,0.22375
distillation,0,-73,0.19909
distillation,1,-26,0.22329
distillation,0,-47,0.24539
distillation,0,-45,0.27039
distillation,1,-30,0.27179
distillation,0,-70,0.1895
distillation,1,-29,0.30501
distillation,1,56,0.29441
distillation,1,-45,0.26443
distillation,0,-82,0.15055
distillation,1,-4,0.24663
distillation,1,17,0.268
distillation,1,42,0.29594
distillation,1,1,0.27548
distillation,0,-104,0.12583
distillation,1,16,0.27461
distillation,1,11,0.30213
distillation,1,4,0.24034
distillation,1,0,0.27586
distillation,1,53,0.30796
distillation,1,17,0.3119
distillation,1,10,0.26496
distillation,1,2,0.31968
distillation,1,-53,0.22342
distillation,1,-45,0.25582
distillation,1,-34,0.23339
distillation,1,-9,0.31096
distillation,0,-40,0.211
distillation,0,-108,0.15349
distillation,1,63,0.33292
distillation,1,-6,0.26223
distillation,0,-99,0.23005
distillation,1,-2,0.30413
distillation,1,75,0.27946
distillation,1,-65,0.23885
distillation,1,-15,0.30877
distillation,1,-62,0.25357
distillation,1,72,0.34097
distillation,0,-100,0.05461
distillation,1,-56,0.22063
distillation,0,-42,0.25235
distillation,1,12,0.28723
distillation,0,-64,0.21604
distillation,0,-45,0.21604
distillation,1,-55,0.25402
distillation,0,-71,0.25471
distillation,1,44,0.29001
distillation,1,-19,0.30993
distillation,1,-13,0.30748
distillation,1,-42,0.28027
distillation,0,-79,0.26405
distillation,1,3,0.32953
distillation,1,88,0.31172
distillation,1,26,0.34686
distillation,0,-100,0.2161
distillation,1,-53,0.29093
distillation,1,2,0.2592
distillation,0,-72,0.23441
distillation,1,-9,0.31857
distillation,1,-12,0.24016
distillation,1,-13,0.24823
distillation,1,4,0.32673
distillation,1,-31,0.34763
distillation,1,0,0.23715
distillation,0,-54,0.29681
distillation,0,-106,0.19552
distillation,0,-123,0.19184
distillation,1,-65,0.22631
distillation,0,-145,0.15729
distillation,1,-20,0.28285
distillation,0,-64,0.27536
distillation,0,-74,0.22295
distillation,1,-44,0.19716
distillation,1,-12,0.20668
distillation,1,-21,0.27957
distillation,0,-55,0.24004
distillation,1,-23,0.32541
distillation,1,26,0.28157
distillation,0,-100,0.23119
distillation,1,-50,0.28106
distillation,0,-164,0.16537
distillation,1,68,0.34312
distillation,1,10,0.26157
distillation,1,-6,0.27254
distillation,1,37,0.29065
distillation,1,64,0.26903
distillation,0,-75,0.18903
distillation,0,-110,0.17652
distillation,0,-123,0.16903
distillation,1,-54,0.25149
distillation,1,34,0.33642
distillation,1,32,0.27105
distillation,1,14,0.26795
distillation,1,-14,0.33012
distillation,1,-67,0.23119
distillation,0,-122,0.20978
distillation,0,-118,0.20074
distillation,1,72,0.33394
distillation,1,18,0.2899
distillation,0,-77,0.23651
distillation,1,42,0.30658
distillation,1,27,0.32237
distillation,1,-14,0.16848
distillation,0,-139,0.17068
distillation,1,-15,0.27195
distillation,1,22,0.31858
distillation,0,-186,0.08233
distillation,1,-1,0.29742
distillation,1,-49,0.2576
distillation,1,-42,0.21297
distillation,0,-48,0.23132
distillation,1,-23,0.31267
distillation,1,22,0.30665
distillation,1,39,0.29827
distillation,1,-36,0.28446
distillation,1,-3,0.33316
distillation,1,97,0.33066
distillation,1,16,0.29088
distillation,1,23,0.35116
distillation,1,36,0.29232
distillation,1,-29,0.30496
distillation,1,-35,0.20583
distillation,0,-49,0.26539
distillation,1,-8,0.27264
distillation,1,-16,0.25829
distillation,0,-75,0.17939
distillation,1,-17,0.26646
distillation,0,-107,0.22313
distillation,0,-126,0.16358
distillation,1,31,0.29579
distillation,0,-76,0.18281
distillation,1,16,0.30145
distillation,1,23,0.29886
distillation,1,-26,0.27353
distillation,1,3,0.31031
distillation,1,-13,0.27989
distillation,1,91,0.29248
distillation,1,50,0.31245
distillation,1,7,0.3591
distillation,0,-73,0.24704
distillation,1,70,0.36641
distillation,1,24,0.26372
distillation,1,0,0.25492
distillation,1,-22,0.27712
distillation,1,-74,0.23113
distillation,1,1,0.2644
distillation,1,-70,0.26442
distillation,1,115,0.32058
distillation,1,45,0.30044
distillation,0,-47,0.28896
distillation,1,-56,0.25457
distillation,1,-26,0.24851
distillation,1,40,0.28688
distillation,1,86,0.37266
distillation,0,-182,0.04368
distillation,1,-64,0.26443
distillation,1,2,0.27452
distillation,1,-10,0.32078
distillation,1,-9,0.32123
distillation,0,-48,0.2595
distillation,1,1,0.37016
distillation,1,-33,0.27283
distillation,1,104,0.37021
distillation,1,-42,0.19604
distillation,0,-39,0.27693
distillation,0,-96,0.23401
distillation,1,8,0.29118
distillation,1,-19,0.28174
distillation,1,-64,0.27997
distillation,1,-61,0.23119
distillation,0,-75,0.15685
distillation,0,-74,0.22636
distillation,0,-102,0.26273
distillation,0,-38,0.24989
distillation,0,-76,0.22791
distillation,1,-28,0.2562
distillation,1,-66,0.27281
distillation,1,-32,0.27292
distillation,0,-98,0.19255
distillation,0,-79,0.2357
distillation,0,-51,0.25811
distillation,0,-130,0.12136
distillation,1,-70,0.22812
distillation,0,-94,0.20036
distillation,1,-35,0.31538
distillation,1,-14,0.3409
distillation,1,-24,0.28134
distillation,1,15,0.30865
distillation,1,-15,0.24863
distillation,1,27,0.27713
distillation,1,17,0.3145
distillation,1,0,0.24365
distillation,0,-109,0.20395
distillation,0,-104,0.18606
distillation,1,27,0.31432
distillation,0,-53,0.26642
distillation,1,-48,0.26403
distillation,1,17,0.28273
distillation,0,-55,0.18877
distillation,1,-11,0.28866
distillation,1,-22,0.30852
distillation,1,-32,0.32116
distillation,1,-15,0.29046
distillation,1,-43,0.22598
distillation,1,1,0.29325
distillation,1,-7,0.29449
distillation,1,73,0.33878
distillation,1,52,0.32105
distillation,1,-23,0.27957
distillation,1,97,0.34772
distillation,1,-39,0.29271
distillation,0,-39,0.27175
distillation,1,-40,0.30456
distillation,0,-70,0.26359
distillation,1,20,0.33829
distillation,1,22,0.32239
distillation,1,-32,0.24768
distillation,1,12,0.30707
distillation,1,-29,0.30217
distillation,0,-57,0.29459
distillation,1,29,0.31026
distillation,0,-46,0.19277
distillation,1,-7,0.29814
distillation,1,-7,0.25731
distillation,1,-53,0.25421
distillation,0,-185,0.07841
distillation,0,-105,0.24514
distillation,1,23,0.32528
distillation,1,-3,0.24627
distillation,1,-27,0.28099
distillation,1,-16,0.2971
distillation,1,-1,0.25002
distillation,1,25,0.32654
distillation,1,-96,0.2161
distillation,1,16,0.30494
distillation,1,0,0.23301
distillation,1,-3,0.24004
distillation,1,20,0.30523
distillation,0,-103,0.20144
distillation,0,-101,0.21106
distillation,1,36,0.32029
distillation,1,5,0.28418
distillation,1,5,0.24918
distillation,1,20,0.29334
distillation,1,-17,0.22604
distillation,1,-27,0.2926
distillation,1,21,0.29628
distillation,0,-77,0.24984
distillation,1,-30,0.22655
distillation,1,-4,0.29445
distillation,0,-63,0.24451
distillation,1,-28,0.26251
distillation,1,-36,0.29658
distillation,1,1,0.27193
distillation,1,25,0.30537
distillation,1,63,0.3374
distillation,1,-7,0.3179
distillation,1,48,0.31777
distillation,1,-118,0.2581
distillation,1,-61,0.21604
distillation,1,-32,0.24706
distillation,1,-4,0.30419
distillation,1,16,0.31341
distillation,1,92,0.28609
distillation,1,-37,0.31888
distillation,0,-146,0.149
distillation,1,37,0.32147
distillation,1,-27,0.32184
distillation,1,17,0.29072
distillation,1,-83,0.28335
distillation,0,-172,0.1161
distillation,1,16,0.27415
distillation,1,30,0.27303
distillation,1,-32,0.30528
distillation,1,-2,0.31814
distillation,1,-33,0.29493
distillation,1,3,0.2858
distillation,1,-15,0.26695
distillation,0,-78,0.21211
distillation,1,13,0.24141
distillation,1,45,0.30903
distillation,1,-34,0.19582
distillation,0,-67,0.25813
distillation,1,-68,0.2696
distillation,0,-62,0.24555
distillation,1,-27,0.24651
distillation,1,-20,0.2464
distillation,0,-56,0.19303
distillation,0,-106,0.21445
distillation,1,-24,0.23299
distillation,0,-55,0.22704
distillation,0,-52,0.22981
distillation,0,-85,0.24521
distillation,1,-43,0.26027
distillation,0,-40,0.2351
distillation,1,50,0.33684
distillation,1,-43,0.26319
distillation,1,-20,0.30917
distillation,0,-114,0.17765
distillation,1,-4,0.31094
distillation,0,-50,0.26199
distillation,1,-17,0.3038
distillation,0,-40,0.23575
distillation,1,-11,0.29589
distillation,0,-81,0.25902
distillation,1,-25,0.23399
distillation,0,-120,0.2195
distillation,1,-41,0.29764
distillation,1,62,0.3419
distillation,0,-125,0.10249
distillation,0,-41,0.21483
distillation,0,-80,0.20778
distillation,0,-143,0.21288
distillation,0,-55,0.2495
distillation,0,-140,0.21644
distillation,1,33,0.27699
distillation,1,-32,0.23196
distillation,0,-43,0.29509
distillation,0,-101,0.2308
distillation,0,-42,0.2626
distillation,0,-94,0.12784
distillation,0,-107,0.10172
distillation,1,-45,0.26397
distillation,1,-47,0.18953
distillation,1,-24,0.28917
distillation,1,-31,0.29986
distillation,1,-40,0.19171
distillation,1,-14,0.27497
distillation,1,-27,0.23681
distillation,1,-29,0.23014
distillation,0,-69,0.2462
distillation,1,-1,0.3291
distillation,0,-40,0.2297
distillation,1,0,0.26735
distillation,1,-24,0.23049
distillation,1,-32,0.29859
distillation,1,-67,0.25604
distillation,1,10,0.27073
distillation,0,-97,0.22338
distillation,0,-35,0.20136
distillation,0,-108,0.1527
distillation,1,-43,0.20358
distillation,1,8,0.31093
distillation,1,45,0.28054
distillation,0,-64,0.25523
distillation,0,-53,0.27449
distillation,0,-122,0.21471
distillation,1,85,0.32775
distillation,1,-34,0.25594
distillation,1,65,0.34013
distillation,1,22,0.32912
distillation,1,12,0.31037
distillation,0,-62,0.232
distillation,1,-37,0.27053
distillation,1,17,0.29885
distillation,1,-86,0.24209
distillation,1,63,0.2717
distillation,1,13,0.32382
distillation,1,-45,0.247
distillation,0,-174,0.15869
distillation,1,78,0.31355
distillation,0,-56,0.24095
distillation,1,59,0.28498
distillation,1,19,0.28393
distillation,1,-24,0.21689
distillation,1,23,0.22529
distillation,1,-31,0.25745
distillation,1,-39,0.28782
distillation,1,58,0.28612
distillation,1,-6,0.31153
distillation,0,-109,0.19842
distillation,1,-11,0.24624
distillation,0,-96,0.20003
distillation,1,-24,0.20335
distillation,1,38,0.28333
distillation,1,-26,0.27061
distillation,1,-58,0.25408
distillation,1,9,0.28492
distillation,0,-81,0.2057
distillation,1,-88,0.21372
distillation,1,26,0.29769
distillation,0,-77,0.14248
distillation,1,91,0.32629
distillation,1,-10,0.31769
distillation,1,-14,0.28386
distillation,1,-39,0.29771
distillation,1,-30,0.33121
distillation,1,-43,0.24331
distillation,1,-50,0.21511
distillation,1,-8,0.2362
distillation,1,-34,0.32651
distillation,1,-31,0.29191
distillation,1,28,0.30407
distillation,1,-37,0.29948
distillation,1,12,0.31472
distillation,0,-77,0.25775
distillation,1,-2,0.2213
distillation,0,-71,0.16564
distillation,0,-61,0.21017
distillation,0,-80,0.21903
distillation,0,-63,0.16874
distillation,1,-13,0.22852
distillation,1,2,0.27226
distillation,0,-112,0.15942
distillation,1,10,0.35265
distillation,0,-35,0.24169
distillation,0,-101,0.13567
distillation,1,-24,0.30278
distillation,1,48,0.31856
distillation,1,-31,0.26165
distillation,1,33,0.31384
distillation,1,-53,0.31367
distillation,1,-29,0.23221
distillation,1,23,0.24593
distillation,0,-102,0.15738
distillation,0,-91,0.21978
distillation,1,-51,0.28773
distillation,1,42,0.34076
distillation,1,-81,0.20108
distillation,1,16,0.32629
distillation,0,-78,0.20059
distillation,1,-41,0.2899
distillation,0,-138,0.19675
distillation,1,-8,0.28437
distillation,1,-13,0.22407
distillation,0,-64,0.222
distillation,1,24,0.32458
distillation,1,6,0.24277
distillation,1,-90,0.24889
distillation,1,-5,0.34949
distillation,1,-3,0.32509
distillation,1,1,0.30705
distillation,1,115,0.34254
distillation,1,-6,0.3162
distillation,1,2,0.33124
distillation,1,-32,0.29597
distillation,1,-49,0.27658
distillation,0,-42,0.30008
distillation,1,107,0.33751
distillation,0,-43,0.23236
distillation,0,-132,0.15298
distillation,1,38,0.326
distillation,1,-5,0.2868
distillation,1,27,0.30098
distillation,1,-36,0.17092
distillation,1,-30,0.30792
distillation,0,-35,0.23687
distillation,1,14,0.31872
distillation,0,-114,0.21929
distillation,0,-161,0.17432
distillation,0,-19,0.27179
distillation,1,-35,0.34682
distillation,1,-45,0.3076
distillation,1,-25,0.31871
distillation,1,-4,0.25476
distillation,0,-74,0.22309
distillation,1,75,0.29927
distillation,1,-23,0.23946
distillation,1,-31,0.24986
distillation,1,-12,0.28961
distillation,1,31,0.31086
distillation,0,-59,0.21162
distillation,0,-108,0.17226
distillation,1,-6,0.25442
distillation,1,-3,0.29527
distillation,1,37,0.34103
distillation,1,106,0.32964
distillation,0,-80,0.22383
distillation,1,-3,0.32753
distillation,1,2,0.25017
distillation,1,-8,0.30173
distillation,1,44,0.26846
distillation,1,-6,0.2921
distillation,0,-78,0.23725
distillation,1,-38,0.28524
distillation,1,-4,0.26992
distillation,1,70,0.29857
distillation,0,-154,0.13054
distillation,1,3,0.31044
distillation,1,6,0.32901
distillation,0,-60,0.22562
distillation,1,46,0.33169
distillation,1,-57,0.29615
distillation,1,15,0.25007
distillation,1,-45,0.28644
distillation,1,-32,0.30776
distillation,1,-1,0.30216
distillation,1,-39,0.23541
distillation,1,-6,0.25637
distillation,1,-20,0.27973
distillation,1,5,0.25651
distillation,0,-123,0.16824
distillation,1,-17,0.33102
distillation,1,-22,0.23743
distillation,0,-39,0.22958
distillation,0,-37,0.24095
distillation,0,-69,0.22469
distillation,0,-55,0.11037
distillation,1,-16,0.28257
distillation,1,60,0.32546
distillation,1,29,0.32414
distillation,1,-51,0.31131
distillation,1,-32,0.25692
distillation,1,-7,0.24298
distillation,1,37,0.3282
distillation,1,18,0.30585
distillation,1,36,0.33082
distillation,1,57,0.29513
distillation,0,-130,0.20744
distillation,1,31,0.28744
distillation,1,-2,0.27665
distillation,1,5,0.26825
distillation,0,-103,0.09648
distillation,1,13,0.33064
distillation,0,-57,0.25347
distillation,1,-44,0.25605
distillation,1,27,0.30405
distillation,1,21,0.23878
distillation,1,-15,0.28339
distillation,1,92,0.35705
distillation,1,29,0.30297
distillation,1,-20,0.29468
distillation,0,-92,0.21076
distillation,0,-78,0.21427
distillation,0,-111,0.19726
distillation,1,-7,0.31718
distillation,0,-72,0.26092
distillation,0,-135,0.19853
distillation,0,-58,0.23605
distillation,1,-34,0.31373
distillation,1,-32,0.28334
distillation,1,-20,0.26575
distillation,0,-113,0.17904
distillation,0,-58,0.26505
distillation,1,11,0.28479
distillation,0,-70,0.19192
distillation,1,13,0.27798
distillation,1,-20,0.27647
distillation,0,-53,0.17598
distillation,0,-119,0.16287
distillation,1,-51,0.26476
distillation,0,-52,0.26749
distillation,1,39,0.32184
distillation,1,-54,0.28126
distillation,1,-75,0.26944
distillation,0,-158,0.15812
distillation,1,39,0.32956
distillation,1,-38,0.27059
distillation,1,98,0.35605
distillation,1,27,0.26559
distillation,0,-57,0.25174
distillation,0,-40,0.26318
distillation,1,26,0.24567
distillation,1,-20,0.32983
distillation,1,54,0.32416
distillation,1,2,0.33442
distillation,0,-90,0.25419
distillation,1,-21,0.22926
distillation,0,-77,0.22261
distillation,1,-22,0.27221
distillation,1,-54,0.2536
distillation,0,-86,0.28218
distillation,0,-43,0.22403
distillation,1,39,0.30101
distillation,1,-10,0.28161
distillation,0,-75,0.19251
distillation,1,-80,0.25648
distillation,1,-73,0.25138
distillation,1,-59,0.27786
distillation,1,-5,0.21293
distillation,0,-106,0.17902
distillation,1,0,0.26072
distillation,1,-58,0.25723
distillation,1,-72,0.21839
distillation,1,32,0.28775
distillation,1,2,0.30995
distillation,1,-16,0.32249
distillation,1,-14,0.30821
distillation,1,-14,0.27829
distillation,1,-67,0.27473
distillation,1,-84,0.22825
distillation,1,-2,0.19317
distillation,1,-40,0.3089
distillation,1,19,0.27558
distillation,1,2,0.26818
distillation,1,-72,0.2412
distillation,1,-12,0.27759
distillation,0,-57,0.15012
distillation,1,-4,0.29911
distillation,0,-61,0.2353
distillation,0,-83,0.20734
distillation,0,-77,0.22439
distillation,0,-69,0.2178
distillation,0,-82,0.23926
distillation,1,50,0.30011
distillation,1,-36,0.29053
distillation,0,-59,0.15654
distillation,0,-183,0.09854
distillation,1,6,0.30864
distillation,1,-44,0.2654
distillation,1,-11,0.27952
distillation,1,-14,0.28621
distillation,0,-85,0.23512
distillation,0,-49,0.22407
distillation,1,-36,0.28074
distillation,1,-47,0.28763
distillation,1,43,0.32881
distillation,1,49,0.33865
distillation,1,-29,0.28291
distillation,1,-5,0.36838
distillation,1,-50,0.24681
distillation,0,-60,0.23236
distillation,0,-136,0.16889
distillation,1,-4,0.29662
distillation,1,13,0.26745
distillation,1,-40,0.2607
distillation,1,-4,0.25261
distillation,1,-41,0.26451
distillation,1,3,0.30052
distillation,0,-24,0.25624
distillation,0,-51,0.22518
distillation,1,48,0.31073
distillation,0,-94,0.17535
distillation,1,3,0.32039
distillation,1,-14,0.26531
distillation,0,-46,0.24897
distillation,0,-78,0.20785
distillation,0,-103,0.15314
distillation,1,-14,0.29003
distillation,0,-129,0.21991
distillation,0,-54,0.23091
distillation,0,-108,0.16602
distillation,1,-12,0.30575
distillation,1,24,0.27815
distillation,0,-108,0.21715
distillation,0,-187,0.12957
distillation,1,5,0.25117
distillation,1,-54,0.26927
distillation,1,27,0.26712
distillation,1,41,0.37444
distillation,1,-8,0.32632
distillation,1,-5,0.33469
distillation,1,5,0.25648
distillation,1,14,0.27345
distillation,0,-100,0.19643
distillation,0,-119,0.1727
distillation,1,67,0.34779
distillation,0,-111,0.20211
distillation,1,-24,0.31164
distillation,1,5,0.27223
distillation,1,-9,0.31201
distillation,1,-48,0.27035
distillation,1,27,0.3106
distillation,1,73,0.28383
distillation,0,-37,0.29515
distillation,1,19,0.3674
distillation,1,40,0.32559
distillation,0,-102,0.22021
distillation,1,-40,0.27469
distillation,1,-30,0.20145
distillation,0,-69,0.25939
distillation,0,-68,0.25327
distillation,1,-75,0.25357
distillation,1,3,0.25622
distillation,0,-87,0.22608
distillation,0,-85,0.19686
distillation,1,16,0.28839
distillation,1,-31,0.29964
distillation,0,-57,0.26963
distillation,1,-23,0.34121
distillation,1,50,0.33479
distillation,0,-77,0.24249
distillation,1,-13,0.21703
distillation,1,3,0.28087
distillation,1,7,0.2799
distillation,1,0,0.34578
distillation,1,1,0.33131
distillation,1,1,0.33829
distillation,1,-78,0.25148
distillation,0,-129,0.17489
distillation,1,-68,0.28361
distillation,0,-87,0.23664
distillation,1,40,0.34695
distillation,1,49,0.32197
distillation,1,0,0.3161
distillation,1,53,0.31616
distillation,1,4,0.30578
distillation,1,43,0.29325
distillation,0,-67,0.22043
distillation,0,-51,0.2343
distillation,1,50,0.32898
distillation,1,19,0.26531
distillation,0,-77,0.22038
distillation,0,-95,0.15319
distillation,1,-1,0.30433
distillation,1,-75,0.23966
distillation,1,-34,0.21203
distillation,1,-36,0.17461
distillation,0,-66,0.27125
distillation,1,-5,0.23412
distillation,1,-1,0.31819
distillation,0,-162,0.10625
distillation,0,-76,0.21886
distillation,1,-41,0.2992
distillation,0,-78,0.23559
distillation,1,-10,0.23387
distillation,0,-63,0.19216
distillation,1,-44,0.22456
distillation,1,110,0.34258
distillation,0,-100,0.16063
distillation,0,-78,0.2319
distillation,1,-96,0.25552
distillation,0,-76,0.19761
distillation,0,-38,0.26793
distillation,0,-57,0.24263
distillation,1,5,0.34843
distillation,1,-21,0.16199
distillation,0,-113,0.16426
distillation,1,3,0.32542
distillation,1,-16,0.29125
distillation,1,-39,0.27815
distillation,1,-3,0.272
distillation,1,-51,0.26446
distillation,1,4,0.29683
distillation,1,37,0.28053
distillation,1,28,0.32235
distillation,1,-6,0.28388
distillation,1,-52,0.28182
distillation,1,0,0.30198
distillation,1,-54,0.23886
distillation,0,-153,0.1747
distillation,0,-76,0.16947
distillation,1,-3,0.30924
distillation,0,-48,0.24605
distillation,1,-19,0.26426
distillation,1,18,0.2567
distillation,0,-83,0.12553
distillation,1,-7,0.2683
distillation,0,-72,0.20749
distillation,0,-59,0.22718
distillation,1,-20,0.26753
distillation,0,-65,0.25336
distillation,1,58,0.31253
distillation,1,-27,0.26298
distillation,1,-44,0.25908
distillation,1,-37,0.27571
distillation,0,-52,0.24402
distillation,1,52,0.27343
distillation,0,-78,0.2477
distillation,1,41,0.30227
distillation,0,-54,0.19827
distillation,1,-8,0.2698
distillation,1,-51,0.23903
distillation,1,4,0.27946
distillation,1,29,0.31273
distillation,1,26,0.2973
distillation,0,-140,0.18807
distillation,1,-5,0.20702
distillation,0,-111,0.21496
distillation,1,46,0.33007
distillation,1,-8,0.34223
distillation,1,-27,0.27218
distillation,1,-8,0.25468
distillation,1,-14,0.28776
distillation,0,-118,0.19849
distillation,1,-25,0.25264
distillation,1,-31,0.21405
distillation,1,-33,0.29944
distillation,0,-61,0.24532
distillation,0,-77,0.23527
distillation,1,-26,0.29232
distillation,0,-47,0.28141
distillation,0,-91,0.20171
distillation,1,22,0.25617
distillation,0,-72,0.21891
distillation,0,-50,0.24059
distillation,0,-50,0.23359
distillation,1,-68,0.24369
distillation,0,-74,0.19885
distillation,0,-55,0.27199
distillation,1,-73,0.26947
distillation,0,-60,0.2727
distillation,1,63,0.30578
distillation,1,-51,0.26328
distillation,0,-87,0.2141
distillation,0,-49,0.27189
distillation,0,-59,0.2706
distillation,1,-60,0.27832
distillation,1,-11,0.27116
distillation,1,7,0.28794
distillation,0,-114,0.2095
distillation,1,33,0.33941
distillation,1,11,0.28443
distillation,0,-59,0.2519
distillation,1,-25,0.28871
distillation,0,-116,0.19915
distillation,1,-39,0.27818
distillation,1,61,0.35368
distillation,1,48,0.32878
distillation,1,56,0.27048
distillation,1,14,0.28353
distillation,1,-4,0.26364
distillation,1,3,0.33803
distillation,0,-90,0.20584
distillation,0,-185,0.11298
distillation,1,-24,0.28612
distillation,1,-57,0.25207
distillation,1,-61,0.24639
distillation,1,-23,0.26682
distillation,0,-140,0.20604
distillation,0,-48,0.24313
distillation,1,-9,0.29018
distillation,1,-20,0.29311
distillation,0,-126,0.1324
distillation,1,43,0.29262
distillation,1,3,0.27406
distillation,1,-41,0.24227
distillation,0,-49,0.22932
distillation,0,-92,0.19043
distillation,1,4,0.22862
distillation,1,-58,0.22418
distillation,1,47,0.35303
distillation,1,-12,0.31683
distillation,1,13,0.29736
distillation,1,-2,0.33459
distillation,0,-79,0.20995
distillation,1,-9,0.32989
distillation,1,-48,0.25629
distillation,1,41,0.31945
distillation,1,78,0.32886
distillation,1,83,0.36067
distillation,0,-60,0.24416
distillation,1,18,0.35473
distillation,1,-15,0.26219
distillation,1,-63,0.25808
distillation,1,36,0.31199
distillation,0,-45,0.28904
distillation,1,45,0.27838
distillation,1,24,0.2841
distillation,1,7,0.29985
distillation,1,-27,0.2928
distillation,1,-7,0.30859
distillation,1,-6,0.25587
distillation,0,-107,0.20632
distillation,1,-56,0.26783
distillation,1,22,0.28524
distillation,1,56,0.35944
distillation,1,-32,0.25525
distillation,0,-86,0.17259
distillation,1,11,0.31928
distillation,0,-46,0.19044
distillation,1,-51,0.2574
distillation,0,-73,0.26506
distillation,0,-79,0.20879
distillation,0,-74,0.23738
distillation,1,13,0.30554
distillation,1,44,0.32034
distillation,1,-59,0.2251
distillation,0,-162,0.16199
distillation,1,65,0.31222
distillation,1,32,0.30113
distillation,1,38,0.26548
distillation,0,-88,0.19849
distillation,1,86,0.39652
distillation,1,-57,0.26308
distillation,1,32,0.29466
distillation,1,33,0.30557
distillation,1,-1,0.27618
distillation,0,-46,0.20042
distillation,1,27,0.27614
distillation,1,-92,0.22454
distillation,1,19,0.31319
distillation,0,-79,0.18474
distillation,1,-11,0.33658
distillation,1,25,0.35216
distillation,0,-33,0.26919
distillation,1,-26,0.30479
distillation,1,11,0.22325
distillation,1,46,0.30791
distillation,1,-54,0.30131
distillation,1,-14,0.27637
distillation,0,-69,0.21944
distillation,0,-51,0.26872
distillation,0,-153,0.18962
head-adapt,1,25,0.27728
head-adapt,1,-4,0.22836
head-adapt,1,87,0.34077
head-adapt,0,-85,0.20087
head-adapt,0,-76,0.08741
head-adapt,1,-39,0.2512
head-adapt,1,5,0.27162
head-adapt,1,7,0.30107
head-adapt,1,32,0.33725
head-adapt,0,-76,0.21883
head-adapt,0,-82,0.20616
head-adapt,1,-18,0.27387
head-adapt,1,-30,0.26171
head-adapt,0,-106,0.22867
head-adapt,1,-8,0.24622
head-adapt,0,-77,0.18388
head-adapt,0,-144,0.09536
head-adapt,1,21,0.24489
head-adapt,0,-67,0.24924
head-adapt,1,-23,0.29003
head-adapt,1,-3,0.28264
head-adapt,1,29,0.2803
head-adapt,1,35,0.30226
head-adapt,1,-11,0.27349
head-adapt,0,-108,0.15092
head-adapt,0,-99,0.13959
head-adapt,1,-8,0.27868
head-adapt,1,59,0.35096
head-adapt,1,-12,0.27325
head-adapt,1,-27,0.28412
head-adapt,1,-36,0.16419
head-adapt,1,91,0.28115
head-adapt,0,-111,0.20698
head-adapt,1,-2,0.31245
head-adapt,1,11,0.29813
head-adapt,1,14,0.19373
head-adapt,1,-11,0.28706
head-adapt,1,-79,0.19045
head-adapt,1,-1,0.28341
head-adapt,0,-49,0.1276
head-adapt,1,49,0.32487
head-adapt,1,53,0.31174
head-adapt,0,-116,0.19239
head-adapt,1,-54,0.2672
head-adapt,1,-18,0.24608
head-adapt,0,-74,0.21383
head-adapt,1,-10,0.28671
head-adapt,1,72,0.26641
head-adapt,1,-76,0.22461
head-adapt,0,-35,0.20065
head-adapt,1,59,0.33328
head-adapt,1,-27,0.24071
head-adapt,1,4,0.25079
head-adapt,1,7,0.29614
head-adapt,1,48,0.26642
head-adapt,1,-80,0.23385
head-adapt,1,6,0.25718
head-adapt,1,-20,0.24912
head-adapt,1,53,0.28544
head-adapt,1,-8,0.29151
head-adapt,1,75,0.33058
head-adapt,0,-126,0.1955
head-adapt,1,-35,0.25464
head-adapt,1,78,0.27944
head-adapt,1,-6,0.31414
head-adapt,1,-21,0.26101
head-adapt,1,-60,0.25827
head-adapt,1,-48,0.2577
head-adapt,1,16,0.34759
head-adapt,1,-26,0.27794
head-adapt,1,-1,0.25369
head-adapt,1,-41,0.28762
head-adapt,0,-50,0.20351
head-adapt,0,-195,0.12422
head-adapt,1,-74,0.24579
head-adapt,1,20,0.29943
head-adapt,1,-19,0.30974
head-adapt,1,-58,0.2739
head-adapt,1,86,0.33023
head-adapt,1,-25,0.28372
head-adapt,1,-36,0.24493
head-adapt,1,5,0.29271
head-adapt,1,77,0.32505
head-adapt,1,-17,0.24393
head-adapt,1,1,0.28134
head-adapt,0,-77,0.20451
head-adapt,1,-52,0.26487
head-adapt,0,-92,0.14193
head-adapt,1,6,0.33962
head-adapt,1,-1,0.32595
head-adapt,0,-62,0.23685
head-adapt,1,-98,0.24211
head-adapt,1,-72,0.25535
head-adapt,1,15,0.31272
head-adapt,1,8,0.29974
head-adapt,1,11,0.33739
head-adapt,1,45,0.31147
head-adapt,1,-47,0.22219
head-adapt,0,-58,0.20082
head-adapt,1,54,0.31502
head-adapt,1,41,0.34415
head-adapt,0,-42,0.25393
head-adapt,0,-64,0.21992
head-adapt,1,-21,0.23479
head-adapt,1,-73,0.28482
head-adapt,1,-28,0.20112
head-adapt,1,-3,0.32099
head-adapt,1,17,0.30709
head-adapt,1,-25,0.28292
head-adapt,0,-156,0.13888
head-adapt,1,-28,0.29844
head-adapt,0,-57,0.2841
head-adapt,0,-66,0.25588
head-adapt,0,-41,0.24983
head-adapt,0,-115,0.20512
head-adapt,1,-61,0.30036
head-adapt,0,-73,0.2543
head-adapt,1,64,0.28532
head-adapt,1,-32,0.28304
head-adapt,1,-16,0.27478
head-adapt,0,-39,0.26724
head-adapt,0,-31,0.17494
head-adapt,1,-44,0.23233
head-adapt,1,-18,0.26347
head-adapt,1,11,0.26201
head-adapt,1,22,0.28228
head-adapt,0,-60,0.22213
head-adapt,1,-18,0.2732
head-adapt,0,-67,0.23111
head-adapt,1,38,0.30444
head-adapt,1,-30,0.29722
head-adapt,1,67,0.31559
head-adapt,1,-28,0.24901
head-adapt,1,-48,0.309
head-adapt,1,-19,0.23269
head-adapt,0,-52,0.24
head-adapt,1,-7,0.30383
head-adapt,0,-86,0.18157
head-adapt,1,-24,0.20108
head-adapt,1,23,0.29402
head-adapt,1,26,0.34428
head-adapt,1,-25,0.26663
head-adapt,1,-21,0.24159
head-adapt,1,-51,0.22967
head-adapt,0,-46,0.23924
head-adapt,0,-121,0.12282
head-adapt,0,-57,0.2338
head-adapt,1,-27,0.27033
head-adapt,0,-56,0.25357
head-adapt,1,-44,0.27139
head-adapt,1,-5,0.32852
head-adapt,1,-9,0.27095
head-adapt,1,45,0.2812
head-adapt,1,56,0.28731
head-adapt,1,-12,0.31746
head-adapt,1,-38,0.31327
head-adapt,1,-32,0.25159
head-adapt,1,-25,0.32787
head-adapt,1,6,0.23184
head-adapt,1,-31,0.25329
head-adapt,1,-3,0.28407
head-adapt,1,3,0.31311
head-adapt,1,-20,0.22995
head-adapt,1,-50,0.30489
head-adapt,1,28,0.32491
head-adapt,1,21,0.26059
head-adapt,0,-99,0.21849
head-adapt,1,-30,0.30185
head-adapt,1,85,0.34639
head-adapt,1,20,0.29513
head-adapt,1,14,0.27357
head-adapt,1,13,0.32948
head-adapt,0,-106,0.18254
head-adapt,1,6,0.26212
head-adapt,0,-59,0.24238
head-adapt,1,23,0.27991
head-adapt,0,-124,0.14396
head-adapt,0,-59,0.22535
head-adapt,0,-57,0.18811
head-adapt,0,-99,0.13648
head-adapt,0,-144,0.1695
head-adapt,1,-23,0.28874
head-adapt,1,29,0.27676
head-adapt,1,-24,0.28842
head-adapt,1,4,0.29329
head-adapt,1,-47,0.25424
head-adapt,1,-56,0.23646
head-adapt,1,14,0.27558
head-adapt,1,54,0.29944
head-adapt,1,47,0.30933
head-adapt,1,-9,0.27008
head-adapt,1,3,0.29373
head-adapt,1,19,0.25094
head-adapt,1,14,0.26917
head-adapt,1,-3,0.36089
head-adapt,1,-45,0.27321
head-adapt,1,65,0.35333
head-adapt,1,-10,0.30852
head-adapt,1,28,0.33857
head-adapt,1,41,0.30678
head-adapt,0,-90,0.22113
head-adapt,0,-33,0.14146
head-adapt,1,-34,0.23673
head-adapt,1,29,0.23753
head-adapt,1,56,0.33739
head-adapt,1,-26,0.29747
head-adapt,0,-64,0.25051
head-adapt,1,9,0.27427
head-adapt,1,42,0.35913
head-adapt,0,-141,0.12798
head-adapt,1,6,0.29677
head-adapt,0,-98,0.16827
head-adapt,0,-64,0.26452
head-adapt,1,44,0.3304
head-adapt,1,-61,0.24583
head-adapt,1,-26,0.30138
head-adapt,1,-39,0.27988
head-adapt,0,-110,0.23783
head-adapt,1,30,0.35631
head-adapt,1,-46,0.2911
head-adapt,0,-36,0.26833
head-adapt,0,-55,0.18987
head-adapt,0,-29,0.21535
head-adapt,1,41,0.31444
head-adapt,1,-37,0.27428
head-adapt,1,-9,0.33358
head-adapt,0,-78,0.25684
head-adapt,1,59,0.32259
head-adapt,1,34,0.27274
head-adapt,1,-21,0.29194
head-adapt,1,-46,0.2638
head-adapt,1,-37,0.26377
head-adapt,1,27,0.26692
head-adapt,0,-48,0.19649
head-adapt,1,-3,0.30761
head-adapt,1,1,0.32481
head-adapt,1,-32,0.23522
head-adapt,0,-65,0.2552
head-adapt,0,-55,0.25389
head-adapt,1,0,0.26104
head-adapt,1,3,0.28066
head-adapt,1,-50,0.23363
head-adapt,0,-83,0.22418
head-adapt,1,61,0.33098
head-adapt,1,-28,0.29079
head-adapt,0,-61,0.23764
head-adapt,1,-44,0.26302
head-adapt,1,-15,0.3471
head-adapt,1,8,0.26321
head-adapt,1,-53,0.24602
head-adapt,1,10,0.28197
head-adapt,0,-63,0.22642
head-adapt,1,-10,0.2962
head-adapt,0,-77,0.18627
head-adapt,1,-7,0.32278
head-adapt,1,3,0.28681
head-adapt,1,-42,0.29375
head-adapt,1,-15,0.25883
head-adapt,1,39,0.3446
head-adapt,1,-44,0.25869
head-adapt,0,-99,0.16263
head-adapt,1,-15,0.26637
head-adapt,1,8,0.2887
head-adapt,1,-41,0.24351
head-adapt,1,-40,0.27469
head-adapt,1,-3,0.303
head-adapt,1,12,0.30444
head-adapt,1,-45,0.26518
head-adapt,0,-109,0.20138
head-adapt,0,-89,0.16582
head-adapt,1,-33,0.22256
head-adapt,1,25,0.33352
head-adapt,1,34,0.31719
head-adapt,0,-115,0.16066
head-adapt,0,-35,0.25705
head-adapt,1,9,0.28739
head-adapt,1,13,0.35262
head-adapt,1,-5,0.24405
head-adapt,1,-43,0.25728
head-adapt,0,-73,0.29586
head-adapt,0,-101,0.22253
head-adapt,0,-32,0.22082
head-adapt,1,-43,0.24561
head-adapt,1,-17,0.30848
head-adapt,1,13,0.2867
head-adapt,1,62,0.30749
head-adapt,1,-23,0.27774
head-adapt,1,9,0.29665
head-adapt,1,-16,0.32318
head-adapt,1,53,0.31128
head-adapt,1,28,0.33177
head-adapt,0,-130,0.23208
head-adapt,1,-6,0.31443
head-adapt,1,-10,0.3038
head-adapt,1,-36,0.26845
head-adapt,1,-48,0.22069
head-adapt,1,-1,0.29818
head-adapt,1,16,0.27141
head-adapt,1,-1,0.21831
head-adapt,1,-14,0.27567
head-adapt,1,22,0.247
head-adapt,1,-17,0.32824
head-adapt,1,-34,0.25328
head-adapt,0,-90,0.18184
head-adapt,0,-165,0.12217
head-adapt,1,-32,0.29444
head-adapt,1,26,0.31875
head-adapt,0,-49,0.22186
head-adapt,1,-7,0.2542
head-adapt,1,26,0.35051
head-adapt,1,23,0.28864
head-adapt,1,-30,0.28845
head-adapt,1,-37,0.24872
head-adapt,1,-30,0.27179
head-adapt,1,32,0.24002
head-adapt,1,-66,0.24683
head-adapt,0,-64,0.27521
head-adapt,1,23,0.35465
head-adapt,1,27,0.29761
head-adapt,1,-11,0.24077
head-adapt,1,-25,0.26068
head-adapt,1,-1,0.27333
head-adapt,1,-25,0.32589
head-adapt,1,-27,0.23999
head-adapt,1,27,0.2988
head-adapt,1,16,0.32635
head-adapt,1,-7,0.27835
head-adapt,1,69,0.33733
head-adapt,1,8,0.34015
head-adapt,1,2,0.26334
head-adapt,1,20,0.27535
head-adapt,0,-63,0.17274
head-adapt,1,-54,0.2159
head-adapt,1,-14,0.29409
head-adapt,1,21,0.27695
head-adapt,1,-49,0.26089
head-adapt,1,20,0.31841
head-adapt,1,-9,0.25469
head-adapt,1,-40,0.2691
head-adapt,1,9,0.30897
head-adapt,1,36,0.32328
head-adapt,0,-59,0.19167
head-adapt,0,-97,0.18557
head-adapt,1,-17,0.2548
head-adapt,0,-47,0.21031
head-adapt,1,-49,0.25608
head-adapt,0,-72,0.22578
head-adapt,1,23,0.31463
head-adapt,1,-24,0.1789
head-adapt,1,-9,0.28441
head-adapt,1,-20,0.21707
head-adapt,1,-33,0.31817
head-adapt,1,6,0.33471
head-adapt,1,-12,0.322
head-adapt,1,-16,0.23543
head-adapt,1,-28,0.24926
head-adapt,1,-34,0.2558
head-adapt,1,38,0.32286
head-adapt,0,-74,0.16342
head-adapt,0,-43,0.27062
head-adapt,0,-49,0.28011
head-adapt,0,-64,0.2166
head-adapt,1,58,0.33134
head-adapt,1,48,0.26159
head-adapt,0,-45,0.20884
head-adapt,1,8,0.32365
head-adapt,1,8,0.3701
head-adapt,1,-6,0.29448
head-adapt,0,-34,0.25941
head-adapt,1,17,0.33361
head-adapt,0,-93,0.15504
head-adapt,1,61,0.34969
head-adapt,1,-18,0.31984
head-adapt,1,-1,0.26625
head-adapt,0,-44,0.26273
head-adapt,0,-77,0.18809
head-adapt,1,-71,0.19761
head-adapt,1,6,0.27875
head-adapt,1,6,0.3076
head-adapt,1,6,0.26342
head-adapt,0,-160,0.17982
head-adapt,1,16,0.24064
head-adapt,1,-17,0.28956
head-adapt,1,-11,0.21756
head-adapt,1,12,0.32844
head-adapt,0,-95,0.20274
head-adapt,1,22,0.24988
head-adapt,0,-62,0.24206
head-adapt,1,-24,0.28673
head-adapt,1,-12,0.25797
head-adapt,1,4,0.31227
head-adapt,1,-57,0.22419
head-adapt,0,-55,0.20419
head-adapt,0,-40,0.21205
head-adapt,1,-30,0.30595
head-adapt,1,-9,0.28822
head-adapt,1,13,0.29797
head-adapt,1,6,0.24985
head-adapt,0,-184,0.11406
head-adapt,0,-60,0.23575
head-adapt,0,-79,0.20418
head-adapt,1,-24,0.27127
head-adapt,0,-75,0.22818
head-adapt,1,-6,0.25789
head-adapt,1,-18,0.2552
head-adapt,1,-8,0.27359
head-adapt,0,-117,0.21823
head-adapt,1,-32,0.28446
head-adapt,1,-5,0.26886
head-adapt,1,-16,0.23492
head-adapt,0,-60,0.23866
head-adapt,0,-49,0.28087
head-adapt,1,-37,0.25007
head-adapt,0,-24,0.23691
head-adapt,1,13,0.27818
head-adapt,0,-35,0.26224
head-adapt,1,-12,0.23458
head-adapt,1,-26,0.24973
head-adapt,1,-37,0.279
head-adapt,1,-33,0.27341
head-adapt,1,16,0.27426
head-adapt,1,21,0.27972
head-adapt,1,-42,0.31698
head-adapt,1,36,0.31296
head-adapt,1,24,0.28928
head-adapt,1,-52,0.28153
head-adapt,1,-5,0.30075
head-adapt,1,-34,0.26706
head-adapt,1,-35,0.309
head-adapt,0,-105,0.21889
head-adapt,0,-60,0.17599
head-adapt,1,49,0.2931
head-adapt,1,-44,0.24364
head-adapt,0,-140,0.1135
head-adapt,0,-51,0.20654
head-adapt,1,-37,0.25497
head-adapt,1,-10,0.20738
head-adapt,1,12,0.26144
head-adapt,1,-15,0.27713
head-adapt,0,-60,0.25042
head-adapt,0,-38,0.26108
head-adapt,1,-3,0.25641
head-adapt,0,-145,0.14157
head-adapt,1,-9,0.27329
head-adapt,1,-2,0.25833
head-adapt,1,6,0.28301
head-adapt,0,-51,0.26988
head-adapt,1,16,0.34158
head-adapt,1,-42,0.2687
head-adapt,0,-62,0.19448
head-adapt,1,-1,0.32541
head-adapt,1,13,0.28733
head-adapt,0,-111,0.13649
head-adapt,1,34,0.26414
head-adapt,1,-1,0.27082
head-adapt,0,-64,0.17436
head-adapt,0,-95,0.19303
head-adapt,1,-32,0.2988
head-adapt,1,-22,0.31877
head-adapt,0,-52,0.19194
head-adapt,0,-79,0.26802
head-adapt,1,-9,0.22172
head-adapt,1,-18,0.26721
head-adapt,1,-52,0.29277
head-adapt,1,-38,0.29309
head-adapt,0,-72,0.13332
head-adapt,0,-114,0.16602
head-adapt,0,-107,0.19379
head-adapt,0,-54,0.25144
head-adapt,1,-95,0.2289
head-adapt,0,-63,0.26744
head-adapt,1,26,0.31717
head-adapt,1,11,0.27687
head-adapt,1,48,0.3437
head-adapt,1,31,0.29801
head-adapt,0,-132,0.13447
head-adapt,1,7,0.32556
head-adapt,1,-6,0.28227
head-adapt,1,40,0.28353
head-adapt,0,-102,0.20195
head-adapt,1,22,0.31622
head-adapt,1,-21,0.27614
head-adapt,0,-82,0.17961
head-adapt,0,-103,0.19859
head-adapt,0,-72,0.2106
head-adapt,0,-41,0.18575
head-adapt,0,-110,0.23155
head-adapt,1,-12,0.294
head-adapt,1,-37,0.28308
head-adapt,1,0,0.25141
head-adapt,1,-27,0.21033
head-adapt,1,22,0.30136
head-adapt,0,-120,0.17527
head-adapt,1,-28,0.26359
head-adapt,1,129,0.3557
head-adapt,1,59,0.31507
head-adapt,1,-17,0.24473
head-adapt,1,14,0.31433
head-adapt,1,58,0.34837
head-adapt,1,-41,0.26063
head-adapt,1,-64,0.26554
head-adapt,0,-121,0.15595
head-adapt,1,-24,0.30565
head-adapt,1,32,0.29336
head-adapt,0,-63,0.25217
head-adapt,0,-172,0.1196
head-adapt,1,-7,0.28832
head-adapt,1,-27,0.27619
head-adapt,1,24,0.25389
head-adapt,1,-30,0.27825
head-adapt,0,-104,0.14673
head-adapt,1,8,0.31392
head-adapt,1,63,0.27823
head-adapt,1,-60,0.20838
head-adapt,1,41,0.31405
head-adapt,1,12,0.30916
head-adapt,1,72,0.29858
head-adapt,1,-19,0.23546
head-adapt,1,-25,0.26402
head-adapt,1,-7,0.27991
head-adapt,0,-71,0.25821
head-adapt,1,-22,0.25961
head-adapt,1,-56,0.28381
head-adapt,1,18,0.33077
head-adapt,1,-45,0.19525
head-adapt,1,-36,0.26283
head-adapt,1,15,0.24119
head-adapt,0,-36,0.1884
head-adapt,0,-62,0.19181
head-adapt,0,-119,0.17239
head-adapt,0,-42,0.23639
head-adapt,1,0,0.24047
head-adapt,1,15,0.33813
head-adapt,0,-77,0.18406
head-adapt,1,2,0.30675
head-adapt,0,-81,0.15404
head-adapt,1,2,0.2516
head-adapt,0,-60,0.24443
head-adapt,1,-1,0.26203
head-adapt,1,-36,0.28246
head-adapt,1,-12,0.28098
head-adapt,0,-174,0.15195
head-adapt,1,38,0.32417
head-adapt,1,-56,0.2572
head-adapt,1,62,0.32042
head-adapt,1,-44,0.26089
head-adapt,1,34,0.29591
head-adapt,1,-26,0.28421
head-adapt,1,-11,0.29903
head-adapt,1,1,0.33634
head-adapt,1,-33,0.24094
head-adapt,1,-40,0.27829
head-adapt,1,63,0.27076
head-adapt,1,-42,0.27294
head-adapt,0,-98,0.18416
head-adapt,0,-66,0.13496
head-adapt,0,-71,0.25683
head-adapt,1,55,0.25991
head-adapt,1,-23,0.23062
head-adapt,0,-92,0.19646
head-adapt,1,-13,0.19579
head-adapt,1,26,0.28526
head-adapt,1,-20,0.26005
head-adapt,0,-81,0.23872
head-adapt,1,-2,0.26062
head-adapt,1,8,0.25636
head-adapt,1,15,0.26217
head-adapt,1,-1,0.28427
head-adapt,1,-17,0.27279
head-adapt,1,-22,0.31924
head-adapt,1,17,0.32233
head-adapt,1,88,0.33599
head-adapt,1,80,0.32449
head-adapt,1,-20,0.22357
head-adapt,1,-43,0.26941
head-adapt,1,-60,0.24216
head-adapt,1,-9,0.20981
head-adapt,1,0,0.28107
head-adapt,0,-96,0.19056
head-adapt,1,-18,0.34421
head-adapt,1,15,0.26607
head-adapt,1,13,0.35277
head-adapt,1,-5,0.3429
head-adapt,1,45,0.30601
head-adapt,1,77,0.33605
head-adapt,1,12,0.2503
head-adapt,1,109,0.33926
head-adapt,1,-41,0.27667
head-adapt,0,-77,0.15971
head-adapt,1,-42,0.30785
head-adapt,0,-57,0.27596
head-adapt,0,-98,0.1598
head-adapt,1,-57,0.28254
head-adapt,1,-30,0.2639
head-adapt,1,-15,0.29951
head-adapt,1,-5,0.29641
head-adapt,1,-16,0.25276
head-adapt,1,30,0.31747
head-adapt,1,13,0.30599
head-adapt,1,-14,0.27023
head-adapt,1,-37,0.24766
head-adapt,0,-61,0.21011
head-adapt,1,12,0.26506
head-adapt,1,-76,0.20885
head-adapt,0,-84,0.24859
head-adapt,0,-83,0.2444
head-adapt,0,-59,0.20753
head-adapt,1,-20,0.29911
head-adapt,1,11,0.31579
head-adapt,1,33,0.32437
head-adapt,1,71,0.3077
head-adapt,0,-186,0.14343
head-adapt,1,-14,0.27824
head-adapt,1,0,0.3175
head-adapt,1,80,0.31626
head-adapt,1,60,0.33295
head-adapt,1,-35,0.30596
head-adapt,1,7,0.28727
head-adapt,1,-25,0.25092
head-adapt,1,21,0.27167
head-adapt,0,-145,0.17255
head-adapt,1,-33,0.24693
head-adapt,1,-1,0.28594
head-adapt,1,-51,0.27197
head-adapt,1,-20,0.22393
head-adapt,1,0,0.3121
head-adapt,1,-21,0.25824
head-adapt,0,-100,0.17975
head-adapt,1,20,0.28525
head-adapt,1,3,0.34834
head-adapt,1,-49,0.27776
head-adapt,1,-9,0.29032
head-adapt,1,-27,0.29819
head-adapt,1,-31,0.28288
head-adapt,1,45,0.30862
head-adapt,0,-70,0.22881
head-adapt,0,-77,0.24757
head-adapt,0,-177,0.18889
head-adapt,0,-96,0.17623
head-adapt,1,9,0.28971
head-adapt,1,-5,0.28354
head-adapt,0,-88,0.19931
head-adapt,0,-89,0.21288
head-adapt,1,80,0.33446
head-adapt,1,-17,0.29825
head-adapt,0,-50,0.26802
head-adapt,1,40,0.24864
head-adapt,1,-24,0.2301
head-adapt,1,-43,0.27901
head-adapt,1,-12,0.27396
head-adapt,1,-2,0.31377
head-adapt,0,-102,0.18879
head-adapt,1,89,0.37576
head-adapt,1,-1,0.28139
head-adapt,1,15,0.25143
head-adapt,1,13,0.19433
head-adapt,1,-6,0.25894
head-adapt,1,3,0.26079
head-adapt,1,-26,0.26759
head-adapt,1,-22,0.23591
head-adapt,1,-45,0.24834
head-adapt,1,-38,0.23953
head-adapt,1,-25,0.29447
head-adapt,0,-77,0.24369
head-adapt,1,26,0.33432
head-adapt,1,60,0.30617
head-adapt,0,-125,0.12726
head-adapt,0,-142,0.15403
head-adapt,1,-16,0.28582
head-adapt,1,-4,0.19204
head-adapt,1,-27,0.27709
head-adapt,1,18,0.3647
head-adapt,1,37,0.26959
head-adapt,1,-45,0.27582
head-adapt,1,-29,0.30377
head-adapt,1,-47,0.23413
head-adapt,0,-108,0.18217
head-adapt,0,-141,0.08817
head-adapt,1,74,0.32239
head-adapt,1,43,0.25703
head-adapt,0,-133,0.15611
head-adapt,1,19,0.22816
head-adapt,1,43,0.27
head-adapt,1,-49,0.24979
head-adapt,1,-53,0.26564
head-adapt,1,-93,0.26266
head-adapt,0,-81,0.21783
head-adapt,1,-9,0.27792
head-adapt,1,-15,0.28433
head-adapt,1,-8,0.28883
head-adapt,1,-36,0.23247
head-adapt,1,56,0.35387
head-adapt,1,-18,0.25417
head-adapt,1,56,0.36216
head-adapt,0,-54,0.21394
head-adapt,1,13,0.28925
head-adapt,1,37,0.31052
head-adapt,1,14,0.25188
head-adapt,1,-52,0.20476
head-adapt,1,-6,0.26877
head-adapt,1,-19,0.29327
head-adapt,1,46,0.29962
head-adapt,1,-35,0.26624
head-adapt,1,-34,0.27135
head-adapt,1,-20,0.27683
head-adapt,1,15,0.28532
head-adapt,1,-13,0.34115
head-adapt,1,-4,0.31054
head-adapt,0,-81,0.24849
head-adapt,1,48,0.32783
head-adapt,1,25,0.23243
head-adapt,1,-53,0.22729
head-adapt,1,-43,0.28326
head-adapt,1,4,0.31109
head-adapt,1,-31,0.28412
head-adapt,1,2,0.29584
head-adapt,0,-165,0.09399
head-adapt,0,-56,0.27976
head-adapt,0,-175,0.07773
head-adapt,1,11,0.32952
head-adapt,0,-79,0.2245
head-adapt,1,15,0.28244
head-adapt,0,-55,0.25241
head-adapt,1,9,0.30923
head-adapt,1,-20,0.25878
head-adapt,1,-38,0.28681
head-adapt,0,-107,0.22149
head-adapt,1,-18,0.25085
head-adapt,1,-39,0.26618
head-adapt,0,-32,0.17999
head-adapt,1,-7,0.28812
head-adapt,0,-42,0.23991
head-adapt,1,-16,0.31329
head-adapt,1,-47,0.29018
head-adapt,1,-38,0.30517
head-adapt,0,-100,0.18321
head-adapt,1,6,0.30462
head-adapt,1,-20,0.26504
head-adapt,1,19,0.2946
head-adapt,0,-44,0.21645
head-adapt,0,-145,0.1828
head-adapt,1,-15,0.23214
head-adapt,1,56,0.31138
head-adapt,1,27,0.29441
head-adapt,1,30,0.309
head-adapt,1,-10,0.2456
head-adapt,1,34,0.25965
head-adapt,1,-18,0.26146
head-adapt,0,-54,0.24276
head-adapt,1,-6,0.29845
head-adapt,1,-14,0.28919
head-adapt,1,26,0.31222
head-adapt,0,-68,0.2646
head-adapt,0,-51,0.26193
head-adapt,1,-8,0.29217
head-adapt,1,-28,0.27765
head-adapt,1,-39,0.23294
head-adapt,1,-15,0.2874
head-adapt,0,-65,0.28956
head-adapt,0,-39,0.28212
head-adapt,1,-64,0.21946
head-adapt,1,71,0.33828
head-adapt,1,16,0.23712
head-adapt,1,-9,0.28852
head-adapt,1,8,0.27946
head-adapt,0,-82,0.18464
head-adapt,1,39,0.29229
head-adapt,1,13,0.25874
head-adapt,1,40,0.23821
head-adapt,1,-15,0.27194
head-adapt,1,-24,0.29581
head-adapt,1,39,0.31007
head-adapt,0,-143,0.13783
head-adapt,1,-43,0.27388
head-adapt,1,-12,0.27412
head-adapt,1,-8,0.29884
head-adapt,0,-120,0.18036
head-adapt,1,-38,0.25327
head-adapt,0,-132,0.13326
head-adapt,1,11,0.29491
head-adapt,1,-44,0.28693
head-adapt,0,-74,0.19599
head-adapt,1,-17,0.24933
head-adapt,1,-21,0.27683
head-adapt,0,-85,0.25025
head-adapt,1,30,0.31481
head-adapt,0,-117,0.21645
head-adapt,1,-7,0.31005
head-adapt,1,40,0.2854
head-adapt,1,4,0.21762
head-adapt,0,-139,0.13602
head-adapt,0,-114,0.17728
head-adapt,1,-82,0.19448
head-adapt,0,-73,0.18565
head-adapt,1,39,0.3173
head-adapt,1,18,0.25684
head-adapt,1,93,0.33165
head-adapt,1,22,0.25283
head-adapt,1,-76,0.29321
head-adapt,1,51,0.32067
head-adapt,1,30,0.31659
head-adapt,0,-94,0.17766
head-adapt,0,-62,0.16214
head-adapt,1,-9,0.28465
head-adapt,1,17,0.28287
head-adapt,1,25,0.23399
head-adapt,0,-121,0.19643
head-adapt,1,-34,0.25671
head-adapt,1,-6,0.31046
head-adapt,0,-61,0.25032
head-adapt,1,98,0.28303
head-adapt,1,61,0.26462
head-adapt,0,-57,0.2422
head-adapt,0,-86,0.18569
head-adapt,1,-16,0.2797
head-adapt,1,0,0.22718
head-adapt,0,-108,0.1805
head-adapt,1,25,0.3042
head-adapt,1,-1,0.2353
head-adapt,1,19,0.33924
head-adapt,1,11,0.30169
head-adapt,1,-10,0.27744
head-adapt,1,25,0.31842
head-adapt,0,-65,0.16366
head-adapt,1,65,0.30669
head-adapt,1,51,0.25914
head-adapt,0,-73,0.13491
head-adapt,1,-65,0.17633
head-adapt,1,14,0.28238
head-adapt,1,19,0.3021
head-adapt,1,-18,0.25435
head-adapt,0,-58,0.23696
head-adapt,1,30,0.2746
head-adapt,1,-13,0.28419
head-adapt,0,-49,0.29749
head-adapt,1,6,0.28586
head-adapt,1,18,0.28701
head-adapt,1,-2,0.3507
head-adapt,1,66,0.31699
head-adapt,1,-21,0.26559
head-adapt,0,-39,0.2775
head-adapt,1,-26,0.30382
head-adapt,1,-31,0.27693
head-adapt,1,-36,0.32013
head-adapt,1,-17,0.18121
head-adapt,1,-13,0.28739
head-adapt,1,-5,0.24608
head-adapt,1,3,0.19824
head-adapt,1,22,0.26618
head-adapt,1,-4,0.32247
head-adapt,0,-53,0.24728
head-adapt,1,24,0.32208
head-adapt,1,-4,0.30038
head-adapt,1,-33,0.28491
head-adapt,1,-7,0.22675
head-adapt,1,-4,0.28013
head-adapt,1,-11,0.29699
head-adapt,1,1,0.29173
head-adapt,1,15,0.32804
head-adapt,1,-44,0.24842
head-adapt,1,-80,0.21319
head-adapt,1,-19,0.26484
head-adapt,1,27,0.27716
head-adapt,1,12,0.32969
head-adapt,0,-108,0.13147
head-adapt,1,-44,0.27547
head-adapt,1,-78,0.24577
head-adapt,1,-35,0.2834
head-adapt,1,-12,0.23413
head-adapt,1,19,0.28258
head-adapt,1,-32,0.27909
head-adapt,0,-55,0.19964
head-adapt,0,-69,0.20959
head-adapt,0,-162,0.00111
head-adapt,1,-35,0.21306
head-adapt,1,-29,0.24902
head-adapt,1,28,0.28685
head-adapt,0,-137,0.19227
head-adapt,1,2,0.26866
head-adapt,1,-23,0.31676
head-adapt,1,-9,0.28966
head-adapt,0,-37,0.25383
head-adapt,0,-105,0.21331
head-adapt,1,-27,0.25868
head-adapt,1,-7,0.23662
head-adapt,1,13,0.26981
head-adapt,0,-109,0.1905
head-adapt,1,-6,0.21267
head-adapt,1,-34,0.25253
head-adapt,1,7,0.33605
head-adapt,1,-22,0.22166
head-adapt,0,-33,0.25751
head-adapt,1,-33,0.29153
head-adapt,1,-18,0.26433
head-adapt,1,22,0.31233
head-adapt,1,-6,0.29979
head-adapt,1,-35,0.26841
head-adapt,1,20,0.29034
head-adapt,0,-33,0.2621
head-adapt,1,-36,0.23744
head-adapt,0,-106,0.20854
head-adapt,1,28,0.30434
head-adapt,0,-41,0.20453
head-adapt,1,14,0.32385
head-adapt,1,-7,0.28255
head-adapt,0,-70,0.22494
head-adapt,0,-40,0.25351
head-adapt,1,-25,0.26478
head-adapt,0,-42,0.25359
head-adapt,0,-87,0.24067
head-adapt,1,59,0.34089
head-adapt,1,82,0.31384
head-adapt,1,-41,0.26188
head-adapt,1,-13,0.211
head-adapt,0,-47,0.25871
head-adapt,1,24,0.27781
head-adapt,1,-19,0.27196
head-adapt,1,-36,0.28218
head-adapt,0,-55,0.27489
head-adapt,1,-13,0.25268
head-adapt,1,-4,0.28854
head-adapt,1,-66,0.24543
head-adapt,1,-60,0.28437
head-adapt,1,-61,0.25883
head-adapt,0,-33,0.26118
head-adapt,1,53,0.32759
head-adapt,0,-71,0.21456
head-adapt,0,-137,0.21248
head-adapt,1,-28,0.21913
head-adapt,0,-40,0.24131
head-adapt,0,-65,0.21305
head-adapt,1,0,0.25045
head-adapt,0,-75,0.1891
head-adapt,0,-39,0.23544
head-adapt,1,-52,0.25599
head-adapt,1,47,0.24728
head-adapt,1,51,0.28501
head-adapt,1,-85,0.25836
head-adapt,1,-20,0.28708
head-adapt,1,-11,0.28763
head-adapt,1,-21,0.31397
head-adapt,1,-29,0.24358
head-adapt,1,-41,0.23854
head-adapt,1,60,0.30267
head-adapt,1,29,0.33067
head-adapt,0,-80,0.24127
head-adapt,0,-94,0.16247
head-adapt,1,42,0.33507
head-adapt,1,7,0.21325
head-adapt,1,-64,0.2762
head-adapt,1,86,0.29692
head-adapt,1,-9,0.31991
head-adapt,1,-68,0.25122
head-adapt,1,-34,0.29886
head-adapt,1,0,0.2796
head-adapt,0,-62,0.23174
head-adapt,1,-9,0.26328
head-adapt,0,-51,0.27871
head-adapt,0,-147,0.19577
head-adapt,1,-20,0.25683
head-adapt,1,10,0.33453
head-adapt,1,-44,0.30734
head-adapt,1,-18,0.26241
head-adapt,1,-16,0.30874
head-adapt,1,-33,0.29385
head-adapt,1,-87,0.26653
head-adapt,0,-145,0.186
head-adapt,1,-3,0.26566
head-adapt,1,-30,0.22628
head-adapt,1,0,0.25132
head-adapt,1,20,0.32559
head-adapt,1,-16,0.26122
head-adapt,0,-49,0.15803
head-adapt,1,60,0.28146
head-adapt,1,-51,0.24525
head-adapt,1,63,0.32964
head-adapt,0,-63,0.18741
head-adapt,1,-13,0.30389
head-adapt,1,42,0.32784
head-adapt,0,-118,0.20586
head-adapt,1,0,0.28454
head-adapt,0,-57,0.2341
head-adapt,1,-30,0.30092
head-adapt,1,-39,0.27596
head-adapt,1,76,0.28676
head-adapt,1,-55,0.24043
head-adapt,1,27,0.34496
head-adapt,0,-218,-0.02921
head-adapt,1,40,0.29074
head-adapt,1,-10,0.35001
head-adapt,1,-13,0.30642
head-adapt,1,-46,0.28479
head-adapt,1,24,0.25472
head-adapt,0,-111,0.16551
head-adapt,1,-44,0.20453
head-adapt,1,3,0.264
head-adapt,0,-217,0.05016
head-adapt,0,-89,0.20323
head-adapt,1,87,0.29421
head-adapt,0,-52,0.20864
head-adapt,0,-94,0.17111
head-adapt,1,-17,0.29739
head-adapt,1,5,0.31987
head-adapt,1,-19,0.23927
head-adapt,1,-25,0.22222
head-adapt,0,-59,0.1883
head-adapt,0,-52,0.1446
head-adapt,1,-23,0.21579
head-adapt,1,45,0.29931
head-adapt,1,6,0.29194
head-adapt,1,18,0.31284
head-adapt,1,76,0.3205
head-adapt,1,56,0.3211
head-adapt,1,55,0.3454
head-adapt,1,-3,0.24483
head-adapt,1,-20,0.29133
head-adapt,1,75,0.27773
head-adapt,1,-27,0.19714
head-adapt,1,-41,0.29108
head-adapt,0,-37,0.2608
head-adapt,1,-5,0.25956
head-adapt,1,24,0.28931
head-adapt,1,-46,0.23878
head-adapt,0,-41,0.227
head-adapt,0,-88,0.15633
head-adapt,0,-61,0.20526
head-adapt,1,53,0.2769
head-adapt,1,87,0.34766
head-adapt,0,-80,0.22008
head-adapt,1,27,0.25828
head-adapt,1,-28,0.24616
head-adapt,1,32,0.33109
head-adapt,1,2,0.30342
head-adapt,0,-56,0.24435
head-adapt,1,-58,0.28086
head-adapt,1,-14,0.29715
head-adapt,1,-30,0.27561
head-adapt,0,-49,0.2573
head-adapt,1,28,0.31334
head-adapt,1,-46,0.23659
head-adapt,1,45,0.30075
head-adapt,0,-59,0.18938
head-adapt,0,-56,0.24163
head-adapt,1,6,0.31032
head-adapt,1,18,0.2984
head-adapt,0,-28,0.21488
head-adapt,1,-40,0.24251
head-adapt,1,-29,0.23121
head-adapt,1,49,0.27447
head-adapt,0,-41,0.22741
head-adapt,0,-136,0.15619
head-adapt,1,-4,0.2648
head-adapt,1,-1,0.26655
head-adapt,1,9,0.28368
head-adapt,1,9,0.27429
head-adapt,1,-57,0.2938
head-adapt,1,-17,0.28144
head-adapt,1,-56,0.26648
head-adapt,1,-28,0.21293
head-adapt,1,-11,0.27213
head-adapt,1,41,0.33049
head-adapt,1,-33,0.29137
head-adapt,1,-35,0.20756
head-adapt,1,48,0.29881
head-adapt,1,-32,0.33036
head-adapt,1,-9,0.28271
head-adapt,0,-50,0.2084
head-adapt,0,-71,0.15535
head-adapt,0,-143,0.15153
head-adapt,1,-12,0.26968
head-adapt,1,8,0.32522
head-adapt,1,32,0.34135
head-adapt,1,-12,0.32089
head-adapt,1,-4,0.26748
head-adapt,1,-28,0.24793
head-adapt,1,69,0.35732
head-adapt,1,-8,0.20739
head-adapt,1,-14,0.281
head-adapt,1,55,0.29345
head-adapt,1,-11,0.27001
head-adapt,1,-25,0.32611
head-adapt,1,0,0.26195
head-adapt,1,-13,0.26285
head-adapt,1,-32,0.19677
head-adapt,1,98,0.30706
head-adapt,1,-36,0.26664
head-adapt,1,-7,0.27869
head-adapt,1,-57,0.28018
head-adapt,0,-32,0.27086
head-adapt,1,-1,0.31823
head-adapt,0,-88,0.21714
head-adapt,1,-12,0.30267
head-adapt,0,-20,0.30095
head-adapt,1,5,0.3183
head-adapt,1,-50,0.27772
head-adapt,1,8,0.27938
head-adapt,1,45,0.28322
head-adapt,1,21,0.30301
head-adapt,1,22,0.3152
head-adapt,1,20,0.26181
head-adapt,0,-56,0.25273
head-adapt,0,-79,0.20637
head-adapt,0,-58,0.22991
head-adapt,1,-43,0.27116
head-adapt,1,-4,0.32191
head-adapt,0,-88,0.25348
head-adapt,1,-30,0.25468
head-adapt,0,-101,0.22873
head-adapt,1,0,0.29443
head-adapt,1,1,0.2872
head-adapt,1,16,0.31375
head-adapt,1,-22,0.30941
head-adapt,1,-19,0.21795
head-adapt,1,29,0.31306
head-adapt,0,-60,0.20761
head-adapt,1,-33,0.25775
head-adapt,1,-17,0.20972
head-adapt,1,-14,0.28536
head-adapt,1,2,0.29718
head-adapt,1,-14,0.27859
head-adapt,0,-70,0.19302
head-adapt,1,-14,0.27629
head-adapt,1,15,0.24945
head-adapt,1,-31,0.26287
head-adapt,1,6,0.31231
head-adapt,0,-71,0.17387
head-adapt,1,89,0.39256
head-adapt,1,-12,0.23378
head-adapt,1,5,0.23215
head-adapt,1,23,0.28115
head-adapt,1,38,0.3416
head-adapt,1,-5,0.27544
head-adapt,1,57,0.3192
head-adapt,0,-93,0.16883
head-adapt,1,-5,0.25404
head-adapt,1,-23,0.25042
head-adapt,0,-94,0.19626
head-adapt,1,0,0.30922
head-adapt,1,-28,0.28602
head-adapt,1,28,0.30912
head-adapt,0,-149,0.18887
head-adapt,1,-1,0.28038
head-adapt,1,-24,0.27442
head-adapt,0,-62,0.25603
head-adapt,1,-35,0.23558
head-adapt,1,-17,0.24854
head-adapt,1,1,0.32118
head-adapt,1,-27,0.23323
head-adapt,1,-16,0.26311
head-adapt,1,68,0.33343
head-adapt,1,-12,0.33187
head-adapt,1,-3,0.27283
head-adapt,1,-32,0.27421
head-adapt,1,-19,0.28017
head-adapt,1,-52,0.20434
head-adapt,0,-88,0.20141
head-adapt,1,-7,0.27382
head-adapt,1,10,0.29684
head-adapt,1,-35,0.25618
head-adapt,0,-93,0.15635
head-adapt,1,-33,0.24601
head-adapt,1,-20,0.28
head-adapt,1,-39,0.26831
head-adapt,1,50,0.3039
head-adapt,1,-7,0.31586
head-adapt,1,30,0.31604
head-adapt,1,-39,0.25735
head-adapt,0,-67,0.23191
head-adapt,0,-99,0.17871
head-adapt,0,-93,0.22987
head-adapt,1,-12,0.32583
head-adapt,1,44,0.30519
head-adapt,1,2,0.26441
head-adapt,1,-17,0.25575
head-adapt,1,48,0.27089
head-adapt,1,-32,0.30881
head-adapt,1,5,0.28349
head-adapt,0,-53,0.24676
head-adapt,0,-33,0.26552
head-adapt,1,-3,0.25468
head-adapt,1,-73,0.2395
head-adapt,1,60,0.26992
head-adapt,1,-69,0.2798
head-adapt,1,27,0.26392
head-adapt,1,37,0.31794
head-adapt,1,-41,0.31341
head-adapt,1,29,0.35502
head-adapt,1,22,0.26889
head-adapt,1,-1,0.25864
head-adapt,0,-71,0.23264
head-adapt,1,-39,0.23091
head-adapt,1,-35,0.28552
head-adapt,1,24,0.29728
head-adapt,1,-67,0.24086
head-adapt,1,-52,0.27062
head-adapt,1,-2,0.33059
head-adapt,1,26,0.33424
head-adapt,1,9,0.32609
head-adapt,1,7,0.2479
head-adapt,1,26,0.33891
head-adapt,1,-17,0.29951
head-adapt,0,-113,0.17213
head-adapt,0,-27,0.28679
head-adapt,1,-27,0.31021
head-adapt,1,66,0.30003
head-adapt,1,56,0.31092
head-adapt,1,9,0.28626
head-adapt,0,-106,0.19089
head-adapt,0,-58,0.18991
head-adapt,0,-66,0.20534
head-adapt,0,-56,0.25989
head-adapt,0,-59,0.28148
head-adapt,0,-80,0.25242
head-adapt,0,-84,0.24236
head-adapt,0,-71,0.23585
head-adapt,1,78,0.34343
head-adapt,1,-14,0.27621
head-adapt,1,2,0.2882
head-adapt,1,-7,0.2302
head-adapt,0,-89,0.21329
head-adapt,1,-19,0.20473
head-adapt,0,-117,0.15734
head-adapt,1,-22,0.33007
head-adapt,1,6,0.28514
head-adapt,1,-21,0.25137
head-adapt,1,-24,0.25291
head-adapt,0,-45,0.20765
head-adapt,0,-66,0.17377
head-adapt,1,9,0.31809
head-adapt,1,1,0.31775
head-adapt,1,29,0.29822
head-adapt,0,-41,0.22849
head-adapt,1,-2,0.26814
head-adapt,0,-205,0.08132
head-adapt,1,-33,0.2804
head-adapt,1,16,0.31562
head-adapt,1,-15,0.27137
head-adapt,1,-18,0.31901
head-adapt,1,-22,0.27023
head-adapt,1,-31,0.26299
head-adapt,0,-45,0.18268
head-adapt,1,16,0.27845
head-adapt,1,88,0.29675
head-adapt,1,-4,0.25107
head-adapt,1,7,0.24258
head-adapt,0,-51,0.22322
head-adapt,1,-13,0.28647
head-adapt,1,25,0.29158
head-adapt,1,-18,0.22328
head-adapt,1,31,0.34419
head-adapt,0,-86,0.22794
head-adapt,1,-47,0.2604
head-adapt,1,-27,0.2364
head-adapt,1,-49,0.22856
head-adapt,0,-113,0.17717
head-adapt,1,8,0.24927
head-adapt,1,87,0.27459
head-adapt,1,-17,0.27257
head-adapt,1,40,0.26111
head-adapt,1,38,0.27697
head-adapt,0,-56,0.18888
head-adapt,1,21,0.2805
head-adapt,0,-69,0.25937
head-adapt,1,36,0.34492
head-adapt,1,0,0.33233
head-adapt,1,-6,0.2795
head-adapt,1,-17,0.2124
head-adapt,1,38,0.33742
head-adapt,1,-35,0.24979
head-adapt,1,43,0.33982
head-adapt,1,39,0.25997
head-adapt,1,22,0.26833
head-adapt,1,16,0.27022
head-adapt,0,-124,0.18012
head-adapt,1,90,0.26769
head-adapt,0,-147,0.19414
head-adapt,1,-16,0.33346
head-adapt,1,35,0.33988
head-adapt,1,-26,0.29079
head-adapt,0,-122,0.1821
head-adapt,1,11,0.18277
head-adapt,1,6,0.3264
head-adapt,1,92,0.35669
head-adapt,1,-56,0.21679
head-adapt,1,9,0.2985
head-adapt,0,-165,0.14552
head-adapt,1,-42,0.24102
head-adapt,1,-15,0.25597
head-adapt,1,62,0.31212
head-adapt,1,-15,0.27407
head-adapt,1,52,0.30001
head-adapt,1,8,0.27771
head-adapt,1,21,0.29097
head-adapt,1,39,0.32885
head-adapt,1,-30,0.22746
head-adapt,1,21,0.33115
head-adapt,1,-45,0.20634
head-adapt,1,-41,0.28181
head-adapt,1,-11,0.28261
head-adapt,1,-17,0.23588
head-adapt,1,8,0.26971
head-adapt,1,-43,0.28718
head-adapt,1,-11,0.31628
head-adapt,1,-30,0.28022
head-adapt,0,-83,0.18985
head-adapt,1,-24,0.3053
head-adapt,1,-9,0.26618
head-adapt,1,-35,0.27202
head-adapt,0,-110,0.25463
head-adapt,1,-38,0.31571
head-adapt,0,-37,0.26681
head-adapt,0,-32,0.287
head-adapt,0,-37,0.21305
head-adapt,1,-12,0.27146
head-adapt,1,3,0.26902
head-adapt,1,2,0.31644
head-adapt,1,-15,0.2626
head-adapt,1,-31,0.29229
head-adapt,1,95,0.36586
head-adapt,1,11,0.19562
head-adapt,1,54,0.29999
head-adapt,1,-24,0.2611
head-adapt,1,73,0.31917
head-adapt,0,-89,0.20914
head-adapt,1,-55,0.31238
head-adapt,0,-32,0.26854
head-adapt,1,-24,0.3013
head-adapt,1,6,0.29835
head-adapt,1,17,0.24056
head-adapt,1,-22,0.30566
head-adapt,1,20,0.32609
head-adapt,0,-137,0.09977
head-adapt,1,-5,0.29368
head-adapt,1,-8,0.31402
head-adapt,1,46,0.30311
head-adapt,1,52,0.30442
head-adapt,1,1,0.3028
head-adapt,1,8,0.26789
head-adapt,0,-46,0.27434
head-adapt,1,-4,0.28775
head-adapt,0,-56,0.1864
head-adapt,1,43,0.28011
head-adapt,1,11,0.2868
head-adapt,1,-4,0.25193
head-adapt,1,-11,0.29528
head-adapt,1,3,0.28621
head-adapt,1,-40,0.23846
head-adapt,0,-25,0.15776
head-adapt,1,45,0.28539
head-adapt,1,-72,0.24185
head-adapt,0,-38,0.23607
head-adapt,1,-21,0.24573
head-adapt,1,-69,0.20039
head-adapt,1,71,0.30605
head-adapt,1,-19,0.27309
head-adapt,1,-68,0.27313
head-adapt,1,-24,0.21358
head-adapt,1,-17,0.27704
head-adapt,1,60,0.32472
head-adapt,1,35,0.26202
head-adapt,1,14,0.29449
head-adapt,1,16,0.28648
head-adapt,1,15,0.3489
head-adapt,1,22,0.2398
head-adapt,0,-26,0.27191
head-adapt,1,90,0.32766
head-adapt,1,-18,0.28861
head-adapt,1,-50,0.25704
head-adapt,1,1,0.27243
head-adapt,0,-119,0.17906
head-adapt,0,-35,0.20395
head-adapt,0,-57,0.23568
head-adapt,0,-76,0.21949
head-adapt,0,-42,0.25509
head-adapt,1,30,0.31344
head-adapt,1,22,0.22804
head-adapt,1,-43,0.30315
head-adapt,1,-9,0.34473
head-adapt,1,-33,0.23134
head-adapt,0,-86,0.2416
head-adapt,0,-149,0.13635
head-adapt,1,2,0.32123
head-adapt,1,-45,0.20764
head-adapt,0,-113,0.09331
head-adapt,1,-29,0.28288
head-adapt,1,-20,0.20759
head-adapt,1,11,0.29469
head-adapt,1,-25,0.23855
head-adapt,0,-89,0.12623
head-adapt,1,63,0.33451
head-adapt,0,-61,0.17935
head-adapt,1,44,0.27962
head-adapt,0,-109,0.17674
head-adapt,1,19,0.22568
head-adapt,1,88,0.31896
head-adapt,1,12,0.25442
head-adapt,1,21,0.25992
head-adapt,1,-26,0.2841
head-adapt,1,16,0.28865
head-adapt,1,44,0.31942
head-adapt,1,28,0.25812
head-adapt,1,1,0.30487
head-adapt,1,77,0.31337
head-adapt,0,-43,0.23219
head-adapt,1,-58,0.25477
head-adapt,1,57,0.29695
head-adapt,1,6,0.26849
head-adapt,1,-18,0.20249
head-adapt,1,-15,0.33827
head-adapt,1,5,0.34053
head-adapt,0,-120,0.10691
head-adapt,1,-45,0.24747
head-adapt,1,89,0.3249
head-adapt,0,-40,0.24986
head-adapt,1,41,0.24929
head-adapt,1,23,0.32021
head-adapt,1,-14,0.33774
head-adapt,0,-62,0.27689
head-adapt,1,15,0.2861
head-adapt,1,-101,0.25188
head-adapt,0,-183,0.07758
head-adapt,1,-12,0.26163
head-adapt,1,-7,0.26064
head-adapt,1,-30,0.16058
head-adapt,1,42,0.32205
head-adapt,1,30,0.32577
head-adapt,1,-40,0.25272
head-adapt,1,-3,0.32466
head-adapt,0,-75,0.25275
head-adapt,0,-136,0.18966
head-adapt,1,-8,0.30149
head-adapt,1,2,0.31922
head-adapt,1,17,0.34968
head-adapt,1,11,0.20626
head-adapt,1,-52,0.27538
head-adapt,1,31,0.35047
head-adapt,0,-178,0.14961
head-adapt,1,30,0.35075
head-adapt,1,-35,0.25761
head-adapt,0,-127,0.19872
head-adapt,1,-29,0.30227
head-adapt,1,-29,0.32198
head-adapt,1,-90,0.23821
head-adapt,0,-113,0.21591
head-adapt,0,-77,0.19776
head-adapt,1,-13,0.28995
head-adapt,0,-173,0.13767
head-adapt,0,-35,0.2834
head-adapt,1,-36,0.31709
head-adapt,0,-112,0.16638
head-adapt,0,-49,0.27602
head-adapt,1,11,0.22873
head-adapt,1,-84,0.25756
head-adapt,1,30,0.3074
head-adapt,1,-16,0.33414
head-adapt,1,-5,0.33066
head-adapt,1,0,0.26056
head-adapt,1,32,0.33098
head-adapt,1,-16,0.33821
head-adapt,1,4,0.26268
head-adapt,0,-101,0.1342
head-adapt,0,-148,0.20337
head-adapt,1,-31,0.23207
head-adapt,1,-27,0.27473
head-adapt,1,-8,0.34553
head-adapt,1,56,0.33842
head-adapt,1,47,0.33158
head-adapt,1,-25,0.29567
head-adapt,1,-16,0.30853
head-adapt,1,-23,0.2597
head-adapt,1,-35,0.2433
head-adapt,1,-40,0.25141
head-adapt,0,-48,0.22018
head-adapt,1,-18,0.26308
head-adapt,0,-60,0.17244
head-adapt,1,20,0.28875
head-adapt,1,-8,0.25319
head-adapt,1,-59,0.25515
head-adapt,1,-64,0.24406
head-adapt,1,-16,0.29846
head-adapt,1,-18,0.27787
head-adapt,0,-47,0.25692
head-adapt,1,8,0.23804
head-adapt,1,-35,0.27199
head-adapt,1,44,0.31218
head-adapt,1,-4,0.2929
head-adapt,1,-21,0.25517
head-adapt,1,47,0.2933
head-adapt,1,22,0.31738
head-adapt,0,-54,0.23952
head-adapt,0,-86,0.24562
head-adapt,1,10,0.25687
head-adapt,0,-107,0.21145
head-adapt,0,-60,0.17635
head-adapt,1,-18,0.29175
head-adapt,0,-55,0.2421
head-adapt,1,42,0.31872
head-adapt,0,-196,0.01407
head-adapt,1,-30,0.24873
head-adapt,0,-80,0.1426
head-adapt,1,-4,0.29258
head-adapt,1,-45,0.26125
head-adapt,1,7,0.27638
head-adapt,0,-83,0.16269
head-adapt,1,61,0.26695
head-adapt,0,-84,0.21751
head-adapt,1,-10,0.19909
head-adapt,1,-15,0.26892
head-adapt,1,42,0.30378
head-adapt,0,-45,0.18057
head-adapt,0,-115,0.1978
head-adapt,1,-21,0.24459
head-adapt,0,-64,0.15007
head-adapt,0,-171,0.17725
head-adapt,1,-50,0.21583
head-adapt,1,-14,0.30232
head-adapt,1,37,0.33939
head-adapt,1,0,0.32378
head-adapt,1,19,0.27792
head-adapt,1,39,0.32023
head-adapt,1,1,0.31251
head-adapt,1,-20,0.25019
head-adapt,1,7,0.30705
head-adapt,1,13,0.31284
head-adapt,1,21,0.33291
head-adapt,1,-24,0.23452
head-adapt,1,-9,0.22115
head-adapt,1,11,0.24287
head-adapt,1,-21,0.21677
head-adapt,0,-85,0.2286
head-adapt,1,-19,0.25959
head-adapt,1,-36,0.31311
head-adapt,0,-67,0.19818
head-adapt,1,42,0.30726
head-adapt,1,11,0.29118
head-adapt,1,-18,0.25563
head-adapt,1,19,0.3686
head-adapt,1,-9,0.27231
head-adapt,1,10,0.30613
head-adapt,1,-19,0.31662
head-adapt,0,-61,0.28277
head-adapt,1,-56,0.24902
head-adapt,1,-65,0.24911
head-adapt,1,29,0.29884
head-adapt,1,-35,0.29795
head-adapt,1,35,0.30796
head-adapt,1,52,0.30015
head-adapt,1,-16,0.29957
head-adapt,0,-81,0.22932
head-adapt,0,-53,0.24031
head-adapt,1,-25,0.22252
head-adapt,1,-86,0.21688
head-adapt,1,58,0.36688
head-adapt,1,-86,0.22091
head-adapt,1,-48,0.23173
head-adapt,1,8,0.26494
head-adapt,1,-55,0.23404
head-adapt,0,-45,0.26065
head-adapt,0,-71,0.21657
head-adapt,1,-28,0.28028
head-adapt,0,-58,0.20393
head-adapt,1,25,0.27972
head-adapt,1,-9,0.29872
head-adapt,1,-63,0.27966
head-adapt,1,-7,0.3058
head-adapt,0,-58,0.25915
head-adapt,1,52,0.31303
head-adapt,0,-52,0.23595
head-adapt,1,6,0.26193
head-adapt,1,-32,0.26761
head-adapt,1,-19,0.23286
head-adapt,0,-38,0.28359
head-adapt,1,-3,0.30263
head-adapt,1,-13,0.22042
head-adapt,1,0,0.31078
head-adapt,1,0,0.30156
head-adapt,1,-22,0.28857
head-adapt,1,-27,0.24782
head-adapt,1,-5,0.2908
head-adapt,1,45,0.25127
head-adapt,1,-12,0.32338
head-adapt,1,17,0.22877
head-adapt,1,53,0.31969
head-adapt,0,-49,0.20988
head-adapt,0,-69,0.22593
head-adapt,1,-28,0.24389
head-adapt,1,-45,0.26275
head-adapt,1,1,0.22712
head-adapt,1,-8,0.26896
head-adapt,1,-2,0.27008
head-adapt,0,-167,0.15981
head-adapt,0,-76,0.2583
head-adapt,0,-67,0.23665
head-adapt,1,34,0.32679
head-adapt,0,-75,0.24027
head-adapt,1,-42,0.16174
head-adapt,1,13,0.28622
head-adapt,1,3,0.26486
head-adapt,1,-29,0.20153
head-adapt,0,-77,0.23548
head-adapt,1,-11,0.26796
head-adapt,0,-62,0.21558
head-adapt,1,48,0.30015
head-adapt,1,-4,0.24248
head-adapt,0,-49,0.24895
head-adapt,0,-56,0.22286
head-adapt,1,-15,0.22171
head-adapt,0,-63,0.24912
head-adapt,1,21,0.23789
head-adapt,1,-6,0.30867
head-adapt,1,17,0.32383
head-adapt,1,58,0.29797
head-adapt,1,18,0.2486
head-adapt,0,-98,0.16162
head-adapt,0,-77,0.20945
head-adapt,1,14,0.26746
head-adapt,1,40,0.29981
head-adapt,0,-77,0.23474
head-adapt,1,60,0.33742
head-adapt,1,18,0.28736
head-adapt,1,48,0.32043
head-adapt,1,48,0.30309
head-adapt,0,-62,0.24777
head-adapt,1,6,0.2436
head-adapt,0,-105,0.20322
head-adapt,0,-42,0.26522
head-adapt,1,11,0.3094
head-adapt,0,-33,0.25106
head-adapt,0,-63,0.23068
head-adapt,0,-73,0.2216
head-adapt,1,5,0.30316
head-adapt,1,13,0.28023
head-adapt,1,49,0.32248
head-adapt,1,-6,0.3521
head-adapt,1,47,0.3356
head-adapt,1,3,0.27745
head-adapt,1,40,0.25632
head-adapt,1,32,0.29123
head-adapt,1,-7,0.27819
head-adapt,0,-76,0.20145
head-adapt,1,-24,0.29484
head-adapt,1,-16,0.29141
head-adapt,1,46,0.22596
head-adapt,1,-42,0.27278
head-adapt,1,40,0.31452
head-adapt,0,-46,0.22031
head-adapt,1,-36,0.28348
head-adapt,1,-31,0.25954
head-adapt,1,-21,0.28654
head-adapt,1,27,0.33647
head-adapt,1,57,0.26189
head-adapt,1,52,0.33444
head-adapt,1,-16,0.24259
head-adapt,1,-44,0.29216
head-adapt,1,88,0.36033
head-adapt,1,-32,0.29326
head-adapt,1,16,0.31157
head-adapt,0,-62,0.26896
head-adapt,0,-97,0.13837
head-adapt,1,-59,0.28779
head-adapt,1,-10,0.27507
head-adapt,1,-6,0.32621
head-adapt,1,-22,0.24804
head-adapt,1,54,0.37176
head-adapt,1,-15,0.29415
head-adapt,0,-44,0.28123
head-adapt,1,14,0.29038
head-adapt,0,-55,0.26612
head-adapt,1,8,0.30149
head-adapt,0,-61,0.25725
head-adapt,1,-3,0.2778
head-adapt,1,26,0.26582
head-adapt,1,-26,0.26083
head-adapt,1,-19,0.28537
head-adapt,1,2,0.32004
head-adapt,1,-21,0.21985
head-adapt,1,46,0.2644
head-adapt,1,44,0.30976
head-adapt,0,-46,0.18454
head-adapt,0,-100,0.18822
head-adapt,1,-64,0.29477
head-adapt,1,5,0.27522
head-adapt,1,8,0.33618
head-adapt,1,3,0.283
head-adapt,1,7,0.33649
head-adapt,1,-20,0.31747
head-adapt,1,46,0.27375
head-adapt,1,5,0.28333
head-adapt,1,-35,0.28595
head-adapt,1,-63,0.21042
head-adapt,1,11,0.35032
head-adapt,1,-4,0.28945
head-adapt,0,-47,0.27253
head-adapt,1,-67,0.24246
head-adapt,0,-78,0.23234
head-adapt,1,4,0.26989
head-adapt,1,-11,0.29263
head-adapt,0,-47,0.25163
head-adapt,1,-16,0.28872
head-adapt,1,-30,0.20743
head-adapt,1,-14,0.2308
head-adapt,1,-29,0.23032
head-adapt,0,-58,0.24094
head-adapt,1,20,0.28412
head-adapt,1,-36,0.26472
head-adapt,1,-6,0.19458
head-adapt,1,-29,0.30516
head-adapt,0,-25,0.28955
head-adapt,0,-65,0.22894
head-adapt,1,3,0.30384
head-adapt,1,25,0.32204
head-adapt,0,-112,0.10022
head-adapt,0,-130,0.20949
head-adapt,1,-35,0.27806
head-adapt,1,-46,0.26376
head-adapt,1,-47,0.273
head-adapt,1,51,0.32953
head-adapt,1,38,0.34872
head-adapt,0,-99,0.11893
head-adapt,1,54,0.31143
head-adapt,1,27,0.25931
head-adapt,1,-17,0.22634
head-adapt,1,8,0.32334
head-adapt,1,31,0.31607
head-adapt,1,5,0.31273
head-adapt,1,23,0.2875
head-adapt,1,51,0.27862
head-adapt,1,48,0.29772
head-adapt,1,-44,0.25365
head-adapt,0,-110,0.19026
head-adapt,1,69,0.2969
head-adapt,1,19,0.33637
head-adapt,0,-72,0.22529
head-adapt,1,58,0.27405
head-adapt,1,-2,0.28333
head-adapt,0,-73,0.23571
head-adapt,1,-8,0.30559
head-adapt,1,-2,0.33338
head-adapt,1,-11,0.28734
head-adapt,1,-5,0.24406
head-adapt,1,-4,0.33349
head-adapt,0,-61,0.18227
head-adapt,1,30,0.32059
head-adapt,1,-15,0.2774
head-adapt,0,-25,0.27674
head-adapt,0,-142,0.1405
head-adapt,0,-136,0.21696
head-adapt,1,-48,0.27087
head-adapt,1,-24,0.19995
head-adapt,1,25,0.2648
head-adapt,0,-67,0.15193
head-adapt,1,38,0.2655
head-adapt,1,-7,0.3246
head-adapt,1,-7,0.26687
head-adapt,1,-82,0.24607
head-adapt,1,40,0.3048
head-adapt,1,7,0.32501
head-adapt,1,21,0.27948
head-adapt,1,46,0.24984
head-adapt,1,-11,0.3261
head-adapt,1,-59,0.27106
head-adapt,1,-25,0.27093
head-adapt,1,-80,0.22286
head-adapt,1,69,0.33452
head-adapt,1,-10,0.26168
head-adapt,0,-51,0.17166
head-adapt,1,31,0.27355
head-adapt,0,-65,0.27152
head-adapt,0,-66,0.20869
head-adapt,1,-2,0.22504
head-adapt,1,41,0.28555
head-adapt,0,-112,0.1516
head-adapt,1,38,0.30936
head-adapt,1,63,0.32164
head-adapt,1,-16,0.27261
head-adapt,1,18,0.31438
head-adapt,1,-1,0.27276
head-adapt,1,21,0.28673
head-adapt,1,16,0.29769
head-adapt,1,-2,0.31425
head-adapt,1,30,0.34184
head-adapt,1,-56,0.2081
head-adapt,1,-11,0.23824
head-adapt,1,-44,0.27194
head-adapt,1,13,0.33474
head-adapt,1,-19,0.23437
head-adapt,1,-27,0.24381
head-adapt,1,28,0.26659
head-adapt,1,27,0.30471
head-adapt,1,26,0.27385
head-adapt,1,-44,0.27702
head-adapt,0,-45,0.29385
head-adapt,1,-6,0.34729
head-adapt,1,7,0.27279
head-adapt,1,21,0.26514
head-adapt,0,-64,0.23359
head-adapt,0,-149,0.17956
head-adapt,1,-36,0.28338
head-adapt,1,34,0.28723
head-adapt,1,-16,0.24369
head-adapt,0,-95,0.23209
head-adapt,1,-54,0.23001
head-adapt,0,-125,0.15418
head-adapt,0,-95,0.21832
head-adapt,0,-86,0.22458
head-adapt,1,1,0.33113
head-adapt,1,-27,0.25614
head-adapt,0,-110,0.19088
head-adapt,1,-3,0.31023
head-adapt,0,-41,0.27191
head-adapt,1,9,0.2879
head-adapt,1,10,0.29152
head-adapt,1,15,0.35132
head-adapt,0,-67,0.20649
head-adapt,1,-25,0.29067
head-adapt,1,-10,0.30671
head-adapt,1,-17,0.30367
head-adapt,1,-31,0.32862
head-adapt,1,34,0.32143
head-adapt,0,-65,0.26105
head-adapt,0,-28,0.28398
head-adapt,0,-62,0.2186
head-adapt,0,-59,0.21989
head-adapt,1,-37,0.30596
head-adapt,1,30,0.29472
head-adapt,1,-51,0.28227
head-adapt,0,-48,0.2383
head-adapt,0,-61,0.20622
head-adapt,0,-70,0.21018
head-adapt,1,-33,0.27729
head-adapt,1,1,0.30414
head-adapt,1,-21,0.23159
head-adapt,1,-21,0.26921
head-adapt,1,-11,0.36167
head-adapt,1,-38,0.28482
head-adapt,1,-29,0.28163
head-adapt,1,-22,0.29914
head-adapt,0,-58,0.19731
head-adapt,1,-15,0.34966
head-adapt,1,74,0.30679
head-adapt,1,52,0.26841
head-adapt,1,-42,0.25035
head-adapt,1,-40,0.26612
head-adapt,1,36,0.25883
head-adapt,1,-33,0.23524
head-adapt,1,9,0.25214
head-adapt,0,-50,0.25259
head-adapt,0,-111,0.22499
head-adapt,1,10,0.3342
head-adapt,1,-60,0.28366
head-adapt,1,-17,0.26601
head-adapt,1,55,0.29565
head-adapt,1,43,0.36499
head-adapt,0,-45,0.23231
head-adapt,0,-139,0.14189
head-adapt,1,-45,0.24305
head-adapt,1,-62,0.19046
head-adapt,1,-54,0.26867
head-adapt,1,-29,0.20495
head-adapt,1,-66,0.22671
head-adapt,0,-59,0.246
head-adapt,0,-56,0.23279
head-adapt,0,-110,0.18033
head-adapt,1,-7,0.25604
head-adapt,1,-57,0.19967
head-adapt,0,-50,0.20096
head-adapt,1,-36,0.24321
head-adapt,1,-29,0.29399
head-adapt,1,3,0.26759
head-adapt,1,-20,0.26651
head-adapt,0,-73,0.24225
head-adapt,0,-115,0.20194
head-adapt,1,7,0.26239
head-adapt,1,39,0.22807
head-adapt,1,69,0.30596
head-adapt,1,55,0.27867
head-adapt,1,86,0.32624
head-adapt,1,22,0.24916
head-adapt,1,34,0.24856
head-adapt,1,-12,0.29761
head-adapt,1,25,0.27009
head-adapt,0,-75,0.23766
head-adapt,1,-43,0.31534
head-adapt,1,31,0.25037
head-adapt,1,2,0.32554
head-adapt,1,-9,0.27042
head-adapt,1,-3,0.33274
head-adapt,1,-30,0.27888
head-adapt,1,5,0.29081
head-adapt,1,-43,0.29729
head-adapt,0,-140,0.15544
head-adapt,1,4,0.27075
head-adapt,0,-193,0.13159
head-adapt,1,124,0.33995
head-adapt,1,-6,0.20274
head-adapt,0,-50,0.24797
head-adapt,1,-18,0.29344
head-adapt,1,36,0.33939
head-adapt,1,86,0.295
head-adapt,1,2,0.32681
head-adapt,1,26,0.32749
head-adapt,1,-12,0.23841
head-adapt,0,-114,0.19377
head-adapt,1,-18,0.3197
head-adapt,0,-64,0.25072
head-adapt,1,-1,0.26376
head-adapt,1,34,0.2883
head-adapt,0,-110,0.20658
head-adapt,0,-130,0.1324
head-adapt,1,-10,0.3187
head-adapt,1,40,0.31436
head-adapt,1,-27,0.2445
head-adapt,1,-42,0.2474
head-adapt,1,-9,0.25057
head-adapt,0,-81,0.23271
head-adapt,1,-45,0.24242
head-adapt,1,15,0.3277
head-adapt,1,2,0.28082
head-adapt,0,-71,0.18128
head-adapt,0,-43,0.19799
head-adapt,1,-41,0.29014
head-adapt,1,-35,0.27848
head-adapt,1,6,0.27987
head-adapt,1,-34,0.25379
head-adapt,1,46,0.31216
head-adapt,1,-38,0.23278
head-adapt,1,-47,0.16913
head-adapt,0,-99,0.24978
head-adapt,1,60,0.33091
head-adapt,1,-13,0.20895
head-adapt,1,9,0.351
head-adapt,1,4,0.28663
head-adapt,1,6,0.31739
head-adapt,1,32,0.3404
head-adapt,1,-64,0.25158
head-adapt,1,-7,0.24501
head-adapt,1,-19,0.24785
head-adapt,0,-77,0.26558
head-adapt,1,-19,0.28397
head-adapt,1,-36,0.26864
head-adapt,0,-94,0.16203
head-adapt,0,-59,0.26091
head-adapt,1,-29,0.28642
head-adapt,1,-83,0.20409
head-adapt,1,2,0.24277
head-adapt,1,-14,0.26358
head-adapt,1,-10,0.29137
head-adapt,1,49,0.33936
head-adapt,0,-31,0.26488
head-adapt,1,-23,0.24307
head-adapt,1,-49,0.24041
head-adapt,0,-39,0.26824
head-adapt,1,-4,0.30532
head-adapt,0,-68,0.27576
head-adapt,0,-33,0.30078
head-adapt,1,0,0.28993
head-adapt,1,-24,0.30914
head-adapt,1,-39,0.1706
head-adapt,1,-21,0.33738
head-adapt,1,-59,0.28962
head-adapt,1,-23,0.22584
head-adapt,1,-42,0.30438
head-adapt,0,-56,0.24369
head-adapt,1,55,0.27537
head-adapt,1,53,0.33309
head-adapt,1,0,0.30811
head-adapt,1,-48,0.25758
head-adapt,1,-38,0.22878
head-adapt,1,24,0.36547
head-adapt,1,6,0.34503
head-adapt,1,-7,0.23366
head-adapt,0,-71,0.20125
head-adapt,1,11,0.25971
head-adapt,1,30,0.29832
head-adapt,1,-24,0.29696
head-adapt,1,-28,0.26151
head-adapt,0,-42,0.28192
head-adapt,1,-30,0.25844
head-adapt,0,-107,0.21322
head-adapt,0,-71,0.21599
head-adapt,1,-63,0.26555
head-adapt,1,-31,0.28159
head-adapt,0,-40,0.27187
head-adapt,1,-56,0.20595
head-adapt,0,-80,0.21247
head-adapt,1,-25,0.26634
head-adapt,1,9,0.3096
head-adapt,1,-20,0.26713
head-adapt,0,-78,0.18955
head-adapt,1,7,0.30065
head-adapt,0,-65,0.19019
head-adapt,1,60,0.34833
head-adapt,1,-7,0.31885
head-adapt,0,-89,0.12536
head-adapt,0,-82,0.24747
head-adapt,1,42,0.28083
head-adapt,1,94,0.35939
head-adapt,1,55,0.30978
head-adapt,1,-9,0.21499
head-adapt,1,-41,0.18873
head-adapt,1,40,0.28711
head-adapt,1,-18,0.25221
head-adapt,0,-66,0.27096
head-adapt,0,-125,0.15246
head-adapt,1,-18,0.27976
head-adapt,1,-27,0.30918
head-adapt,0,-67,0.25546
head-adapt,1,-21,0.26618
head-adapt,0,-42,0.22668
head-adapt,1,-55,0.25772
head-adapt,0,-71,0.18137
head-adapt,1,-31,0.28778
head-adapt,1,45,0.30378
head-adapt,1,17,0.2804
head-adapt,0,-127,0.16783
head-adapt,1,-22,0.24999
head-adapt,1,-19,0.32784
head-adapt,1,-20,0.21079
head-adapt,1,-39,0.19982
head-adapt,0,-169,0.14025
head-adapt,1,7,0.28249
head-adapt,0,-98,0.20041
head-adapt,1,32,0.34826
head-adapt,1,-43,0.23039
head-adapt,1,-6,0.2959
head-adapt,1,-4,0.2687
head-adapt,1,6,0.29633
head-adapt,1,29,0.3112
head-adapt,1,-42,0.24083
head-adapt,0,-100,0.23938
head-adapt,1,-22,0.26728
head-adapt,0,-41,0.22869
head-adapt,1,-22,0.27871
head-adapt,1,-75,0.27616
head-adapt,1,40,0.28364
head-adapt,1,-56,0.31033
head-adapt,0,-140,0.17461
head-adapt,1,46,0.28952
head-adapt,1,-70,0.25923
head-adapt,1,28,0.32756
head-adapt,1,-25,0.21452
head-adapt,1,-6,0.30733
head-adapt,1,-21,0.24979
head-adapt,1,38,0.32684
head-adapt,1,-13,0.28117
head-adapt,1,42,0.3124
head-adapt,1,-20,0.29077
head-adapt,1,-7,0.19298
head-adapt,0,-93,0.13453
head-adapt,1,-1,0.3707
head-adapt,0,-112,0.16264
head-adapt,1,24,0.35326
head-adapt,1,-4,0.3152
head-adapt,1,-30,0.25156
head-adapt,0,-82,0.2242
head-adapt,1,-4,0.29065
head-adapt,1,-25,0.28272
head-adapt,1,17,0.22151
head-adapt,1,-12,0.29412
head-adapt,1,-61,0.27713
head-adapt,1,11,0.30136
head-adapt,1,-67,0.26408
head-adapt,1,-27,0.27694
head-adapt,1,-47,0.22424
head-adapt,1,19,0.26691
head-adapt,0,-92,0.17724
head-adapt,1,26,0.3223
head-adapt,1,-29,0.25328
head-adapt,0,-38,0.26198
head-adapt,1,40,0.34682
head-adapt,0,-59,0.18941
head-adapt,1,10,0.30603
head-adapt,0,-95,0.21118
head-adapt,1,20,0.26092
head-adapt,1,-11,0.33655
head-adapt,1,-23,0.26648
head-adapt,1,8,0.30882
head-adapt,1,-51,0.25477
head-adapt,1,23,0.29931
head-adapt,1,29,0.25397
head-adapt,1,2,0.27491
head-adapt,1,-31,0.28474
head-adapt,1,40,0.33536
head-adapt,1,-26,0.30113
head-adapt,0,-54,0.29201
head-adapt,1,-8,0.31075
head-adapt,1,-22,0.23719
head-adapt,1,28,0.33424
head-adapt,1,-11,0.26983
head-adapt,1,-7,0.31513
head-adapt,1,59,0.35099
head-adapt,1,14,0.29886
head-adapt,1,43,0.30316
head-adapt,1,-14,0.33686
head-adapt,1,-19,0.33023
head-adapt,0,-116,0.18851
head-adapt,1,-47,0.25139
head-adapt,0,-45,0.218
head-adapt,1,-59,0.28191
head-adapt,1,-19,0.23569
head-adapt,0,-160,0.14306
head-adapt,0,-72,0.1762
head-adapt,1,75,0.30489
head-adapt,1,39,0.32919
head-adapt,1,18,0.30694
head-adapt,1,-59,0.25959
head-adapt,0,-82,0.31126
head-adapt,1,-4,0.30233
head-adapt,1,43,0.35765
head-adapt,0,-45,0.2518
head-adapt,1,28,0.31762
head-adapt,0,-132,0.18782
head-adapt,1,-23,0.24962
head-adapt,1,-69,0.24029
head-adapt,1,4,0.26802
head-adapt,1,10,0.31687
head-adapt,1,9,0.31613
head-adapt,0,-71,0.20611
head-adapt,0,-41,0.1914
head-adapt,1,21,0.26571
head-adapt,1,-30,0.24454
head-adapt,0,-78,0.18351
head-adapt,1,41,0.28115
head-adapt,0,-84,0.20681
head-adapt,0,-70,0.22043
head-adapt,1,34,0.30978
head-adapt,1,-62,0.26366
head-adapt,1,13,0.2478
head-adapt,1,-24,0.23981
head-adapt,1,-25,0.26756
head-adapt,1,-31,0.2704
head-adapt,1,-30,0.26837
head-adapt,1,16,0.2927
head-adapt,0,-63,0.25552
head-adapt,1,36,0.31527
head-adapt,1,-19,0.27149
head-adapt,1,-35,0.27502
head-adapt,0,-41,0.26505
head-adapt,1,-4,0.29905
head-adapt,0,-36,0.16121
head-adapt,1,-12,0.2812
head-adapt,1,-34,0.24806
head-adapt,1,-7,0.26199
head-adapt,1,19,0.30712
head-adapt,1,-65,0.23898
head-adapt,1,-32,0.25345
head-adapt,1,101,0.29738
head-adapt,1,7,0.28603
head-adapt,1,-13,0.26706
head-adapt,1,13,0.27527
head-adapt,1,19,0.35153
head-adapt,0,-58,0.23312
head-adapt,0,-126,0.17695
head-adapt,1,-79,0.18491
head-adapt,1,25,0.32192
head-adapt,0,-69,0.26062
head-adapt,0,-91,0.19827
head-adapt,1,-56,0.28245
head-adapt,1,-8,0.27781
head-adapt,1,14,0.30854
head-adapt,1,-47,0.25905
head-adapt,1,-34,0.30419
head-adapt,0,-111,0.07451
head-adapt,1,-38,0.23987
head-adapt,1,68,0.32878
head-adapt,1,42,0.2847
head-adapt,0,-70,0.23124
head-adapt,1,15,0.31601
head-adapt,0,-43,0.19599
head-adapt,1,12,0.23499
head-adapt,1,31,0.30365
head-adapt,1,-49,0.26515
head-adapt,1,5,0.23656
head-adapt,1,37,0.31698
head-adapt,1,49,0.28985
head-adapt,0,-58,0.16015
head-adapt,1,11,0.32794
head-adapt,1,23,0.31589
head-adapt,1,61,0.28212
head-adapt,1,-5,0.28414
head-adapt,0,-177,-0.01035
head-adapt,1,14,0.30659
head-adapt,1,-18,0.35116
head-adapt,1,39,0.30863
head-adapt,1,-47,0.22973
head-adapt,1,-18,0.27124
head-adapt,1,9,0.31498
head-adapt,1,-15,0.16265
head-adapt,1,18,0.27977
head-adapt,1,-41,0.26743
head-adapt,0,-43,0.26843
head-adapt,1,26,0.33399
head-adapt,1,-32,0.27847
head-adapt,1,-62,0.231
head-adapt,1,3,0.31135
head-adapt,1,-22,0.29078
head-adapt,1,19,0.34044
head-adapt,0,-136,0.16617
head-adapt,1,-29,0.26128
head-adapt,0,-52,0.27332
head-adapt,0,-46,0.24534
head-adapt,1,54,0.28728
head-adapt,0,-112,0.14664
head-adapt,0,-101,0.22023
head-adapt,1,-6,0.27116
head-adapt,1,-21,0.31794
head-adapt,0,-65,0.25488
head-adapt,1,38,0.29092
head-adapt,1,5,0.30749
head-adapt,1,47,0.28742
head-adapt,1,-23,0.23245
head-adapt,1,-46,0.24859
head-adapt,1,-24,0.28756
head-adapt,0,-102,0.22512
head-adapt,0,-85,0.24203
head-adapt,1,-6,0.31092
head-adapt,0,-62,0.21158
head-adapt,1,14,0.25399
head-adapt,1,11,0.30343
head-adapt,1,16,0.31952
head-adapt,1,-23,0.29644
head-adapt,1,-39,0.28186
head-adapt,0,-38,0.23471
head-adapt,1,23,0.23984
head-adapt,0,-93,0.22305
head-adapt,1,-26,0.18165
head-adapt,1,-36,0.22763
head-adapt,1,77,0.3104
head-adapt,1,5,0.2576
head-adapt,1,17,0.31447
head-adapt,1,-62,0.23667
head-adapt,1,-39,0.28731
head-adapt,1,63,0.24507
head-adapt,1,-33,0.28769
head-adapt,1,-5,0.30334
head-adapt,0,-71,0.15481
head-adapt,0,-91,0.24975
head-adapt,1,-8,0.28038
head-adapt,1,-37,0.26399
head-adapt,1,28,0.33595
head-adapt,1,6,0.31333
head-adapt,0,-95,0.20125
head-adapt,0,-70,0.23889
head-adapt,1,0,0.29433
head-adapt,1,-12,0.30014
head-adapt,0,-161,0.16926
head-adapt,1,-23,0.25668
head-adapt,1,-47,0.29222
head-adapt,0,-98,0.20471
head-adapt,0,-117,0.19212
head-adapt,1,5,0.30356
head-adapt,1,-46,0.28133
head-adapt,1,27,0.24167
head-adapt,0,-171,0.08194
head-adapt,0,-122,0.08087
head-adapt,1,-41,0.2754
head-adapt,1,8,0.24542
head-adapt,0,-70,0.21201
head-adapt,1,-5,0.25413
head-adapt,0,-80,0.20226
head-adapt,1,13,0.27874
head-adapt,0,-63,0.2007
head-adapt,1,-36,0.27491
head-adapt,1,35,0.29227
head-adapt,1,-53,0.26858
head-adapt,0,-163,0.15286
head-adapt,1,-22,0.23264
head-adapt,1,62,0.31898
head-adapt,1,-8,0.2594
head-adapt,1,10,0.23259
head-adapt,1,11,0.24004
head-adapt,1,61,0.35219
head-adapt,1,-45,0.23371
head-adapt,1,-9,0.25904
head-adapt,1,9,0.25398
head-adapt,1,34,0.32192
head-adapt,1,9,0.25412
head-adapt,0,-111,0.23695
head-adapt,1,-2,0.30969
head-adapt,1,-72,0.21507
head-adapt,1,-7,0.32111
head-adapt,1,41,0.27483
head-adapt,1,-22,0.29597
head-adapt,0,-102,0.22483
head-adapt,1,71,0.30767
head-adapt,1,-10,0.23332
head-adapt,0,-79,0.25571
head-adapt,1,-3,0.32002
head-adapt,1,37,0.29108
head-adapt,1,15,0.33576
head-adapt,1,9,0.2966
head-adapt,0,-44,0.2019
head-adapt,1,68,0.3214
head-adapt,1,15,0.26602
head-adapt,0,-42,0.275
head-adapt,1,8,0.3205
head-adapt,1,20,0.29708
head-adapt,1,2,0.27082
head-adapt,1,-43,0.29955
head-adapt,1,24,0.32642
head-adapt,1,16,0.31024
head-adapt,1,-24,0.25645
head-adapt,1,26,0.28142
head-adapt,1,-96,0.26115
head-adapt,1,-10,0.32019
head-adapt,1,45,0.33001
head-adapt,1,-21,0.22276
head-adapt,0,-85,0.2252
head-adapt,1,0,0.29979
head-adapt,1,-5,0.24216
head-adapt,1,0,0.24295
head-adapt,0,-65,0.26251
head-adapt,1,-47,0.27315
head-adapt,0,-43,0.2425
head-adapt,1,18,0.26099
head-adapt,1,-60,0.28064
head-adapt,0,-68,0.1997
head-adapt,0,-102,0.21531
head-adapt,1,-19,0.30204
head-adapt,1,-4,0.34931
head-adapt,1,8,0.27206
head-adapt,1,-19,0.30448
head-adapt,1,-15,0.3289
head-adapt,1,25,0.30991
head-adapt,1,58,0.34033
head-adapt,1,-14,0.30076
head-adapt,1,13,0.278
head-adapt,1,-89,0.28877
head-adapt,0,-95,0.27339
head-adapt,1,-20,0.22101
head-adapt,1,24,0.34269
head-adapt,1,-27,0.25232
head-adapt,1,6,0.31646
head-adapt,0,-53,0.22711
head-adapt,1,-12,0.29513
head-adapt,1,-47,0.24349
head-adapt,1,-45,0.2928
head-adapt,1,34,0.29859
head-adapt,0,-62,0.19536
head-adapt,1,-37,0.277
head-adapt,1,-47,0.30299
head-adapt,1,95,0.34603
head-adapt,0,-120,0.19146
head-adapt,1,2,0.2803
head-adapt,1,-16,0.26301
head-adapt,1,-23,0.27256
head-adapt,0,-64,0.14671
head-adapt,1,17,0.32696
head-adapt,1,-46,0.29923
head-adapt,1,18,0.2246
head-adapt,1,11,0.26087
head-adapt,0,-94,0.15364
head-adapt,1,17,0.28606
head-adapt,1,56,0.3481
head-adapt,1,-37,0.25291
head-adapt,1,-2,0.28848
head-adapt,1,-47,0.27764
head-adapt,1,-74,0.24781
head-adapt,1,78,0.35074
head-adapt,1,-23,0.32441
head-adapt,1,31,0.28577
head-adapt,0,-73,0.24326
head-adapt,1,-7,0.19417
head-adapt,1,-3,0.30616
head-adapt,1,29,0.21298
head-adapt,1,2,0.23709
head-adapt,0,-46,0.26496
head-adapt,0,-85,0.26109
head-adapt,1,33,0.33061
head-adapt,0,-233,0.06525
head-adapt,1,-10,0.35525
head-adapt,1,-12,0.31598
head-adapt,0,-54,0.14628
head-adapt,0,-89,0.19145
head-adapt,1,39,0.23018
head-adapt,0,-96,0.21591
head-adapt,1,-1,0.30852
head-adapt,0,-54,0.24256
head-adapt,1,13,0.31496
head-adapt,1,17,0.2891
head-adapt,1,-29,0.30394
head-adapt,1,15,0.26767
head-adapt,1,12,0.35208
head-adapt,1,-8,0.31143
head-adapt,1,0,0.26454
head-adapt,1,-34,0.25123
head-adapt,1,-11,0.24013
head-adapt,1,-29,0.28215
head-adapt,1,-24,0.30646
head-adapt,0,-122,0.13008
head-adapt,1,135,0.32703
head-adapt,1,-30,0.25935
head-adapt,1,-18,0.27717
head-adapt,1,-1,0.32412
head-adapt,1,-37,0.2306
head-adapt,0,-76,0.21092
head-adapt,1,3,0.29508
head-adapt,1,-37,0.26846
head-adapt,0,-41,0.21741
head-adapt,0,-106,0.21123
head-adapt,1,59,0.31261
head-adapt,1,-36,0.23693
head-adapt,1,-41,0.23647
head-adapt,0,-96,0.19406
head-adapt,0,-74,0.20124
head-adapt,0,-48,0.24795
head-adapt,1,-48,0.2556
head-adapt,1,-36,0.18233
head-adapt,0,-148,0.15654
head-adapt,1,5,0.26186
head-adapt,1,30,0.26628
head-adapt,1,-14,0.31785
head-adapt,1,60,0.34594
head-adapt,1,4,0.29546
head-adapt,1,-41,0.26094
head-adapt,1,-17,0.34727
head-adapt,1,-59,0.24682
head-adapt,1,-63,0.28278
head-adapt,1,-43,0.29572
head-adapt,0,-33,0.25343
head-adapt,0,-49,0.1885
head-adapt,1,24,0.29255
head-adapt,1,47,0.33419
head-adapt,1,15,0.32171
head-adapt,1,71,0.32797
head-adapt,1,-35,0.28287
head-adapt,1,-38,0.22649
head-adapt,1,24,0.29576
head-adapt,1,-49,0.28391
head-adapt,0,-67,0.25828
head-adapt,1,-23,0.28771
head-adapt,1,46,0.28977
head-adapt,1,22,0.32259
head-adapt,0,-152,0.05383
head-adapt,1,-15,0.27483
head-adapt,1,-1,0.27092
head-adapt,1,-51,0.20917
head-adapt,1,13,0.24606
head-adapt,1,43,0.29715
head-adapt,0,-45,0.13106
head-adapt,0,-61,0.26006
head-adapt,1,-27,0.28197
head-adapt,1,-43,0.27284
head-adapt,1,3,0.29493
head-adapt,1,-4,0.28671
head-adapt,1,-30,0.29669
head-adapt,0,-68,0.26034
head-adapt,1,-11,0.28642
head-adapt,1,-25,0.26279
head-adapt,1,-35,0.26532
head-adapt,1,1,0.28072
head-adapt,1,-38,0.28267
head-adapt,1,-38,0.26547
head-adapt,1,-33,0.22717
head-adapt,0,-96,0.19748
head-adapt,1,-50,0.24746
head-adapt,0,-38,0.28383
head-adapt,1,24,0.34738
head-adapt,0,-67,0.25662
head-adapt,0,-44,0.27591
head-adapt,1,-21,0.29528
head-adapt,1,11,0.36298
head-adapt,1,-30,0.24919
head-adapt,1,1,0.21191
head-adapt,0,-52,0.27489
head-adapt,0,-29,0.29203
head-adapt,1,3,0.28141
head-adapt,1,-4,0.27915
head-adapt,0,-32,0.28492
head-adapt,0,-76,0.285
head-adapt,0,-66,0.25347
head-adapt,1,22,0.36554
head-adapt,0,-124,0.13814
head-adapt,1,-19,0.32754
head-adapt,1,-34,0.30243
head-adapt,1,40,0.25174
head-adapt,0,-138,0.19762
head-adapt,1,13,0.30381
head-adapt,0,-43,0.25526
head-adapt,1,-12,0.27084
head-adapt,1,50,0.35946
head-adapt,1,-21,0.22981
head-adapt,1,72,0.29549
head-adapt,0,-74,0.23561
head-adapt,1,-21,0.33253
head-adapt,0,-85,0.17767
head-adapt,0,-161,0.13126
head-adapt,1,-8,0.28385
head-adapt,1,-23,0.32491
head-adapt,1,-28,0.26358
head-adapt,1,31,0.26897
head-adapt,1,-9,0.24113
head-adapt,1,-14,0.2766
head-adapt,1,26,0.33028
head-adapt,0,-42,0.2446
head-adapt,1,-7,0.25664
head-adapt,1,2,0.31933
head-adapt,1,-50,0.24671
head-adapt,1,-9,0.28962
head-adapt,1,14,0.28576
head-adapt,1,-3,0.28897
head-adapt,0,-95,0.23464
head-adapt,1,13,0.2735
head-adapt,1,16,0.29896
head-adapt,0,-53,0.22213
head-adapt,1,-14,0.27086
head-adapt,1,19,0.34743
head-adapt,0,-102,0.19466
head-adapt,1,-30,0.28796
head-adapt,1,-70,0.24975
head-adapt,1,-75,0.24712
head-adapt,1,-19,0.22569
head-adapt,1,-10,0.21945
head-adapt,1,22,0.31349
head-adapt,0,-63,0.20804
head-adapt,1,-6,0.25307
head-adapt,0,-85,0.2457
head-adapt,1,-11,0.3201
head-adapt,0,-29,0.13288
head-adapt,0,-72,0.2496
head-adapt,0,-82,0.25699
head-adapt,1,-2,0.26423
head-adapt,0,-20,0.2151
head-adapt,1,-40,0.23917
head-adapt,1,64,0.31856
head-adapt,1,-19,0.30066
head-adapt,0,-80,0.21884
head-adapt,1,-23,0.26306
head-adapt,1,31,0.29362
head-adapt,1,-30,0.24727
head-adapt,1,-53,0.27058
head-adapt,0,-52,0.21484
head-adapt,1,11,0.26032
head-adapt,1,38,0.24854
head-adapt,1,-40,0.29271
head-adapt,0,-119,0.14437
head-adapt,1,2,0.25491
head-adapt,1,24,0.25549
head-adapt,1,13,0.27826
head-adapt,0,-40,0.26459
head-adapt,1,78,0.32013
head-adapt,0,-129,0.15172
head-adapt,1,-70,0.27719
head-adapt,0,-50,0.20501
head-adapt,1,2,0.29405
head-adapt,1,27,0.35019
head-adapt,1,-49,0.26657
head-adapt,1,-96,0.24099
head-adapt,1,26,0.25735
head-adapt,1,-8,0.3095
head-adapt,1,8,0.30972
head-adapt,1,-17,0.23695
head-adapt,1,41,0.32937
head-adapt,1,-3,0.31469
head-adapt,1,-52,0.20872
head-adapt,1,57,0.29578
head-adapt,1,-10,0.28723
head-adapt,1,-20,0.24761
head-adapt,1,28,0.30924
head-adapt,1,-47,0.28411
head-adapt,0,-28,0.25661
head-adapt,1,-30,0.21406
head-adapt,1,-54,0.28463
head-adapt,1,-41,0.22285
head-adapt,0,-218,0.05227
head-adapt,1,-16,0.29421
head-adapt,1,0,0.33769
head-adapt,1,-24,0.25379
head-adapt,0,-35,0.28229
head-adapt,1,30,0.35859
head-adapt,1,-22,0.24849
head-adapt,1,-30,0.2557
head-adapt,1,46,0.32445
head-adapt,0,-97,0.15826
head-adapt,1,-24,0.24425
head-adapt,1,-27,0.28125
head-adapt,1,107,0.27874
head-adapt,0,-69,0.21663
head-adapt,1,-2,0.25614
head-adapt,1,-1,0.3585
head-adapt,1,-25,0.22826
head-adapt,1,-9,0.25611
head-adapt,1,-23,0.18496
head-adapt,1,27,0.24499
head-adapt,1,-2,0.28532
head-adapt,1,-45,0.24007
head-adapt,1,-39,0.26343
head-adapt,1,-15,0.32557
head-adapt,1,-37,0.32283
head-adapt,0,-92,0.20826
head-adapt,1,26,0.32048
head-adapt,1,33,0.28975
head-adapt,0,-41,0.25101
head-adapt,0,-71,0.16968
head-adapt,0,-167,0.15744
head-adapt,1,-55,0.16893
head-adapt,0,-69,0.21067
head-adapt,0,-58,0.23107
head-adapt,1,14,0.27238
head-adapt,0,-91,0.23566
head-adapt,1,16,0.32502
head-adapt,1,-77,0.26133
head-adapt,0,-115,0.1683
head-adapt,1,-39,0.2947
head-adapt,1,-21,0.27598
head-adapt,1,-2,0.2703
head-adapt,1,42,0.30017
head-adapt,1,28,0.25071
head-adapt,1,6,0.29816
head-adapt,0,-49,0.20606
head-adapt,1,82,0.34722
head-adapt,1,-74,0.27124
head-adapt,1,-12,0.2779
head-adapt,0,-82,0.21545
head-adapt,1,8,0.30714
head-adapt,1,-14,0.22826
head-adapt,1,-29,0.2348
head-adapt,0,-90,0.24746
head-adapt,0,-62,0.25018
head-adapt,0,-89,0.1833
head-adapt,1,-5,0.29651
head-adapt,1,-13,0.20521
head-adapt,1,17,0.2857
head-adapt,1,25,0.21245
head-adapt,1,-20,0.28474
head-adapt,1,-19,0.29527
head-adapt,1,-34,0.23657
head-adapt,0,-167,0.16432
head-adapt,1,145,0.35441
head-adapt,1,-57,0.1894
head-adapt,1,-28,0.2701
head-adapt,1,-91,0.23055
head-adapt,1,17,0.23475
head-adapt,0,-38,0.25714
head-adapt,1,-7,0.25156
head-adapt,0,-88,0.15191
head-adapt,1,-42,0.31624
head-adapt,1,14,0.26812
head-adapt,1,37,0.34153
head-adapt,1,-44,0.27847
head-adapt,0,-125,0.19252
head-adapt,1,60,0.33417
head-adapt,0,-140,0.19514
head-adapt,1,7,0.29303
head-adapt,1,42,0.35254
head-adapt,1,-87,0.26373
head-adapt,0,-62,0.18565
head-adapt,1,4,0.19186
head-adapt,0,-45,0.16737
head-adapt,0,-42,0.24894
head-adapt,1,88,0.29749
head-adapt,0,-60,0.17733
head-adapt,1,-43,0.26083
head-adapt,0,-74,0.23656
head-adapt,1,-44,0.25911
head-adapt,1,40,0.26968
head-adapt,1,-58,0.28991
head-adapt,0,-124,0.18106
head-adapt,1,43,0.28706
head-adapt,0,-55,0.2282
head-adapt,1,-10,0.29325
head-adapt,1,39,0.32486
head-adapt,1,-22,0.248
head-adapt,1,28,0.32165
head-adapt,1,-36,0.28457
head-adapt,1,51,0.29518
head-adapt,1,-11,0.24201
head-adapt,1,2,0.29951
head-adapt,1,5,0.24295
head-adapt,0,-118,0.17684
head-adapt,1,61,0.31469
head-adapt,1,33,0.31922
head-adapt,0,-70,0.14171
head-adapt,1,11,0.18867
head-adapt,1,-12,0.23871
head-adapt,1,25,0.31906
head-adapt,1,33,0.22693
head-adapt,1,-15,0.31239
head-adapt,1,-11,0.29199
head-adapt,1,9,0.31039
head-adapt,0,-147,0.19998
head-adapt,1,-10,0.32174
head-adapt,1,5,0.34387
head-adapt,1,-8,0.27559
head-adapt,1,-23,0.27424
head-adapt,1,58,0.34493
head-adapt,0,-110,0.2222
head-adapt,1,-1,0.27068
head-adapt,1,26,0.305
head-adapt,0,-87,0.20597
head-adapt,0,-74,0.21524
head-adapt,1,78,0.32759
head-adapt,1,-17,0.28119
head-adapt,1,27,0.31673
head-adapt,1,10,0.31021
head-adapt,1,-15,0.32734
head-adapt,1,-43,0.28064
head-adapt,1,-22,0.31009
head-adapt,0,-67,0.21515
head-adapt,1,-45,0.26737
head-adapt,1,47,0.31507
head-adapt,0,-64,0.24793
head-adapt,0,-75,0.25754
head-adapt,1,73,0.304
head-adapt,1,-22,0.25896
head-adapt,0,-38,0.2826
head-adapt,1,-45,0.28644
head-adapt,1,39,0.32758
head-adapt,1,12,0.24033
head-adapt,0,-61,0.26475
head-adapt,1,100,0.30606
head-adapt,0,-42,0.26655
head-adapt,1,-34,0.28195
head-adapt,1,-31,0.24105
head-adapt,1,18,0.26746
head-adapt,1,34,0.29601
head-adapt,1,-47,0.25289
head-adapt,1,-15,0.28303
head-adapt,1,-72,0.30165
head-adapt,1,72,0.36125
head-adapt,1,4,0.26703
head-adapt,1,-21,0.2808
head-adapt,1,25,0.32123
head-adapt,1,49,0.32364
head-adapt,1,-28,0.32583
head-adapt,1,-89,0.24963
head-adapt,0,-68,0.28752
head-adapt,1,-41,0.21262
head-adapt,1,7,0.29149
head-adapt,0,-60,0.24901
head-adapt,1,-5,0.25137
head-adapt,1,-21,0.28825
head-adapt,0,-58,0.25386
head-adapt,1,-2,0.28218
head-adapt,1,5,0.3185
head-adapt,0,-89,0.25887
head-adapt,1,-22,0.3166
head-adapt,1,-5,0.26492
head-adapt,1,0,0.22833
head-adapt,1,-4,0.31038
head-adapt,1,-62,0.24521
head-adapt,1,4,0.27032
head-adapt,0,-81,0.24264
head-adapt,0,-47,0.21276
head-adapt,1,40,0.32341
head-adapt,1,-26,0.29115
head-adapt,1,1,0.29066
head-adapt,1,-29,0.29823
head-adapt,0,-89,0.27361
head-adapt,0,-58,0.21748
head-adapt,1,34,0.32385
head-adapt,1,16,0.27126
head-adapt,0,-99,0.1915
head-adapt,0,-36,0.25765
head-adapt,0,-98,0.17167
head-adapt,1,-14,0.22607
head-adapt,1,-49,0.25655
head-adapt,0,-79,0.14336
head-adapt,1,-68,0.27085
head-adapt,0,-115,0.24304
head-adapt,1,-25,0.29163
head-adapt,1,28,0.22943
head-adapt,1,-21,0.24413
head-adapt,1,-21,0.28069
head-adapt,0,-105,0.1861
head-adapt,1,-28,0.27785
head-adapt,1,-33,0.29756
head-adapt,0,-130,0.19606
head-adapt,1,-53,0.2449
head-adapt,0,-206,0.07596
head-adapt,1,65,0.26057
head-adapt,1,23,0.31324
head-adapt,1,4,0.28318
head-adapt,1,4,0.29536
head-adapt,0,-85,0.24886
head-adapt,1,-28,0.25182
head-adapt,0,-99,0.19946
head-adapt,1,2,0.34973
head-adapt,0,-117,0.15977
head-adapt,0,-81,0.24341
head-adapt,1,22,0.25585
head-adapt,1,-44,0.29146
head-adapt,1,17,0.2765
head-adapt,0,-50,0.20664
head-adapt,1,85,0.32481
head-adapt,1,-59,0.27326
head-adapt,1,-23,0.24125
head-adapt,0,-44,0.22786
head-adapt,1,77,0.32614
head-adapt,1,-10,0.28812
head-adapt,1,-19,0.33541
head-adapt,1,-40,0.20586
head-adapt,1,-18,0.32881
head-adapt,1,10,0.31272
head-adapt,1,6,0.25582
head-adapt,1,53,0.29104
head-adapt,0,-74,0.1869
head-adapt,0,-82,0.18325
head-adapt,0,-94,0.17385
head-adapt,1,-3,0.28836
head-adapt,1,-9,0.26599
head-adapt,1,46,0.3076
head-adapt,0,-74,0.20029
head-adapt,1,5,0.2688
head-adapt,1,-64,0.19886
head-adapt,1,66,0.31826
head-adapt,0,-79,0.23255
head-adapt,0,-66,0.16092
head-adapt,1,21,0.25027
head-adapt,1,30,0.23469
head-adapt,1,24,0.37674
head-adapt,1,-65,0.27528
head-adapt,0,-162,0.18515
head-adapt,0,-96,0.20979
head-adapt,1,19,0.33276
head-adapt,1,-42,0.23619
head-adapt,0,-69,0.14245
head-adapt,1,3,0.26458
head-adapt,1,5,0.35269
head-adapt,1,9,0.34967
head-adapt,1,3,0.32788
head-adapt,1,-65,0.22309
head-adapt,1,-23,0.21387
head-adapt,1,64,0.35187
head-adapt,0,-83,0.23605
head-adapt,1,-86,0.29665
head-adapt,0,-50,0.23378
head-adapt,0,-77,0.20579
head-adapt,0,-61,0.24498
head-adapt,1,30,0.32919
head-adapt,1,-39,0.25379
head-adapt,0,-81,0.22833
head-adapt,0,-33,0.25389
head-adapt,0,-73,0.19385
head-adapt,1,50,0.28779
head-adapt,1,93,0.32294
head-adapt,1,50,0.29761
head-adapt,1,-58,0.30684
head-adapt,0,-21,0.29644
head-adapt,1,-16,0.21438
head-adapt,1,7,0.30014
head-adapt,0,-47,0.26779
head-adapt,1,-18,0.30838
head-adapt,1,-6,0.35793
head-adapt,1,20,0.35664
head-adapt,0,-104,0.25573
head-adapt,1,-76,0.25627
head-adapt,1,49,0.2426
head-adapt,1,-16,0.2909
head-adapt,1,-15,0.30287
head-adapt,1,6,0.34963
head-adapt,1,17,0.30267
head-adapt,0,-132,0.17581
head-adapt,1,-55,0.27727
head-adapt,0,-203,0.10279
head-adapt,0,-68,0.2043
head-adapt,1,10,0.32839
head-adapt,1,-9,0.30978
head-adapt,1,32,0.26814
head-adapt,0,-38,0.25729
head-adapt,1,26,0.32322
head-adapt,1,-24,0.23201
head-adapt,1,-30,0.30709
head-adapt,1,21,0.32258
head-adapt,1,-70,0.24796
head-adapt,1,57,0.2675
head-adapt,1,24,0.31672
head-adapt,0,-70,0.20816
head-adapt,1,-1,0.26815
head-adapt,1,59,0.28901
head-adapt,1,80,0.3169
head-adapt,1,24,0.32137
head-adapt,1,-22,0.30877
head-adapt,1,32,0.30325
head-adapt,1,-53,0.22299
head-adapt,1,56,0.35416
head-adapt,1,-49,0.30737
head-adapt,1,-56,0.25781
head-adapt,0,-52,0.26191
head-adapt,1,54,0.29492
head-adapt,1,17,0.30616
head-adapt,0,-95,0.2346
head-adapt,0,-117,0.1421
head-adapt,0,-73,0.23603
head-adapt,1,21,0.34422
head-adapt,1,80,0.3004
head-adapt,1,2,0.28296
head-adapt,1,-14,0.28215
head-adapt,1,105,0.34164
head-adapt,0,-117,0.12699
head-adapt,1,-73,0.29148
head-adapt,1,118,0.33969
head-adapt,1,-37,0.23837
head-adapt,1,-18,0.23051
head-adapt,1,-50,0.28415
head-adapt,1,-23,0.28902
head-adapt,1,-21,0.24568
head-adapt,1,17,0.29326
head-adapt,1,20,0.30184
head-adapt,1,-31,0.30665
head-adapt,1,-34,0.23507
head-adapt,1,-2,0.28393
head-adapt,1,5,0.32986
head-adapt,0,-94,0.18344
head-adapt,1,39,0.25385
head-adapt,1,23,0.26791
head-adapt,1,-34,0.2838
head-adapt,0,-61,0.20451
head-adapt,0,-84,0.18229
head-adapt,1,-28,0.23517
head-adapt,0,-34,0.23376
head-adapt,1,47,0.30283
head-adapt,1,-39,0.24316
head-adapt,1,70,0.28338
head-adapt,1,11,0.2573
head-adapt,1,39,0.29721
head-adapt,1,69,0.28828
head-adapt,1,82,0.31611
head-adapt,1,35,0.33592
head-adapt,1,51,0.28077
head-adapt,1,-11,0.31016
head-adapt,1,-6,0.28994
head-adapt,1,-80,0.29428
head-adapt,0,-233,0.06103
head-adapt,1,-39,0.23821
head-adapt,1,-84,0.26706
head-adapt,1,40,0.26693
head-adapt,1,-31,0.29909
head-adapt,1,88,0.28285
head-adapt,0,-55,0.17605
head-adapt,1,-18,0.27424
head-adapt,1,-23,0.26542
head-adapt,0,-74,0.21312
head-adapt,0,-62,0.18247
head-adapt,1,-45,0.22842
head-adapt,1,11,0.31487
head-adapt,0,-39,0.19085
head-adapt,1,3,0.31115
head-adapt,1,-8,0.3047
head-adapt,1,8,0.21592
head-adapt,1,-77,0.26038
head-adapt,1,-30,0.33244
head-adapt,1,-9,0.22328
head-adapt,1,-3,0.29408
head-adapt,1,77,0.29078
head-adapt,1,-22,0.30765
head-adapt,1,26,0.33527
head-adapt,1,19,0.33933
head-adapt,1,3,0.26922
head-adapt,0,-56,0.19391
head-adapt,1,-37,0.29542
head-adapt,1,-5,0.32984
head-adapt,1,-5,0.28593
head-adapt,1,-52,0.25915
head-adapt,1,28,0.27125
head-adapt,1,-9,0.34777
head-adapt,1,5,0.31179
head-adapt,1,-22,0.27456
head-adapt,1,-3,0.24664
head-adapt,0,-97,0.16578
head-adapt,0,-70,0.17759
head-adapt,1,-7,0.31505
head-adapt,0,-109,0.14212
head-adapt,1,5,0.32891
head-adapt,1,-34,0.23779
head-adapt,1,-36,0.21876
head-adapt,0,-42,0.28701
head-adapt,1,-15,0.30923
head-adapt,1,-26,0.32072
head-adapt,1,-51,0.27126
head-adapt,1,25,0.28024
head-adapt,1,3,0.34251
head-adapt,1,-34,0.28856
head-adapt,1,60,0.32959
head-adapt,0,-27,0.28769
head-adapt,1,-3,0.28496
head-adapt,1,-26,0.27491
head-adapt,1,22,0.33212
head-adapt,1,-51,0.26076
head-adapt,0,-221,0.02043
head-adapt,1,-23,0.32807
head-adapt,0,-55,0.23398
head-adapt,0,-66,0.19344
head-adapt,0,-78,0.20231
head-adapt,1,-43,0.35947
head-adapt,1,-16,0.32525
head-adapt,1,-15,0.28423
head-adapt,1,34,0.33176
head-adapt,0,-76,0.21274
head-adapt,1,39,0.31015
head-adapt,1,-57,0.25216
head-adapt,1,44,0.36163
head-adapt,0,-51,0.27905
head-adapt,0,-47,0.25605
head-adapt,1,-13,0.26399
head-adapt,1,-2,0.27871
head-adapt,1,-37,0.26667
head-adapt,1,-11,0.32103
head-adapt,0,-75,0.17306
head-adapt,0,-88,0.15494
head-adapt,1,61,0.31548
head-adapt,0,-52,0.26853
head-adapt,1,2,0.30351
head-adapt,1,18,0.27167
head-adapt,0,-31,0.24173
head-adapt,1,-23,0.25734
head-adapt,0,-49,0.19886
head-adapt,1,-23,0.30123
head-adapt,1,44,0.32256
head-adapt,1,6,0.24903
head-adapt,1,14,0.22478
head-adapt,1,-12,0.24064
head-adapt,1,-19,0.26536
head-adapt,0,-100,0.14292
head-adapt,1,0,0.30031
head-adapt,1,-32,0.28519
head-adapt,0,-108,0.20476
head-adapt,1,-18,0.2765
head-adapt,0,-43,0.24031
head-adapt,0,-98,0.23072
head-adapt,0,-105,0.16228
head-adapt,1,-16,0.22609
head-adapt,1,23,0.25039
head-adapt,0,-142,0.15172
head-adapt,0,-90,0.26168
head-adapt,1,49,0.33627
head-adapt,1,1,0.30848
head-adapt,1,-8,0.20548
head-adapt,1,-35,0.28773
head-adapt,1,-27,0.19291
head-adapt,1,-21,0.25159
head-adapt,1,45,0.33217
head-adapt,1,92,0.3105
head-adapt,1,50,0.28461
head-adapt,1,-3,0.23479
head-adapt,1,-18,0.29378
head-adapt,1,-29,0.28622
head-adapt,1,-58,0.24671
head-adapt,1,-62,0.23711
head-adapt,1,-13,0.23724
head-adapt,1,55,0.34406
head-adapt,1,40,0.32267
head-adapt,1,-32,0.29083
head-adapt,1,17,0.2611
head-adapt,1,-9,0.32831
head-adapt,1,-33,0.26238
head-adapt,1,-3,0.29829
head-adapt,1,-29,0.2856
head-adapt,1,30,0.3334
head-adapt,1,-22,0.28583
head-adapt,1,32,0.29731
head-adapt,1,9,0.23707
head-adapt,0,-100,0.18375
head-adapt,1,24,0.31291
head-adapt,1,94,0.29199
head-adapt,0,-41,0.14741
head-adapt,1,82,0.34976
head-adapt,0,-54,0.20251
head-adapt,1,-20,0.27645
head-adapt,1,-39,0.27606
head-adapt,1,-14,0.30725
head-adapt,1,-11,0.34067
head-adapt,0,-71,0.27892
head-adapt,1,-30,0.22998
head-adapt,1,-67,0.21519
head-adapt,1,7,0.30241
head-adapt,1,-2,0.28945
head-adapt,0,-160,0.07224
head-adapt,1,0,0.26216
head-adapt,0,-56,0.21894
head-adapt,1,-30,0.26365
head-adapt,1,-5,0.3047
head-adapt,1,4,0.28086
head-adapt,1,12,0.27481
head-adapt,0,-125,0.18704
head-adapt,1,24,0.26309
head-adapt,1,19,0.22767
head-adapt,1,-63,0.26308
head-adapt,1,-20,0.23831
head-adapt,1,-38,0.26858
head-adapt,1,12,0.30951
head-adapt,1,-39,0.2133
head-adapt,1,-68,0.24667
head-adapt,1,-33,0.24022
head-adapt,1,-8,0.22249
head-adapt,0,-46,0.26707
head-adapt,1,-18,0.2681
head-adapt,1,-21,0.27583
head-adapt,0,-61,0.24012
head-adapt,1,-12,0.30354
head-adapt,0,-44,0.27002
head-adapt,1,1,0.31726
head-adapt,1,-69,0.25128
head-adapt,1,-37,0.32592
head-adapt,0,-76,0.16168
head-adapt,1,57,0.32791
head-adapt,1,-15,0.29806
head-adapt,0,-90,0.24383
head-adapt,1,-1,0.34697
head-adapt,0,-91,0.21227
head-adapt,1,-46,0.30982
head-adapt,1,-3,0.26442
head-adapt,1,9,0.36097
head-adapt,1,-16,0.309
head-adapt,0,-69,0.24535
head-adapt,0,-71,0.23587
head-adapt,0,-65,0.16623
head-adapt,0,-68,0.21218
head-adapt,1,21,0.27167
head-adapt,1,52,0.31725
head-adapt,1,22,0.28669
head-adapt,0,-61,0.14992
head-adapt,1,-46,0.28762
head-adapt,1,-47,0.23513
head-adapt,0,-55,0.23029
head-adapt,0,-77,0.19393
head-adapt,1,11,0.33387
head-adapt,0,-102,0.11094
head-adapt,0,-91,0.16618
head-adapt,0,-72,0.22507
head-adapt,0,-109,0.20986
head-adapt,1,-8,0.29915
head-adapt,1,32,0.30866
head-adapt,1,1,0.31344
head-adapt,0,-79,0.22689
head-adapt,1,-6,0.30717
head-adapt,0,-90,0.23127
head-adapt,1,103,0.3265
head-adapt,1,-16,0.27013
head-adapt,1,18,0.28669
head-adapt,1,-25,0.27222
head-adapt,0,-60,0.25877
head-adapt,1,27,0.29312
head-adapt,1,21,0.30362
head-adapt,1,26,0.27783
head-adapt,1,-50,0.23638
head-adapt,0,-53,0.26453
head-adapt,1,-45,0.26704
head-adapt,0,-70,0.20461
head-adapt,1,-33,0.25704
head-adapt,0,-94,0.20874
head-adapt,1,-16,0.23428
head-adapt,1,-26,0.25093
head-adapt,0,-167,0.18382
head-adapt,1,49,0.30969
head-adapt,0,-80,0.16484
head-adapt,1,37,0.3308
head-adapt,0,-73,0.22967
head-adapt,1,24,0.31397
head-adapt,1,6,0.29163
head-adapt,1,-26,0.26863
head-adapt,0,-145,0.15864
head-adapt,1,8,0.28504
head-adapt,1,8,0.30625
head-adapt,1,-14,0.28589
head-adapt,1,-39,0.25399
head-adapt,1,-23,0.29222
head-adapt,1,-15,0.30287
head-adapt,1,-16,0.26127
head-adapt,1,-32,0.24173
head-adapt,1,-9,0.26106
head-adapt,1,-25,0.24154
head-adapt,1,15,0.27186
head-adapt,1,-8,0.28125
head-adapt,1,-14,0.27265
head-adapt,1,-18,0.29082
head-adapt,1,-36,0.24076
head-adapt,1,11,0.3148
head-adapt,0,-81,0.21317
head-adapt,1,18,0.26712
head-adapt,1,-5,0.24929
head-adapt,0,-86,0.23486
head-adapt,1,10,0.32032
head-adapt,1,-24,0.28977
head-adapt,1,46,0.31297
head-adapt,0,-46,0.25181
head-adapt,1,-7,0.31475
head-adapt,1,20,0.34852
head-adapt,1,-19,0.30357
head-adapt,1,-29,0.26615
head-adapt,1,27,0.30219
head-adapt,1,-63,0.27907
head-adapt,0,-68,0.23199
head-adapt,1,-18,0.29314
head-adapt,1,-7,0.29811
head-adapt,0,-139,0.12372
head-adapt,0,-113,0.18667
head-adapt,1,56,0.32757
head-adapt,1,-24,0.30289
head-adapt,1,-87,0.23059
head-adapt,1,0,0.24828
head-adapt,0,-37,0.13482
head-adapt,0,-57,0.18132
head-adapt,1,15,0.26747
head-adapt,1,42,0.28971
head-adapt,1,-23,0.2272
head-adapt,0,-63,0.22306
head-adapt,1,25,0.28692
head-adapt,0,-108,0.11316
head-adapt,1,12,0.23264
head-adapt,1,62,0.28862
head-adapt,1,7,0.33603
head-adapt,1,75,0.2613
head-adapt,1,12,0.28527
head-adapt,1,10,0.25039
head-adapt,1,11,0.31408
head-adapt,0,-42,0.19821
head-adapt,1,-22,0.24092
head-adapt,1,25,0.32413
head-adapt,1,-7,0.27043
head-adapt,1,-16,0.2897
head-adapt,1,-50,0.23966
head-adapt,0,-76,0.22333
head-adapt,1,10,0.29984
head-adapt,1,18,0.33921
head-adapt,1,79,0.31853
head-adapt,1,-4,0.3146
head-adapt,1,-27,0.20029
head-adapt,1,-12,0.33412
head-adapt,1,62,0.31106
head-adapt,0,-64,0.24543
head-adapt,1,-22,0.30662
head-adapt,1,2,0.3337
head-adapt,0,-84,0.21361
head-adapt,0,-64,0.26358
head-adapt,0,-65,0.25161
head-adapt,1,-13,0.24309
head-adapt,0,-40,0.2099
head-adapt,1,-43,0.26706
head-adapt,0,-192,0.09855
head-adapt,1,-52,0.25464
head-adapt,0,-115,0.20609
head-adapt,1,33,0.29887
head-adapt,1,-13,0.24992
head-adapt,1,-69,0.28568
head-adapt,1,-15,0.26786
head-adapt,1,-45,0.25686
head-adapt,1,35,0.33291
head-adapt,0,-92,0.1015
head-adapt,1,78,0.31743
head-adapt,1,-25,0.26567
head-adapt,1,-71,0.22118
head-adapt,1,-55,0.28975
head-adapt,1,18,0.32881
head-adapt,1,-19,0.28236
head-adapt,1,23,0.32198
head-adapt,1,-19,0.31003
head-adapt,1,-16,0.28855
head-adapt,1,-88,0.26597
head-adapt,1,38,0.23825
head-adapt,1,55,0.34294
head-adapt,0,-73,0.22255
head-adapt,1,-28,0.25545
head-adapt,1,-56,0.28085
head-adapt,0,-63,0.21563
head-adapt,1,47,0.28011
head-adapt,1,-17,0.27643
head-adapt,1,21,0.34941
head-adapt,0,-24,0.22506
head-adapt,1,-66,0.27121
head-adapt,0,-58,0.24594
head-adapt,1,45,0.33662
head-adapt,0,-31,0.2909
head-adapt,0,-45,0.25967
head-adapt,1,-1,0.20528
head-adapt,1,-33,0.261
head-adapt,1,-5,0.29404
head-adapt,1,7,0.24571
head-adapt,0,-50,0.19354
head-adapt,1,-68,0.25723
head-adapt,1,-37,0.27976
head-adapt,1,2,0.35909
head-adapt,1,-60,0.22506
head-adapt,1,38,0.34003
head-adapt,0,-109,0.2116
head-adapt,0,-107,0.20716
head-adapt,0,-65,0.28349
head-adapt,1,22,0.2411
head-adapt,0,-71,0.16756
head-adapt,1,-19,0.28256
head-adapt,1,-30,0.26913
head-adapt,1,-26,0.26817
head-adapt,1,-23,0.27265
head-adapt,1,-28,0.24427
head-adapt,1,-17,0.29216
head-adapt,1,44,0.35384
head-adapt,0,-66,0.17946
head-adapt,1,21,0.32218
head-adapt,0,-56,0.22071
head-adapt,1,4,0.28353
head-adapt,1,-11,0.30581
head-adapt,1,66,0.30407
head-adapt,1,69,0.30464
head-adapt,1,-49,0.27339
head-adapt,1,-25,0.31902
head-adapt,1,-65,0.20434
head-adapt,1,-52,0.30335
head-adapt,1,-20,0.30649
head-adapt,1,-45,0.24971
head-adapt,0,-66,0.26425
head-adapt,1,-17,0.30329
head-adapt,0,-104,0.19787
head-adapt,1,-28,0.28221
head-adapt,0,-41,0.27056
head-adapt,0,-127,0.19705
head-adapt,0,-62,0.21435
head-adapt,1,33,0.26437
head-adapt,1,0,0.31117
head-adapt,1,-15,0.2829
head-adapt,0,-138,0.14096
head-adapt,1,34,0.3068
head-adapt,1,3,0.28373
head-adapt,1,-15,0.29653
head-adapt,0,-73,0.20406
head-adapt,1,-1,0.27201
head-adapt,1,25,0.29184
head-adapt,1,-44,0.20553
head-adapt,1,-19,0.2277
head-adapt,1,-56,0.20048
head-adapt,0,-114,0.17483
head-adapt,0,-87,0.20711
head-adapt,0,-61,0.25889
head-adapt,0,-119,0.19566
head-adapt,1,-46,0.26975
head-adapt,1,42,0.31407
head-adapt,0,-80,0.22291
head-adapt,1,-21,0.20378
head-adapt,1,69,0.30587
head-adapt,1,0,0.30708
head-adapt,0,-152,0.11877
head-adapt,1,9,0.33799
head-adapt,0,-112,0.21168
head-adapt,1,-1,0.30991
head-adapt,1,19,0.28733
head-adapt,0,-158,0.13087
head-adapt,1,0,0.2734
head-adapt,0,-42,0.20906
head-adapt,1,8,0.27183
head-adapt,1,-37,0.19007
head-adapt,1,9,0.25308
head-adapt,1,-4,0.29588
head-adapt,1,7,0.24356
head-adapt,1,21,0.21668
head-adapt,1,-44,0.21635
head-adapt,1,6,0.30745
head-adapt,1,-86,0.2732
head-adapt,1,63,0.31914
head-adapt,0,-37,0.19365
head-adapt,0,-115,0.21438
head-adapt,1,-41,0.26524
head-adapt,1,-38,0.25042
head-adapt,1,19,0.29547
head-adapt,1,2,0.28179
head-adapt,1,-12,0.23197
head-adapt,0,-70,0.20509
head-adapt,1,-14,0.25754
head-adapt,1,0,0.32122
head-adapt,1,-25,0.28568
head-adapt,0,-75,0.18879
head-adapt,1,-10,0.33784
head-adapt,1,-108,0.25203
head-adapt,1,17,0.27991
head-adapt,1,-35,0.25699
head-adapt,1,-1,0.3208
head-adapt,1,-85,0.22025
head-adapt,1,31,0.32421
head-adapt,1,-59,0.28646
head-adapt,1,-7,0.28138
head-adapt,1,-68,0.21771
head-adapt,0,-59,0.25174
head-adapt,0,-49,0.23519
head-adapt,0,-27,0.27077
head-adapt,0,-68,0.25117
head-adapt,1,12,0.27104
head-adapt,1,-39,0.22771
head-adapt,1,-48,0.29076
head-adapt,1,-6,0.29999
head-adapt,1,-45,0.25549
head-adapt,0,-82,0.25031
head-adapt,1,0,0.30873
head-adapt,1,-73,0.26405
head-adapt,1,-16,0.272
head-adapt,1,-19,0.29713
head-adapt,1,-8,0.33955
head-adapt,1,-46,0.2563
head-adapt,1,-30,0.28095
head-adapt,1,2,0.32717
head-adapt,1,-10,0.32855
head-adapt,1,-65,0.28031
head-adapt,1,8,0.28307
head-adapt,0,-47,0.27276
head-adapt,1,-24,0.31087
head-adapt,0,-53,0.27029
head-adapt,1,-15,0.26392
head-adapt,0,-87,0.22665
head-adapt,1,18,0.27859
head-adapt,0,-56,0.21708
head-adapt,1,-40,0.27952
head-adapt,1,-6,0.28096
head-adapt,1,15,0.34445
head-adapt,0,-71,0.1967
head-adapt,0,-47,0.25886
head-adapt,0,-121,0.13509
head-adapt,1,-26,0.27037
head-adapt,1,18,0.26073
head-adapt,1,-29,0.25478
head-adapt,0,-33,0.28225
head-adapt,1,-32,0.2238
head-adapt,0,-25,0.2877
head-adapt,0,-34,0.28966
head-adapt,1,38,0.35596
head-adapt,0,-65,0.23521
head-adapt,1,-36,0.26059
head-adapt,1,-41,0.31025
head-adapt,1,18,0.24457
head-adapt,1,-57,0.2572
head-adapt,1,20,0.2526
head-adapt,1,49,0.35749
head-adapt,1,-1,0.26973
head-adapt,0,-116,0.2088
head-adapt,1,11,0.22452
head-adapt,1,-22,0.33578
head-adapt,1,23,0.29656
head-adapt,1,-34,0.26802
head-adapt,1,12,0.33343
head-adapt,1,-3,0.32448
head-adapt,0,-87,0.20382
head-adapt,1,30,0.29415
head-adapt,1,5,0.30075
head-adapt,0,-58,0.23372
head-adapt,1,-21,0.25188
head-adapt,0,-100,0.20299
head-adapt,0,-108,0.21449
head-adapt,1,-50,0.16093
head-adapt,1,-28,0.26423
head-adapt,0,-69,0.24999
head-adapt,1,53,0.31753
head-adapt,0,-77,0.20865
head-adapt,1,70,0.27753
head-adapt,0,-164,0.16017
head-adapt,1,10,0.24884
head-adapt,0,-117,0.16446
head-adapt,0,-236,-0.04411
head-adapt,1,39,0.36489
head-adapt,0,-50,0.26391
head-adapt,1,-1,0.32086
head-adapt,1,-25,0.29115
head-adapt,1,43,0.31565
head-adapt,1,19,0.25701
head-adapt,0,-103,0.18332
head-adapt,0,-130,0.17712
head-adapt,1,-34,0.26733
head-adapt,1,-28,0.26219
head-adapt,1,4,0.27693
head-adapt,0,-104,0.21399
head-adapt,1,20,0.23162
head-adapt,1,40,0.33791
head-adapt,1,-32,0.2595
head-adapt,1,29,0.29778
head-adapt,1,33,0.25938
head-adapt,0,-128,0.21704
head-adapt,1,-21,0.32584
head-adapt,1,-2,0.30401
head-adapt,1,-9,0.21531
head-adapt,1,-28,0.18551
head-adapt,1,-23,0.21319
head-adapt,0,-139,0.17923
head-adapt,1,-4,0.36137
head-adapt,1,4,0.23286
head-adapt,0,-49,0.2052
head-adapt,0,-88,0.19619
head-adapt,1,57,0.33076
head-adapt,1,3,0.23646
head-adapt,1,14,0.27194
head-adapt,1,-19,0.2827
head-adapt,1,-7,0.32936
head-adapt,1,1,0.32981
head-adapt,1,-35,0.28199
head-adapt,1,12,0.34267
head-adapt,1,29,0.29457
head-adapt,1,-36,0.2455
head-adapt,1,-28,0.2987
head-adapt,1,-11,0.32951
head-adapt,1,-43,0.28625
head-adapt,1,40,0.33634
head-adapt,1,57,0.33207
head-adapt,1,-33,0.2934
head-adapt,0,-75,0.25681
head-adapt,1,-44,0.26221
head-adapt,1,-23,0.31071
head-adapt,1,-66,0.28369
head-adapt,1,-3,0.28121
head-adapt,1,-50,0.27557
head-adapt,1,-23,0.232
head-adapt,1,-56,0.25526
head-adapt,0,-43,0.27405
head-adapt,0,-46,0.20908
head-adapt,1,23,0.23911
head-adapt,0,-71,0.21125
head-adapt,1,13,0.28944
head-adapt,1,28,0.32992
head-adapt,0,-87,0.21595
head-adapt,1,-15,0.32159
head-adapt,0,-78,0.23604
head-adapt,1,18,0.3084
head-adapt,0,-48,0.23889
head-adapt,0,-75,0.2635
head-adapt,1,-54,0.26654
head-adapt,1,49,0.35958
head-adapt,1,22,0.2698
head-adapt,1,39,0.29114
head-adapt,1,14,0.30676
head-adapt,0,-84,0.2087
head-adapt,0,-122,0.21119
head-adapt,1,-39,0.26087
head-adapt,1,-22,0.2951
head-adapt,1,-10,0.30896
head-adapt,0,-49,0.26625
head-adapt,1,-12,0.30413
head-adapt,1,2,0.32714
head-adapt,0,-66,0.19582
head-adapt,1,-22,0.28803
head-adapt,0,-183,0.18281
head-adapt,1,12,0.32359
head-adapt,1,6,0.33191
head-adapt,1,9,0.31644
head-adapt,1,-44,0.34475
head-adapt,1,-20,0.3213
head-adapt,0,-91,0.28419
head-adapt,0,-75,0.2527
head-adapt,1,-22,0.3023
head-adapt,1,-28,0.31541
head-adapt,1,-47,0.31139
head-adapt,1,-11,0.24908
head-adapt,1,-33,0.28882
head-adapt,1,15,0.31472
head-adapt,1,47,0.32152
head-adapt,1,7,0.28258
head-adapt,1,5,0.27022
head-adapt,1,-16,0.3053
head-adapt,1,26,0.31582
head-adapt,1,0,0.22355
head-adapt,0,-112,0.20082
head-adapt,0,-99,0.2127
head-adapt,0,-92,0.2257
head-adapt,0,-76,0.14568
head-adapt,0,-118,0.18881
head-adapt,1,15,0.28897
head-adapt,1,32,0.29724
head-adapt,1,-8,0.26514
head-adapt,1,-111,0.22574
head-adapt,1,-21,0.30466
head-adapt,0,-67,0.16533
head-adapt,0,-30,0.29528
head-adapt,0,-104,0.1837
head-adapt,1,56,0.34464
head-adapt,0,-134,0.17623
head-adapt,1,-83,0.25058
head-adapt,1,92,0.28806
head-adapt,0,-55,0.24655
head-adapt,1,129,0.3466
head-adapt,1,-56,0.2167
head-adapt,0,-89,0.20405
head-adapt,0,-52,0.20203
head-adapt,1,-21,0.31718
head-adapt,1,-10,0.26237
head-adapt,1,-55,0.29916
head-adapt,1,-17,0.30434
head-adapt,1,13,0.29288
head-adapt,1,-1,0.238
head-adapt,1,-52,0.24862
head-adapt,0,-223,0.06588
head-adapt,1,-35,0.28242
head-adapt,0,-67,0.18845
head-adapt,0,-62,0.2362
head-adapt,1,13,0.35462
head-adapt,0,-202,0.07075
head-adapt,1,-15,0.31944
head-adapt,1,-23,0.25988
head-adapt,0,-180,0.1762
head-adapt,1,-23,0.30289
head-adapt,1,3,0.31243
head-adapt,1,-22,0.25413
head-adapt,0,-47,0.24238
head-adapt,0,-26,0.18049
head-adapt,1,23,0.34297
head-adapt,1,15,0.26476
head-adapt,1,-25,0.29019
head-adapt,1,21,0.27831
head-adapt,0,-83,0.19267
head-adapt,1,-3,0.29899
head-adapt,1,0,0.26468
head-adapt,1,25,0.26441
head-adapt,1,-52,0.27029
head-adapt,1,60,0.2961
head-adapt,0,-57,0.22179
head-adapt,1,-23,0.2369
head-adapt,1,-43,0.23085
head-adapt,1,-3,0.3008
head-adapt,1,-4,0.32084
head-adapt,1,5,0.31414
head-adapt,1,68,0.28587
head-adapt,0,-79,0.27601
head-adapt,1,53,0.27188
head-adapt,1,22,0.27173
head-adapt,1,-4,0.24565
head-adapt,1,-11,0.26847
head-adapt,1,40,0.29629
head-adapt,1,11,0.275
head-adapt,1,-18,0.35043
head-adapt,1,-26,0.24503
head-adapt,0,-43,0.22418
head-adapt,1,-25,0.31028
head-adapt,1,-6,0.27235
head-adapt,1,69,0.26222
head-adapt,0,-68,0.19382
head-adapt,1,-18,0.28011
head-adapt,1,-27,0.26121
head-adapt,1,24,0.27794
head-adapt,1,7,0.31283
head-adapt,1,8,0.2357
head-adapt,1,-55,0.22093
head-adapt,1,13,0.32382
head-adapt,0,-60,0.22008
head-adapt,1,129,0.3801
head-adapt,0,-50,0.2918
head-adapt,1,0,0.37704
head-adapt,1,-38,0.28024
head-adapt,0,-84,0.24155
head-adapt,1,-8,0.31188
head-adapt,1,-8,0.29614
head-adapt,1,20,0.28736
head-adapt,0,-69,0.29043
head-adapt,1,-18,0.32605
head-adapt,1,31,0.28394
head-adapt,1,13,0.30296
head-adapt,1,-20,0.30157
head-adapt,0,-147,0.17845
head-adapt,1,9,0.24436
head-adapt,0,-95,0.22126
head-adapt,0,-63,0.18773
head-adapt,1,-40,0.29215
head-adapt,1,-17,0.31618
head-adapt,0,-106,0.16269
head-adapt,1,6,0.26105
head-adapt,1,-3,0.32962
head-adapt,0,-79,0.2849
head-adapt,1,9,0.3179
head-adapt,1,-30,0.31145
head-adapt,1,24,0.33897
head-adapt,1,57,0.29854
head-adapt,1,9,0.34672
head-adapt,1,5,0.29134
head-adapt,1,20,0.33536
head-adapt,0,-71,0.23585
head-adapt,1,-16,0.19822
head-adapt,1,-13,0.27706
head-adapt,1,-32,0.26308
head-adapt,1,-31,0.25219
head-adapt,1,-56,0.2619
head-adapt,0,-71,0.22553
head-adapt,1,25,0.29342
head-adapt,1,-41,0.24586
head-adapt,1,-15,0.30827
head-adapt,1,-3,0.33108
head-adapt,1,-36,0.2954
head-adapt,1,-46,0.3036
head-adapt,0,-94,0.21167
head-adapt,1,27,0.34897
head-adapt,0,-54,0.23446
head-adapt,0,-75,0.25252
head-adapt,0,-65,0.24797
head-adapt,1,3,0.32733
head-adapt,0,-58,0.23343
head-adapt,1,-58,0.25291
head-adapt,0,-168,0.17353
head-adapt,1,-25,0.21217
head-adapt,1,10,0.25192
head-adapt,1,-35,0.22106
head-adapt,0,-46,0.25381
head-adapt,0,-97,0.26093
head-adapt,0,-111,0.16646
head-adapt,1,-18,0.26093
head-adapt,1,75,0.2863
head-adapt,1,-42,0.25661
head-adapt,0,-42,0.26888
head-adapt,1,19,0.2938
head-adapt,1,-16,0.22699
head-adapt,1,-38,0.27039
head-adapt,1,-14,0.26244
head-adapt,1,-1,0.30298
head-adapt,0,-102,0.1909
head-adapt,1,71,0.30302
head-adapt,0,-146,0.05077
head-adapt,1,-19,0.25798
head-adapt,1,51,0.26829
head-adapt,1,-46,0.29051
head-adapt,1,77,0.29518
head-adapt,1,10,0.28512
head-adapt,1,78,0.31616
head-adapt,0,-69,0.16497
head-adapt,1,51,0.32044
head-adapt,1,-17,0.30486
head-adapt,1,5,0.27743
head-adapt,1,-20,0.29657
head-adapt,1,16,0.21792
head-adapt,0,-43,0.18877
head-adapt,1,-12,0.25223
head-adapt,1,-53,0.27655
head-adapt,1,-8,0.29148
head-adapt,0,-56,0.23094
head-adapt,1,15,0.33403
head-adapt,1,64,0.35169
head-adapt,1,-49,0.21609
head-adapt,0,-39,0.21464
head-adapt,1,-29,0.31763
head-adapt,1,-94,0.24473
head-adapt,0,-36,0.25102
head-adapt,0,-92,0.21266
head-adapt,1,42,0.31237
head-adapt,0,-39,0.26134
head-adapt,1,3,0.22058
head-adapt,1,-54,0.28702
head-adapt,1,-16,0.27603
head-adapt,1,27,0.27174
head-adapt,1,27,0.30303
head-adapt,1,-19,0.26405
head-adapt,0,-64,0.16234
head-adapt,0,-98,0.13501
head-adapt,1,13,0.29205
head-adapt,1,-33,0.23079
head-adapt,0,-111,0.14655
head-adapt,1,-31,0.25733
head-adapt,0,-158,0.19886
head-adapt,1,-1,0.27795
head-adapt,1,-68,0.1775
head-adapt,1,21,0.27233
head-adapt,1,-34,0.30741
head-adapt,1,9,0.26723
head-adapt,1,51,0.32662
head-adapt,1,33,0.26778
head-adapt,1,-57,0.26686
head-adapt,1,65,0.27444
head-adapt,1,-40,0.27094
head-adapt,0,-94,0.18592
head-adapt,1,-30,0.29475
head-adapt,1,9,0.32783
head-adapt,1,20,0.29489
head-adapt,1,11,0.2609
head-adapt,0,-93,0.15324
head-adapt,1,4,0.319
head-adapt,1,5,0.27158
head-adapt,1,-55,0.29517
head-adapt,1,61,0.34667
head-adapt,1,-62,0.22862
head-adapt,0,-56,0.19967
head-adapt,1,-52,0.20515
head-adapt,1,19,0.32825
head-adapt,1,77,0.34026
head-adapt,1,-32,0.29635
head-adapt,1,36,0.29519
head-adapt,1,-27,0.24064
head-adapt,1,-63,0.2541
head-adapt,1,-30,0.31973
head-adapt,1,-6,0.23649
head-adapt,1,9,0.29974
head-adapt,1,-4,0.28676
head-adapt,1,4,0.29939
head-adapt,1,-48,0.25893
head-adapt,1,23,0.23137
head-adapt,0,-125,0.16527
head-adapt,1,-14,0.30465
head-adapt,1,-56,0.24743
head-adapt,1,-9,0.2606
head-adapt,1,-7,0.33541
head-adapt,0,-106,0.22998
head-adapt,0,-113,0.15846
head-adapt,1,-26,0.32048
head-adapt,1,-36,0.30778
head-adapt,0,-49,0.28283
head-adapt,1,-2,0.28379
head-adapt,1,32,0.34568
head-adapt,1,-22,0.30518
head-adapt,0,-27,0.25449
head-adapt,1,48,0.28864
head-adapt,1,-46,0.23727
head-adapt,0,-33,0.29448
head-adapt,1,-8,0.19992
head-adapt,1,28,0.32217
head-adapt,1,46,0.34549
head-adapt,0,-108,0.08381
head-adapt,1,98,0.32228
head-adapt,1,-65,0.25536
head-adapt,1,-5,0.28133
head-adapt,1,45,0.2998
head-adapt,0,-120,0.15774
head-adapt,0,-46,0.27076
head-adapt,0,-31,0.24348
head-adapt,1,-7,0.29823
head-adapt,1,-15,0.27629
head-adapt,0,-65,0.20115
head-adapt,1,1,0.30097
head-adapt,1,0,0.28437
head-adapt,1,4,0.24813
head-adapt,1,-4,0.28898
head-adapt,1,-18,0.22391
head-adapt,1,45,0.30356
head-adapt,1,88,0.27877
head-adapt,1,-32,0.26477
head-adapt,0,-125,0.20319
head-adapt,1,-11,0.25987
head-adapt,1,-8,0.31906
head-adapt,1,-23,0.28543
head-adapt,1,-10,0.27494
head-adapt,1,-82,0.20305
head-adapt,1,56,0.32348
head-adapt,1,-37,0.29267
head-adapt,0,-123,0.14545
head-adapt,0,-140,0.11705
head-adapt,1,-18,0.28652
head-adapt,1,-2,0.27687
head-adapt,1,-9,0.29216
head-adapt,0,-117,0.12552
head-adapt,0,-90,0.22874
head-adapt,0,-60,0.23161
head-adapt,1,-31,0.31606
head-adapt,1,6,0.33718
head-adapt,0,-93,0.12763
head-adapt,1,-39,0.23902
head-adapt,1,-25,0.27949
head-adapt,1,13,0.35258
head-adapt,0,-79,0.27039
head-adapt,1,3,0.28632
head-adapt,1,24,0.28913
head-adapt,1,-25,0.30461
head-adapt,0,-70,0.18188
head-adapt,1,1,0.28268
head-adapt,0,-86,0.16655
head-adapt,1,-37,0.21142
head-adapt,1,2,0.34825
head-adapt,1,3,0.32361
head-adapt,1,9,0.3294
head-adapt,0,-68,0.22603
head-adapt,1,3,0.30504
head-adapt,1,-4,0.30777
head-adapt,1,22,0.32526
head-adapt,1,61,0.28258
head-adapt,0,-110,0.17662
head-adapt,1,3,0.2909
head-adapt,0,-49,0.17385
head-adapt,1,-16,0.28785
head-adapt,0,-102,0.19375
head-adapt,0,-94,0.19565
head-adapt,1,4,0.22916
head-adapt,1,7,0.27015
head-adapt,1,-82,0.24043
head-adapt,1,65,0.30561
head-adapt,0,-80,0.23314
head-adapt,1,-5,0.29895
head-adapt,1,-50,0.2867
head-adapt,1,39,0.27836
head-adapt,1,102,0.33065
head-adapt,0,-82,0.16618
head-adapt,1,-5,0.28236
head-adapt,1,3,0.34188
head-adapt,0,-76,0.22061
head-adapt,1,53,0.29435
head-adapt,1,19,0.29252
head-adapt,1,12,0.33026
head-adapt,1,33,0.29326
head-adapt,1,60,0.32624
head-adapt,1,-5,0.31184
head-adapt,1,69,0.30224
head-adapt,1,-17,0.31508
head-adapt,0,-114,0.18284
head-adapt,1,22,0.30689
head-adapt,1,-78,0.22237
head-adapt,1,3,0.32145
head-adapt,1,30,0.28866
head-adapt,1,-52,0.24333
head-adapt,1,11,0.31056
head-adapt,1,17,0.33854
head-adapt,1,26,0.30992
head-adapt,1,18,0.26686
head-adapt,1,-42,0.28425
head-adapt,1,-66,0.26565
head-adapt,0,-87,0.17135
head-adapt,1,-23,0.26383
head-adapt,1,-23,0.24998
head-adapt,1,18,0.34302
head-adapt,1,-15,0.32662
head-adapt,0,-49,0.24421
head-adapt,1,-36,0.31149
head-adapt,1,-13,0.30075
head-adapt,0,-214,0.1012
head-adapt,1,-12,0.3315
head-adapt,0,-39,0.27765
head-adapt,1,10,0.30765
head-adapt,1,-43,0.25441
head-adapt,1,-1,0.29758
head-adapt,1,-8,0.24493
head-adapt,0,-101,0.16157
head-adapt,0,-26,0.29198
head-adapt,1,-1,0.25061
head-adapt,0,-186,0.09703
head-adapt,0,-55,0.2004
head-adapt,1,-14,0.25867
head-adapt,0,-53,0.27331
head-adapt,0,-83,0.19871
head-adapt,1,-4,0.30717
head-adapt,0,-173,0.08788
head-adapt,1,-66,0.26452
head-adapt,1,-20,0.29604
head-adapt,0,-60,0.20951
head-adapt,1,7,0.31158
head-adapt,0,-58,0.25183
head-adapt,1,-15,0.26466
head-adapt,0,-58,0.26137
head-adapt,0,-111,0.20192
head-adapt,0,-56,0.25396
head-adapt,1,-71,0.25313
head-adapt,1,-30,0.34249
head-adapt,0,-74,0.19795
head-adapt,0,-253,0.05161
head-adapt,1,45,0.33621
head-adapt,1,-37,0.30966
head-adapt,0,-89,0.17062
head-adapt,1,-37,0.32879
head-adapt,1,21,0.24888
head-adapt,1,-50,0.29317
head-adapt,1,-26,0.29515
head-adapt,1,-14,0.27755
head-adapt,1,-2,0.32704
head-adapt,1,-37,0.2525
head-adapt,1,-6,0.23873
head-adapt,1,-5,0.20444
head-adapt,1,38,0.27373
head-adapt,1,-2,0.29482
head-adapt,1,29,0.31581
head-adapt,1,-65,0.26129
head-adapt,1,-39,0.28646
head-adapt,1,65,0.30095
head-adapt,1,1,0.31953
head-adapt,1,-36,0.2906
head-adapt,1,25,0.3148
head-adapt,1,29,0.26215
head-adapt,0,-113,0.17337
head-adapt,1,22,0.24332
head-adapt,0,-120,0.16713
head-adapt,0,-94,0.23291
head-adapt,1,-21,0.23494
head-adapt,1,44,0.30457
head-adapt,0,-102,0.10689
head-adapt,1,-13,0.28272
head-adapt,1,9,0.23971
head-adapt,1,46,0.28924
head-adapt,1,-11,0.28077
head-adapt,1,-21,0.20423
head-adapt,1,-26,0.28241
head-adapt,1,29,0.2599
head-adapt,0,-69,0.227
head-adapt,1,15,0.30102
head-adapt,1,-53,0.25854
head-adapt,0,-149,0.14963
head-adapt,1,84,0.3163
head-adapt,0,-66,0.23644
head-adapt,0,-56,0.22082
head-adapt,1,7,0.2807
head-adapt,1,-19,0.32141
head-adapt,1,-23,0.29336
head-adapt,1,2,0.28484
head-adapt,0,-100,0.17288
head-adapt,1,-1,0.26974
head-adapt,0,-48,0.27513
head-adapt,1,-28,0.30047
head-adapt,1,69,0.27731
head-adapt,1,-76,0.26687
head-adapt,1,-7,0.2671
head-adapt,1,-82,0.23628
head-adapt,1,-7,0.26763
head-adapt,0,-133,0.15043
head-adapt,0,-66,0.25867
head-adapt,1,19,0.35701
head-adapt,1,-33,0.22689
head-adapt,1,-11,0.25137
head-adapt,1,-78,0.25136
head-adapt,1,1,0.29991
head-adapt,1,9,0.21565
head-adapt,1,-51,0.27745
head-adapt,1,17,0.29503
head-adapt,1,-11,0.25618
head-adapt,1,50,0.30687
head-adapt,1,22,0.23577
head-adapt,1,-14,0.27269
head-adapt,0,-82,0.1528
head-adapt,0,-53,0.20258
head-adapt,1,40,0.24009
head-adapt,1,32,0.31871
head-adapt,1,17,0.29742
head-adapt,1,-18,0.28476
head-adapt,0,-54,0.24736
head-adapt,1,38,0.31002
head-adapt,1,-104,0.2128
head-adapt,1,-10,0.25947
head-adapt,1,-24,0.23981
head-adapt,1,-36,0.26716
head-adapt,1,-29,0.26569
head-adapt,0,-79,0.17027
head-adapt,1,-50,0.30551
head-adapt,1,-22,0.30228
head-adapt,1,-3,0.26293
head-adapt,1,-35,0.26261
head-adapt,1,10,0.33113
head-adapt,0,-71,0.19318
head-adapt,1,6,0.36678
head-adapt,0,-92,0.18906
head-adapt,0,-71,0.19008
head-adapt,1,-21,0.21495
head-adapt,1,77,0.32812
head-adapt,1,-3,0.31516
head-adapt,1,-57,0.23893
head-adapt,1,10,0.28996
head-adapt,1,50,0.34632
head-adapt,1,32,0.29627
head-adapt,1,24,0.31504
head-adapt,0,-70,0.26058
head-adapt,1,59,0.30671
head-adapt,1,-13,0.31436
head-adapt,1,10,0.31063
head-adapt,1,-45,0.24926
head-adapt,1,-46,0.29098
head-adapt,0,-68,0.17697
head-adapt,1,-44,0.28335
head-adapt,0,-108,0.23056
head-adapt,1,4,0.32837
head-adapt,0,-87,0.20947
head-adapt,1,10,0.28608
head-adapt,0,-48,0.28204
head-adapt,0,-256,0.05142
head-adapt,1,-71,0.27371
head-adapt,1,36,0.31205
head-adapt,0,-80,0.2329
head-adapt,0,-27,0.29708
head-adapt,1,-23,0.27823
head-adapt,1,10,0.31515
head-adapt,0,-105,0.2142
head-adapt,1,-27,0.23276
head-adapt,0,-71,0.22333
head-adapt,1,-39,0.28525
head-adapt,0,-74,0.23882
head-adapt,1,-8,0.23179
head-adapt,0,-41,0.27776
head-adapt,0,-78,0.21399
head-adapt,1,-27,0.27145
head-adapt,1,-10,0.3215
head-adapt,1,-21,0.21668
head-adapt,1,-20,0.25521
head-adapt,1,-9,0.24199
head-adapt,1,-62,0.25165
head-adapt,1,-24,0.27415
head-adapt,1,-28,0.27643
head-adapt,1,22,0.26623
head-adapt,1,-27,0.27786
head-adapt,1,-21,0.28191
head-adapt,0,-53,0.25019
head-adapt,1,120,0.33489
head-adapt,1,30,0.29269
head-adapt,1,-8,0.31156
head-adapt,0,-91,0.19743
head-adapt,0,-210,0.12424
head-adapt,1,26,0.22125
head-adapt,1,32,0.31187
head-adapt,1,-20,0.29183
head-adapt,0,-45,0.22911
head-adapt,1,8,0.28084
head-adapt,1,-34,0.19941
head-adapt,1,-59,0.25814
head-adapt,0,-38,0.21419
head-adapt,1,-6,0.21559
head-adapt,1,34,0.31961
head-adapt,0,-95,0.1968
head-adapt,0,-89,0.17847
head-adapt,1,-19,0.24019
head-adapt,1,-38,0.26321
head-adapt,0,-116,0.18184
head-adapt,1,12,0.30789
head-adapt,1,33,0.34337
head-adapt,1,37,0.33288
head-adapt,0,-52,0.25701
head-adapt,0,-102,0.19557
head-adapt,1,38,0.29766
head-adapt,1,-24,0.27355
head-adapt,1,62,0.30475
head-adapt,0,-151,0.14578
head-adapt,0,-97,0.20011
head-adapt,1,23,0.33405
head-adapt,1,-14,0.28564
head-adapt,1,-22,0.26185
head-adapt,1,-33,0.26099
head-adapt,1,-68,0.22655
head-adapt,1,-30,0.31111
head-adapt,1,-26,0.21828
head-adapt,1,-48,0.22621
head-adapt,1,42,0.30227
head-adapt,1,-75,0.23123
head-adapt,1,39,0.30352
head-adapt,1,-34,0.22066
head-adapt,1,-9,0.27496
head-adapt,1,-4,0.32723
head-adapt,1,15,0.34244
head-adapt,1,3,0.26489
head-adapt,1,-19,0.31199
head-adapt,0,-57,0.19602
head-adapt,0,-127,0.15715
head-adapt,0,-69,0.18535
head-adapt,0,-102,0.13526
head-adapt,0,-79,0.21799
head-adapt,1,-6,0.24951
head-adapt,0,-57,0.21902
head-adapt,0,-69,0.25355
head-adapt,1,-18,0.29233
head-adapt,0,-66,0.19233
head-adapt,1,-9,0.31271
head-adapt,1,36,0.29952
head-adapt,1,-21,0.23321
head-adapt,0,-58,0.20485
head-adapt,1,9,0.26839
head-adapt,1,73,0.31922
head-adapt,1,62,0.30617
head-adapt,1,-3,0.24923
head-adapt,0,-47,0.19207
head-adapt,1,16,0.24558
head-adapt,1,-19,0.26136
head-adapt,1,13,0.23064
head-adapt,1,30,0.29799
head-adapt,1,-15,0.2619
head-adapt,1,37,0.34543
head-adapt,1,-16,0.271
head-adapt,1,-6,0.31469
head-adapt,0,-47,0.21181
head-adapt,1,-31,0.27141
head-adapt,1,-38,0.24151
head-adapt,1,-1,0.33007
head-adapt,0,-84,0.19574
head-adapt,0,-145,0.1553
head-adapt,1,32,0.30872
head-adapt,1,-23,0.25222
head-adapt,1,-63,0.23949
head-adapt,1,41,0.31796
head-adapt,1,2,0.32714
head-adapt,1,-21,0.27111
head-adapt,1,-15,0.28586
head-adapt,1,-40,0.25646
head-adapt,1,68,0.36108
head-adapt,1,-26,0.2169
head-adapt,1,-8,0.26878
head-adapt,1,-39,0.31969
head-adapt,1,18,0.27542
head-adapt,0,-80,0.24715
head-adapt,0,-63,0.18975
head-adapt,1,18,0.29016
head-adapt,1,-19,0.28028
head-adapt,1,10,0.29528
head-adapt,1,-19,0.30267
head-adapt,1,-9,0.32197
head-adapt,0,-53,0.27016
head-adapt,0,-58,0.30541
head-adapt,0,-36,0.19265
head-adapt,1,80,0.30615
head-adapt,1,16,0.33532
head-adapt,0,-69,0.24152
head-adapt,1,-17,0.24413
head-adapt,1,-32,0.22642
head-adapt,0,-110,0.22643
head-adapt,1,25,0.30457
head-adapt,1,0,0.23496
head-adapt,1,21,0.27124
head-adapt,1,6,0.31612
head-adapt,1,-23,0.34828
head-adapt,1,8,0.2382
head-adapt,0,-49,0.26523
head-adapt,0,-54,0.22463
head-adapt,0,-122,0.19309
head-adapt,1,-19,0.26188
head-adapt,0,-131,0.13876
head-adapt,1,-28,0.2767
head-adapt,1,6,0.29699
head-adapt,0,-72,0.22253
head-adapt,1,-8,0.20957
head-adapt,1,-16,0.22295
head-adapt,0,-43,0.27555
head-adapt,0,-39,0.24894
head-adapt,0,-51,0.28366
head-adapt,1,42,0.29805
head-adapt,0,-102,0.20064
head-adapt,1,2,0.30188
head-adapt,0,-142,0.15556
head-adapt,1,84,0.35063
head-adapt,1,-24,0.24621
head-adapt,1,16,0.28047
head-adapt,1,53,0.27597
head-adapt,1,86,0.31181
head-adapt,0,-61,0.19537
head-adapt,0,-103,0.20056
head-adapt,0,-136,0.12516
head-adapt,1,-16,0.32091
head-adapt,1,50,0.33614
head-adapt,1,-4,0.27684
head-adapt,1,45,0.29476
head-adapt,1,-8,0.31335
head-adapt,1,-67,0.22903
head-adapt,0,-91,0.21505
head-adapt,0,-111,0.21582
head-adapt,1,62,0.32191
head-adapt,0,-43,0.26009
head-adapt,0,-99,0.23436
head-adapt,1,38,0.29745
head-adapt,1,17,0.2813
head-adapt,1,5,0.21004
head-adapt,0,-128,0.1739
head-adapt,0,-62,0.20502
head-adapt,1,-1,0.32007
head-adapt,0,-186,0.1016
head-adapt,1,-4,0.25582
head-adapt,1,-69,0.26218
head-adapt,0,-96,0.19921
head-adapt,1,-57,0.21977
head-adapt,1,7,0.30333
head-adapt,1,-12,0.24428
head-adapt,1,69,0.31834
head-adapt,0,-58,0.22894
head-adapt,1,23,0.34266
head-adapt,1,87,0.32316
head-adapt,1,-14,0.25009
head-adapt,1,35,0.34533
head-adapt,1,37,0.26831
head-adapt,1,2,0.3048
head-adapt,1,12,0.24235
head-adapt,1,-4,0.27226
head-adapt,1,-4,0.28447
head-adapt,0,-56,0.21041
head-adapt,0,-43,0.16858
head-adapt,1,-3,0.27428
head-adapt,0,-101,0.23347
head-adapt,0,-91,0.13065
head-adapt,1,31,0.30049
head-adapt,1,-2,0.2287
head-adapt,1,-2,0.29699
head-adapt,1,27,0.29792
head-adapt,0,-83,0.20187
head-adapt,1,-9,0.27463
head-adapt,1,21,0.28655
head-adapt,1,26,0.23634
head-adapt,1,41,0.27812
head-adapt,1,20,0.35042
head-adapt,1,-50,0.25255
head-adapt,1,63,0.32793
head-adapt,1,44,0.25516
head-adapt,1,-9,0.25134
head-adapt,1,32,0.29637
head-adapt,1,-86,0.23902
head-adapt,1,-15,0.25805
head-adapt,1,-26,0.26339
head-adapt,1,84,0.29484
head-adapt,1,29,0.27905
head-adapt,0,-45,0.27675
head-adapt,1,-26,0.25061
head-adapt,1,-12,0.23822
head-adapt,1,50,0.30212
head-adapt,1,55,0.34521
head-adapt,0,-184,-0.00611
head-adapt,1,-46,0.2527
head-adapt,1,5,0.34659
head-adapt,1,12,0.34179
head-adapt,1,5,0.33802
head-adapt,0,-22,0.27094
head-adapt,1,5,0.34189
head-adapt,1,-27,0.27625
head-adapt,1,104,0.37785
head-adapt,0,-78,0.14609
head-adapt,0,-27,0.2823
head-adapt,0,-38,0.28499
head-adapt,1,-8,0.26847
head-adapt,1,3,0.29578
head-adapt,1,-45,0.28733
head-adapt,1,-44,0.25069
head-adapt,0,-59,0.17523
head-adapt,0,-62,0.2408
head-adapt,0,-66,0.29813
head-adapt,1,-21,0.24821
head-adapt,0,-78,0.23893
head-adapt,1,-40,0.23889
head-adapt,1,-13,0.27385
head-adapt,1,1,0.30267
head-adapt,0,-78,0.2056
head-adapt,1,-59,0.27715
head-adapt,0,-47,0.25777
head-adapt,0,-134,0.12016
head-adapt,1,-78,0.23548
head-adapt,0,-117,0.17496
head-adapt,1,-33,0.29048
head-adapt,1,-20,0.32564
head-adapt,1,-18,0.263
head-adapt,1,9,0.28593
head-adapt,1,9,0.28622
head-adapt,1,31,0.31345
head-adapt,1,-15,0.27623
head-adapt,1,0,0.27004
head-adapt,0,-29,0.27817
head-adapt,1,30,0.30534
head-adapt,1,15,0.30569
head-adapt,0,-72,0.25822
head-adapt,1,13,0.27846
head-adapt,1,33,0.2991
head-adapt,1,-33,0.26222
head-adapt,1,10,0.26275
head-adapt,1,-6,0.30474
head-adapt,1,-4,0.29909
head-adapt,1,-13,0.33284
head-adapt,0,-51,0.1858
head-adapt,1,-2,0.28924
head-adapt,1,-6,0.26049
head-adapt,1,65,0.34855
head-adapt,1,20,0.30135
head-adapt,1,-8,0.29755
head-adapt,1,81,0.33295
head-adapt,1,-19,0.27776
head-adapt,1,-31,0.24135
head-adapt,1,-20,0.29985
head-adapt,0,-54,0.20827
head-adapt,1,27,0.32478
head-adapt,1,-15,0.25024
head-adapt,1,-40,0.24773
head-adapt,1,22,0.2793
head-adapt,1,23,0.3062
head-adapt,1,-10,0.31771
head-adapt,1,-5,0.28431
head-adapt,0,-49,0.17839
head-adapt,1,-24,0.28952
head-adapt,1,11,0.27546
head-adapt,1,33,0.27512
head-adapt,0,-207,0.06597
head-adapt,0,-101,0.23665
head-adapt,1,-17,0.25707
head-adapt,1,-65,0.22243
head-adapt,1,-7,0.25776
head-adapt,1,-33,0.27778
head-adapt,1,29,0.33957
head-adapt,1,5,0.30456
head-adapt,1,-74,0.23995
head-adapt,1,4,0.30166
head-adapt,1,12,0.26607
head-adapt,0,-58,0.19328
head-adapt,1,-32,0.25527
head-adapt,1,2,0.27331
head-adapt,0,-75,0.24017
head-adapt,1,16,0.30814
head-adapt,1,-22,0.22161
head-adapt,1,54,0.29471
head-adapt,1,36,0.29523
head-adapt,1,32,0.25628
head-adapt,1,-29,0.27091
head-adapt,1,-9,0.26288
head-adapt,1,-63,0.24563
head-adapt,1,42,0.2855
head-adapt,1,-10,0.29292
head-adapt,0,-119,0.22082
head-adapt,1,-21,0.2964
head-adapt,1,-14,0.28678
head-adapt,1,-13,0.2507
head-adapt,1,5,0.28267
head-adapt,1,44,0.28051
head-adapt,1,-41,0.30956
head-adapt,1,32,0.28326
head-adapt,1,-100,0.24702
head-adapt,0,-72,0.21221
head-adapt,1,8,0.27818
head-adapt,1,22,0.31226
head-adapt,1,44,0.3166
head-adapt,1,36,0.25978
head-adapt,1,-16,0.3191
head-adapt,0,-93,0.14756
head-adapt,1,31,0.31432
head-adapt,1,-39,0.3016
head-adapt,1,46,0.32355
head-adapt,1,-25,0.27621
head-adapt,0,-88,0.19437
head-adapt,1,-30,0.26431
head-adapt,1,42,0.28881
head-adapt,0,-45,0.29294
head-adapt,1,-6,0.28628
head-adapt,1,-41,0.28313
head-adapt,1,14,0.29889
head-adapt,1,34,0.28036
head-adapt,0,-63,0.22671
head-adapt,1,17,0.25327
head-adapt,1,77,0.32058
head-adapt,1,-24,0.25639
head-adapt,1,11,0.32637
head-adapt,1,-30,0.29405
head-adapt,0,-94,0.20919
head-adapt,1,-11,0.22258
head-adapt,1,-23,0.23404
head-adapt,1,-12,0.28067
head-adapt,1,-10,0.31569
head-adapt,0,-54,0.21375
head-adapt,0,-53,0.20193
head-adapt,0,-60,0.24238
head-adapt,0,-65,0.25231
head-adapt,1,-41,0.26647
head-adapt,0,-76,0.18794
head-adapt,1,40,0.34053
head-adapt,1,-55,0.26054
head-adapt,1,-3,0.30464
head-adapt,0,-140,0.12502
head-adapt,1,-8,0.28342
head-adapt,0,-77,0.22608
head-adapt,1,13,0.31756
head-adapt,1,-38,0.24858
head-adapt,1,3,0.33458
head-adapt,0,-58,0.22335
head-adapt,1,-1,0.24651
head-adapt,1,-41,0.26285
head-adapt,1,-49,0.26003
head-adapt,1,-4,0.30353
head-adapt,1,-19,0.18919
head-adapt,1,-31,0.24164
head-adapt,0,-35,0.24396
head-adapt,0,-117,0.22491
head-adapt,0,-59,0.27049
head-adapt,0,-138,0.18282
head-adapt,1,-7,0.25066
head-adapt,1,-19,0.24068
head-adapt,1,-10,0.31706
head-adapt,0,-99,0.22109
head-adapt,0,-44,0.26128
head-adapt,0,-48,0.17622
head-adapt,0,-85,0.16437
head-adapt,1,-19,0.27001
head-adapt,1,-73,0.2029
head-adapt,1,-27,0.27816
head-adapt,1,8,0.33046
head-adapt,1,-31,0.18882
head-adapt,1,28,0.27149
head-adapt,1,48,0.24061
head-adapt,1,-17,0.26185
head-adapt,0,-66,0.2134
head-adapt,1,-11,0.33364
head-adapt,1,19,0.29111
head-adapt,0,-57,0.21339
head-adapt,1,-77,0.20444
head-adapt,1,35,0.30206
head-adapt,1,-12,0.28448
head-adapt,1,26,0.26013
head-adapt,1,-9,0.30142
head-adapt,1,-20,0.23931
head-adapt,0,-77,0.15706
head-adapt,1,-5,0.25562
head-adapt,1,13,0.28833
head-adapt,1,17,0.29995
head-adapt,0,-88,0.22539
head-adapt,0,-58,0.26545
head-adapt,0,-124,0.20504
head-adapt,1,64,0.32067
head-adapt,1,-36,0.27078
head-adapt,1,69,0.33271
head-adapt,1,2,0.31321
head-adapt,1,40,0.34789
head-adapt,0,-80,0.20181
head-adapt,0,-51,0.28386
head-adapt,1,3,0.27713
head-adapt,0,-96,0.18274
head-adapt,1,3,0.23151
head-adapt,1,8,0.30775
head-adapt,1,21,0.2689
head-adapt,0,-97,0.16222
head-adapt,1,60,0.30968
head-adapt,0,-61,0.24098
head-adapt,1,35,0.28006
head-adapt,1,-11,0.25276
head-adapt,1,43,0.24034
head-adapt,1,-10,0.19767
head-adapt,1,-59,0.25151
head-adapt,1,-29,0.26737
head-adapt,1,75,0.28947
head-adapt,1,12,0.2926
head-adapt,0,-71,0.21097
head-adapt,1,-11,0.2421
head-adapt,0,-67,0.21918
head-adapt,1,-68,0.18259
head-adapt,1,28,0.27526
head-adapt,1,-3,0.29504
head-adapt,1,-16,0.26831
head-adapt,1,-16,0.27647
head-adapt,0,-80,0.20155
head-adapt,1,-46,0.22158
head-adapt,1,38,0.29735
head-adapt,1,-56,0.18865
head-adapt,1,74,0.30168
head-adapt,1,22,0.32447
head-adapt,1,-14,0.30787
head-adapt,1,15,0.33462
head-adapt,1,-19,0.32687
head-adapt,1,-64,0.2343
head-adapt,1,25,0.25041
head-adapt,1,38,0.26637
head-adapt,1,-21,0.30995
head-adapt,1,-11,0.26819
head-adapt,1,30,0.32974
head-adapt,1,-65,0.2394
head-adapt,1,8,0.31172
head-adapt,0,-57,0.258
head-adapt,1,-4,0.25425
head-adapt,0,-98,0.14659
head-adapt,0,-41,0.24459
head-adapt,1,-55,0.22589
head-adapt,1,-59,0.18228
head-adapt,1,-29,0.24909
head-adapt,1,-50,0.23283
head-adapt,1,-6,0.21
head-adapt,1,2,0.34992
head-adapt,1,-2,0.26485
head-adapt,0,-95,0.11747
head-adapt,1,-34,0.3064
head-adapt,1,33,0.28371
head-adapt,1,-17,0.26082
head-adapt,1,16,0.28207
head-adapt,1,9,0.32462
head-adapt,1,-29,0.22793
head-adapt,1,-15,0.24303
head-adapt,0,-94,0.12545
head-adapt,0,-56,0.24581
head-adapt,0,-73,0.29141
head-adapt,1,29,0.3305
head-adapt,0,-109,0.17306
head-adapt,1,14,0.31967
head-adapt,0,-74,0.23104
head-adapt,0,-53,0.26553
head-adapt,0,-77,0.25831
head-adapt,1,-28,0.26487
head-adapt,1,-5,0.24732
head-adapt,0,-75,0.20415
head-adapt,1,10,0.30292
head-adapt,1,3,0.21474
head-adapt,1,-72,0.26735
head-adapt,1,-33,0.35789
head-adapt,1,47,0.36851
head-adapt,1,-15,0.2871
head-adapt,1,17,0.25098
head-adapt,1,-30,0.29167
head-adapt,1,-28,0.30633
head-adapt,1,6,0.31458
head-adapt,1,-37,0.26334
head-adapt,0,-25,0.29269
head-adapt,1,42,0.23996
head-adapt,1,5,0.25614
head-adapt,1,-54,0.23701
head-adapt,1,24,0.34234
head-adapt,1,15,0.28
head-adapt,1,-1,0.27801
head-adapt,1,-60,0.17829
head-adapt,1,-20,0.29564
head-adapt,0,-38,0.26402
head-adapt,1,-1,0.28875
head-adapt,0,-77,0.21804
head-adapt,0,-75,0.20367
head-adapt,0,-40,0.23016
head-adapt,1,-37,0.32355
head-adapt,0,-73,0.28042
head-adapt,1,-25,0.31175
head-adapt,1,-30,0.27792
head-adapt,1,-36,0.24673
head-adapt,1,39,0.25453
head-adapt,1,-15,0.27826
head-adapt,1,-21,0.28138
head-adapt,1,-2,0.28963
head-adapt,1,-21,0.25414
head-adapt,1,-37,0.23323
head-adapt,0,-119,0.129
head-adapt,1,33,0.27
head-adapt,1,15,0.29988
head-adapt,1,29,0.34133
head-adapt,1,84,0.3106
head-adapt,1,-24,0.27011
head-adapt,1,-25,0.30915
head-adapt,1,-1,0.2502
head-adapt,1,2,0.29766
head-adapt,1,-32,0.18916
head-adapt,1,-8,0.29037
head-adapt,0,-63,0.23921
head-adapt,1,-23,0.29856
head-adapt,0,-73,0.2346
head-adapt,1,20,0.25556
head-adapt,0,-141,0.1004
head-adapt,1,-25,0.29741
head-adapt,1,46,0.33434
head-adapt,1,14,0.23342
head-adapt,1,38,0.30337
head-adapt,1,-53,0.29681
head-adapt,1,47,0.2742
head-adapt,1,-29,0.29326
head-adapt,1,-34,0.32479
head-adapt,1,-32,0.27702
head-adapt,1,-47,0.23374
head-adapt,1,8,0.2414
head-adapt,1,-34,0.26031
head-adapt,1,28,0.28406
head-adapt,0,-95,0.15872
head-adapt,1,-7,0.32922
head-adapt,1,-30,0.20941
head-adapt,0,-45,0.22333
head-adapt,0,-40,0.26061
head-adapt,1,-23,0.26115
head-adapt,0,-49,0.17382
head-adapt,1,-33,0.26899
head-adapt,1,57,0.29569
head-adapt,1,35,0.31969
head-adapt,1,-26,0.31593
head-adapt,1,-47,0.27152
head-adapt,1,-34,0.23403
head-adapt,1,11,0.31381
head-adapt,1,20,0.31732
head-adapt,1,-34,0.27078
head-adapt,1,51,0.27626
head-adapt,0,-94,0.21598
head-adapt,1,35,0.25803
head-adapt,1,29,0.28066
head-adapt,1,31,0.27564
head-adapt,0,-118,0.1063
head-adapt,1,11,0.29971
head-adapt,0,-87,0.21331
head-adapt,1,-4,0.26406
head-adapt,1,-10,0.28901
head-adapt,1,-54,0.21016
head-adapt,1,19,0.32345
head-adapt,1,96,0.32223
head-adapt,1,-13,0.30205
head-adapt,1,-38,0.25148
head-adapt,1,-22,0.26658
head-adapt,0,-78,0.24099
head-adapt,0,-85,0.23686
head-adapt,1,-11,0.30242
head-adapt,0,-73,0.27372
head-adapt,0,-111,0.20852
head-adapt,0,-82,0.20919
head-adapt,1,-52,0.29938
head-adapt,1,-6,0.29169
head-adapt,1,26,0.28234
head-adapt,0,-94,0.20795
head-adapt,0,-88,0.23395
head-adapt,1,-30,0.27176
head-adapt,0,-40,0.20138
head-adapt,1,13,0.25384
head-adapt,1,-12,0.26371
head-adapt,0,-77,0.17793
head-adapt,0,-151,0.16161
head-adapt,1,-54,0.27247
head-adapt,1,-34,0.27885
head-adapt,1,46,0.32296
head-adapt,1,-16,0.3071
head-adapt,1,-29,0.29225
head-adapt,0,-112,0.13484
head-adapt,1,37,0.35362
head-adapt,1,-75,0.22622
head-adapt,1,130,0.36856
head-adapt,1,42,0.27142
head-adapt,0,-37,0.24128
head-adapt,1,-40,0.27983
head-adapt,1,-8,0.2101
head-adapt,1,-50,0.31955
head-adapt,1,-21,0.27761
head-adapt,1,-12,0.34428
head-adapt,1,-22,0.24274
head-adapt,1,55,0.26037
head-adapt,0,-77,0.23521
head-adapt,1,2,0.28637
head-adapt,1,-36,0.24627
head-adapt,0,-105,0.28495
head-adapt,1,-14,0.17092
head-adapt,1,44,0.34604
head-adapt,1,16,0.28689
head-adapt,0,-60,0.24688
head-adapt,1,-54,0.28838
head-adapt,1,-67,0.25941
head-adapt,1,-53,0.25795
head-adapt,1,9,0.22615
head-adapt,0,-87,0.21668
head-adapt,1,-7,0.25974
head-adapt,1,-48,0.20365
head-adapt,1,-32,0.21539
head-adapt,1,23,0.24879
head-adapt,1,-5,0.29985
head-adapt,1,20,0.32967
head-adapt,1,-46,0.30549
head-adapt,1,-6,0.29306
head-adapt,1,-31,0.29051
head-adapt,1,-74,0.24075
head-adapt,1,-27,0.19067
head-adapt,1,-23,0.27949
head-adapt,1,-10,0.2641
head-adapt,1,7,0.26645
head-adapt,0,-93,0.20489
head-adapt,1,83,0.32339
head-adapt,0,-45,0.17803
head-adapt,1,-12,0.27454
head-adapt,0,-59,0.22218
head-adapt,0,-48,0.21598
head-adapt,0,-104,0.20968
head-adapt,0,-141,0.16805
head-adapt,1,-25,0.28409
head-adapt,1,34,0.2945
head-adapt,1,11,0.28351
head-adapt,1,-36,0.1856
head-adapt,0,-127,0.11935
head-adapt,1,-27,0.2658
head-adapt,1,-8,0.29596
head-adapt,1,-5,0.29888
head-adapt,1,-47,0.24585
head-adapt,0,-69,0.23568
head-adapt,0,-56,0.21424
head-adapt,1,-16,0.30452
head-adapt,1,-31,0.28858
head-adapt,1,28,0.29342
head-adapt,1,17,0.29438
head-adapt,1,-25,0.26229
head-adapt,1,9,0.31563
head-adapt,1,-38,0.24559
head-adapt,0,-70,0.18423
head-adapt,0,-109,0.16816
head-adapt,1,-4,0.28761
head-adapt,1,-4,0.26692
head-adapt,1,-52,0.24315
head-adapt,1,20,0.29119
head-adapt,1,13,0.29683
head-adapt,1,40,0.32803
head-adapt,0,-63,0.23517
head-adapt,1,-27,0.26076
head-adapt,1,48,0.33531
head-adapt,0,-106,0.15556
head-adapt,1,-23,0.28803
head-adapt,1,0,0.27807
head-adapt,1,-30,0.27044
head-adapt,0,-106,0.18729
head-adapt,0,-96,0.16489
head-adapt,0,-56,0.21864
head-adapt,0,-102,0.20092
head-adapt,1,-30,0.25842
head-adapt,0,-107,0.18802
head-adapt,1,5,0.30924
head-adapt,1,18,0.2891
head-adapt,0,-126,0.22019
head-adapt,0,-145,0.17314
head-adapt,1,9,0.24836
head-adapt,1,-24,0.29062
head-adapt,1,25,0.31026
head-adapt,1,29,0.33868
head-adapt,1,-56,0.26364
head-adapt,1,-25,0.32521
head-adapt,1,17,0.22769
head-adapt,1,-2,0.30837
head-adapt,1,-84,0.21392
head-adapt,0,-93,0.16776
head-adapt,1,75,0.35697
head-adapt,0,-108,0.16932
head-adapt,1,-1,0.33415
head-adapt,1,16,0.25429
head-adapt,1,1,0.33286
head-adapt,1,-36,0.28016
head-adapt,1,59,0.3322
head-adapt,1,61,0.26918
head-adapt,1,-26,0.30983
head-adapt,1,15,0.36818
head-adapt,1,62,0.33727
head-adapt,1,5,0.31362
head-adapt,1,-27,0.29757
head-adapt,1,-16,0.21906
head-adapt,0,-51,0.29026
head-adapt,0,-32,0.23217
head-adapt,0,-69,0.24562
head-adapt,1,0,0.22066
head-adapt,0,-55,0.25847
head-adapt,1,-20,0.22757
head-adapt,1,24,0.29425
head-adapt,1,5,0.3298
head-adapt,1,-17,0.29798
head-adapt,1,-25,0.33271
head-adapt,1,40,0.32068
head-adapt,0,-71,0.26089
head-adapt,1,7,0.22272
head-adapt,1,-27,0.31769
head-adapt,1,-23,0.27229
head-adapt,1,9,0.33947
head-adapt,1,13,0.35395
head-adapt,1,-35,0.28565
head-adapt,1,-48,0.2928
head-adapt,1,-55,0.19303
head-adapt,1,-37,0.28215
head-adapt,0,-76,0.24399
head-adapt,1,27,0.32853
head-adapt,1,43,0.28929
head-adapt,1,-10,0.28488
head-adapt,1,-9,0.27972
head-adapt,1,16,0.31861
head-adapt,1,27,0.30142
head-adapt,0,-65,0.2569
head-adapt,0,-42,0.27444
head-adapt,1,18,0.31016
head-adapt,1,-25,0.23044
head-adapt,0,-83,0.23485
head-adapt,0,-60,0.20834
head-adapt,1,23,0.30952
head-adapt,1,-45,0.26068
head-adapt,1,-34,0.20296
head-adapt,1,-5,0.1823
head-adapt,0,-52,0.27081
head-adapt,1,28,0.2292
head-adapt,1,-11,0.29579
head-adapt,0,-103,0.1162
head-adapt,0,-72,0.23469
head-adapt,1,-23,0.28439
head-adapt,0,-111,0.21959
head-adapt,1,-30,0.25092
head-adapt,0,-90,0.16279
head-adapt,1,40,0.29218
head-adapt,1,54,0.29422
head-adapt,0,-70,0.17428
head-adapt,0,-43,0.21779
head-adapt,1,-62,0.26762
head-adapt,1,-24,0.23901
head-adapt,0,-27,0.27266
head-adapt,1,-2,0.29068
head-adapt,1,29,0.32099
head-adapt,0,-57,0.15031
head-adapt,0,-125,0.13072
head-adapt,1,-23,0.29595
head-adapt,1,-32,0.25168
head-adapt,1,-31,0.29522
head-adapt,1,-37,0.27498
head-adapt,0,-60,0.24529
head-adapt,1,6,0.26124
head-adapt,1,5,0.26255
head-adapt,1,20,0.30249
head-adapt,1,-22,0.27902
head-adapt,0,-57,0.23784
head-adapt,0,-74,0.19445
head-adapt,1,-29,0.21203
head-adapt,0,-135,0.1836
head-adapt,1,-34,0.2301
head-adapt,1,-17,0.29961
head-adapt,0,-104,0.14923
head-adapt,1,-16,0.25494
head-adapt,1,41,0.27487
head-adapt,0,-67,0.17358
head-adapt,1,30,0.27875
head-adapt,0,-70,0.21155
head-adapt,0,-64,0.21717
head-adapt,0,-27,0.2567
head-adapt,1,-33,0.2418
head-adapt,1,68,0.31902
head-adapt,1,-9,0.23799
head-adapt,0,-56,0.24087
head-adapt,1,5,0.28736
head-adapt,1,-18,0.24664
head-adapt,1,15,0.223
head-adapt,1,-70,0.24272
head-adapt,1,12,0.31486
head-adapt,1,-57,0.22299
head-adapt,1,-26,0.26914
head-adapt,0,-59,0.2367
head-adapt,1,-18,0.24877
head-adapt,1,18,0.3019
head-adapt,1,-4,0.2606
head-adapt,0,-156,0.17474
head-adapt,1,51,0.28877
head-adapt,0,-89,0.20581
head-adapt,1,52,0.31793
head-adapt,1,-20,0.33547
head-adapt,1,-55,0.2723
head-adapt,0,-70,0.17791
head-adapt,1,-26,0.25196
head-adapt,0,-96,0.19571
head-adapt,0,-38,0.16951
head-adapt,0,-45,0.14533
head-adapt,1,58,0.33933
head-adapt,1,18,0.30883
head-adapt,0,-90,0.24035
head-adapt,1,-16,0.31147
head-adapt,1,-38,0.28259
head-adapt,0,-38,0.26032
head-adapt,1,36,0.29778
head-adapt,0,-75,0.21958
head-adapt,0,-98,0.19916
head-adapt,0,-92,0.22244
head-adapt,1,-26,0.25291
head-adapt,0,-62,0.21151
head-adapt,0,-55,0.26565
head-adapt,0,-68,0.25359
head-adapt,0,-57,0.26626
head-adapt,1,35,0.27652
head-adapt,1,14,0.30538
head-adapt,1,-38,0.23504
head-adapt,1,-37,0.25918
head-adapt,0,-69,0.2484
head-adapt,1,-22,0.28125
head-adapt,1,-34,0.2342
head-adapt,1,-5,0.26576
head-adapt,0,-107,0.19488
head-adapt,1,-9,0.29577
head-adapt,1,3,0.31609
head-adapt,1,-31,0.26957
head-adapt,1,-1,0.27952
head-adapt,0,-106,0.18256
head-adapt,1,-69,0.26982
head-adapt,1,49,0.3384
head-adapt,1,-4,0.2931
head-adapt,1,92,0.32292
head-adapt,1,6,0.2699
head-adapt,1,-16,0.23718
head-adapt,1,1,0.30843
head-adapt,0,-49,0.23271
head-adapt,0,-163,0.11706
head-adapt,0,-90,0.23551
head-adapt,1,-39,0.25501
head-adapt,1,-13,0.27446
head-adapt,0,-59,0.25359
head-adapt,0,-104,0.20307
head-adapt,1,-8,0.29284
head-adapt,1,4,0.28087
head-adapt,0,-34,0.27647
head-adapt,0,-106,0.14277
head-adapt,1,57,0.29631
head-adapt,1,-23,0.24919
head-adapt,1,-39,0.24752
head-adapt,0,-48,0.20618
head-adapt,0,-74,0.19615
head-adapt,1,-8,0.22019
head-adapt,1,-42,0.2261
head-adapt,1,51,0.32136
head-adapt,1,0,0.30573
head-adapt,1,3,0.30597
head-adapt,1,-9,0.28882
head-adapt,0,-101,0.2247
head-adapt,1,-28,0.31185
head-adapt,1,-13,0.29538
head-adapt,1,13,0.29867
head-adapt,1,12,0.29288
head-adapt,1,77,0.33813
head-adapt,1,-20,0.27892
head-adapt,1,24,0.34622
head-adapt,1,5,0.25122
head-adapt,1,-49,0.2684
head-adapt,1,42,0.35493
head-adapt,1,-63,0.26766
head-adapt,1,23,0.29175
head-adapt,1,42,0.30622
head-adapt,1,-22,0.2556
head-adapt,1,-31,0.31304
head-adapt,1,-5,0.29885
head-adapt,1,22,0.28458
head-adapt,1,-77,0.21135
head-adapt,1,-58,0.26325
head-adapt,1,4,0.28733
head-adapt,1,28,0.32255
head-adapt,1,-23,0.2536
head-adapt,0,-69,0.19567
head-adapt,1,-23,0.30496
head-adapt,0,-44,0.19526
head-adapt,1,-45,0.23245
head-adapt,0,-43,0.2585
head-adapt,0,-91,0.20101
head-adapt,1,-54,0.23045
head-adapt,1,43,0.29086
head-adapt,1,28,0.28413
head-adapt,1,-63,0.20095
head-adapt,0,-110,0.20752
head-adapt,1,37,0.30866
head-adapt,1,24,0.25034
head-adapt,1,25,0.26676
head-adapt,0,-40,0.24995
head-adapt,1,53,0.35926
head-adapt,1,-75,0.26852
head-adapt,1,25,0.29969
head-adapt,1,7,0.32762
head-adapt,1,26,0.312
head-adapt,1,-44,0.21489
head-adapt,1,31,0.28043
head-adapt,1,-65,0.25292
head-adapt,1,39,0.33017
head-adapt,0,-105,0.17837
head-adapt,1,-19,0.32619
head-adapt,1,3,0.35756
head-adapt,0,-27,0.26691
head-adapt,1,-50,0.29376
head-adapt,1,-10,0.22835
head-adapt,1,60,0.30854
head-adapt,1,-55,0.25611
head-adapt,1,24,0.30213
head-adapt,0,-81,0.2209
head-adapt,1,-19,0.25822
head-adapt,0,-145,0.20235
